source_id,target_id,relationship,source_url,source_document,page,chunk_id
ahc-model,ahc-model__var__ahc-bene-id,contains,https://resdac.org/cms-data/variables/ahc-beneficiary-identifier,data/raw/html/variable_page/c7b69e2ac1934e621c1b30a851c026f182074065.html,,ahc-model__data-documentation__2617b90539__chunk_2
ahc-model,ahc-model__var__ahc-brdg-org-id,contains,https://resdac.org/cms-data/variables/ahc-bridge-organization-identifier,data/raw/html/variable_page/ad824d7a13797ab6f0df1c358d5d77f835224ac4.html,,ahc-model__data-documentation__2617b90539__chunk_1
ahc-model,ahc-model__var__ahc-brdg-org-state-cd,contains,https://resdac.org/cms-data/variables/ahc-bridge-organization-state,data/raw/html/variable_page/02f173b8e12baec12b11a18543e011720ddc4520.html,,ahc-model__data-documentation__2617b90539__chunk_1
ahc-model,ahc-model__var__ahc-trk-cd,contains,https://resdac.org/cms-data/variables/ahc-assistance-or-alignment-track,data/raw/html/variable_page/38413af19bbb024beabe5f636e0b4cde2814c461.html,,ahc-model__data-documentation__2617b90539__chunk_2
ahc-model,ahc-model__var__bene-age-num,contains,https://resdac.org/cms-data/variables/beneficiary-age-screening,data/raw/html/variable_page/dc45eabaff581b3d04f61a5ae99d8b46fa2a0315.html,,ahc-model__data-documentation__2617b90539__chunk_0
ahc-model,ahc-model__var__bene-birth-dt,contains,https://resdac.org/cms-data/variables/beneficiary-birth-date,data/raw/html/variable_page/f4e4f79d0d6fd0f0e7dd3a226398f98e2dcb2184.html,,ahc-model__data-documentation__2617b90539__chunk_0
ahc-model,ahc-model__var__bene-edctn-cd,contains,https://resdac.org/cms-data/variables/beneficiary-education,data/raw/html/variable_page/6c0cebdfaf51bcc1ef678aec37b28b9d564d8fc2.html,,ahc-model__data-documentation__2617b90539__chunk_1
ahc-model,ahc-model__var__bene-id,contains,https://resdac.org/cms-data/variables/encrypted-ccw-beneficiary-identifier-0,data/raw/html/variable_page/9efd4e8c601b6393003c97885503f9735cda60b3.html,,ahc-model__data-documentation__2617b90539__chunk_0
ahc-model,ahc-model__var__bene-incm-rng-cd,contains,https://resdac.org/cms-data/variables/beneficiary-income,data/raw/html/variable_page/44168f90741f89a973da341a5d346180d5df072d.html,,ahc-model__data-documentation__2617b90539__chunk_1
ahc-model,ahc-model__var__bene-insrnc-type-cd,contains,https://resdac.org/cms-data/variables/beneficiary-payer-type,data/raw/html/variable_page/ad34201c231ecfa2074b9c1f26cf32ef27afbf15.html,,ahc-model__data-documentation__2617b90539__chunk_1
ahc-model,ahc-model__var__bene-prefrd-lang-txt,contains,https://resdac.org/cms-data/variables/beneficiary-preferred-language,data/raw/html/variable_page/301a121b65b7b3bf74b9bdd4f2098ab856d6f5b5.html,,ahc-model__data-documentation__2617b90539__chunk_1
ahc-model,ahc-model__var__bene-race-ethncty-cd,contains,https://resdac.org/cms-data/variables/beneficiary-race-and-ethnicity,data/raw/html/variable_page/0b3d05cd88ac2a8b64cd8c6a8b04b7e43b87d82f.html,,ahc-model__data-documentation__2617b90539__chunk_1
ahc-model,ahc-model__var__bene-sex-cd,contains,https://resdac.org/cms-data/variables/beneficiary-sex-0,data/raw/html/variable_page/5465625c599eea8f0332d0b2218217c6f95737d1.html,,ahc-model__data-documentation__2617b90539__chunk_0
ahc-model,ahc-model__var__bene-state-cd,contains,https://resdac.org/cms-data/variables/beneficiary-state,data/raw/html/variable_page/f0d4bf50834df16f2e2e9cbd800f221f304737ab.html,,ahc-model__data-documentation__2617b90539__chunk_0
ahc-model,ahc-model__var__bene-zip-cd,contains,https://resdac.org/cms-data/variables/beneficiary-zip-code,data/raw/html/variable_page/8e1b76f49666339f59f5ce1f4f3045f8a83e4460.html,,ahc-model__data-documentation__2617b90539__chunk_0
ahc-model,ahc-model__var__msis-id,contains,https://resdac.org/cms-data/variables/submitting-state-alpha-abbreviation-0,data/raw/html/variable_page/6d19b4a3085fdb0d738c1263cb808689272d1645.html,,ahc-model__data-documentation__2617b90539__chunk_0
ahc-model,ahc-model__var__msis-rfrnc-yr,contains,https://resdac.org/cms-data/files/ahc-model/data-documentation,data/raw/html/documentation_page/2617b90539062fe66e0d34c18b850febb573183e.html,,ahc-model__data-documentation__2617b90539__chunk_0
ahc-model,ahc-model__var__nc-nvgtn-actn-plan-cmplt-sw,contains,https://resdac.org/cms-data/variables/navigation-case-action-plan-complete-indicator,data/raw/html/variable_page/78c44d3d61b9c1b346da33e5a706cf96b013e5ab.html,,ahc-model__data-documentation__2617b90539__chunk_16
ahc-model,ahc-model__var__nc-nvgtn-case-id,contains,https://resdac.org/cms-data/variables/navigation-case-unique-identifier,data/raw/html/variable_page/5241f5fbfdd0e2fee923bd37dc3ad78f08ddab04.html,,ahc-model__data-documentation__2617b90539__chunk_16
ahc-model,ahc-model__var__nc-nvgtn-case-strt-dt,contains,https://resdac.org/cms-data/variables/navigation-case-opt-date,data/raw/html/variable_page/e78e61c9a8466d7e62009730f5dd00eccd9fa29f.html,,ahc-model__data-documentation__2617b90539__chunk_16
ahc-model,ahc-model__var__nc-nvgtn-case-trmntn-dt,contains,https://resdac.org/cms-data/variables/navigation-case-termination-date,data/raw/html/variable_page/e50addc39d86b34be05df95aae97706223ab77a5.html,,ahc-model__data-documentation__2617b90539__chunk_16
ahc-model,ahc-model__var__ne-nvgtr-avg-cntct-mnts-num,contains,https://resdac.org/cms-data/variables/average-duration-successful-contacts-beneficiary,data/raw/html/variable_page/5ca784d5aeca5d35a8edaf16113056f1769139b8.html,,ahc-model__data-documentation__2617b90539__chunk_20
ahc-model,ahc-model__var__ne-nvgtr-cntct-atmpt-num,contains,https://resdac.org/cms-data/variables/number-navigator-attempts-contact-beneficiary-successful-or-not,data/raw/html/variable_page/30e7a1acbaf598b52eb898036fa02b6198cf33d1.html,,ahc-model__data-documentation__2617b90539__chunk_19
ahc-model,ahc-model__var__ne-nvgtr-sucsfl-cntct-num,contains,https://resdac.org/cms-data/variables/number-navigator-successful-contacts-beneficiary,data/raw/html/variable_page/f26ab47aeb2957b24b61ca04b6d3cc4ee4c1759a.html,,ahc-model__data-documentation__2617b90539__chunk_20
ahc-model,ahc-model__var__nn-core-1-cncted-to-csp-sw,contains,https://resdac.org/cms-data/variables/least-1-core-hrsn-connected-csp-none-resolved,data/raw/html/variable_page/cfbfa96514d046e470f4a7c9716da35b8400903f.html,,ahc-model__data-documentation__2617b90539__chunk_20
ahc-model,ahc-model__var__nn-core-1-rslvd-sw,contains,https://resdac.org/cms-data/variables/least-1-core-hrsn-resolved,data/raw/html/variable_page/7804e937d87b8f0ce765fa9f7456badb2fa0a9db.html,,ahc-model__data-documentation__2617b90539__chunk_20
ahc-model,ahc-model__var__nn-core-all-cncted-to-csp-sw,contains,https://resdac.org/cms-data/variables/all-core-hrsns-connected-csp,data/raw/html/variable_page/2678bb8c999e7bbacca83d72143f79610c092ef9.html,,ahc-model__data-documentation__2617b90539__chunk_21
ahc-model,ahc-model__var__nn-core-all-csp-unavlbl-sw,contains,https://resdac.org/cms-data/variables/all-core-hrsns-csp-unavailable-or-unable-help,data/raw/html/variable_page/be1e0577b0e19b8201e53e9f5567aa4c2d55ee81.html,,ahc-model__data-documentation__2617b90539__chunk_21
ahc-model,ahc-model__var__nn-core-all-optout-nvgtn-sw,contains,https://resdac.org/cms-data/variables/all-core-hrsns-opted-out-further-navigation-services,data/raw/html/variable_page/8cf3b9e5126debad958e30c982a91512fc2df679.html,,ahc-model__data-documentation__2617b90539__chunk_21
ahc-model,ahc-model__var__nn-core-all-outcm-unk-sw,contains,https://resdac.org/cms-data/variables/all-core-hrsns-outcome-unknown,data/raw/html/variable_page/5c08c8e22af3c181f70b1989897003806163c52f.html,,ahc-model__data-documentation__2617b90539__chunk_21
ahc-model,ahc-model__var__nn-core-all-outrch-atmpt-fail-sw,contains,https://resdac.org/cms-data/variables/all-core-hrsns-attempt-reach-failed,data/raw/html/variable_page/e1ff9494bc5ce9783d4cdd36e30663ec5406bf1c.html,,ahc-model__data-documentation__2617b90539__chunk_21
ahc-model,ahc-model__var__nn-core-all-rslvd-sw,contains,https://resdac.org/cms-data/variables/all-core-hrsns-resolved,data/raw/html/variable_page/e8328f7330c375e1cde56abcd9074ab014008b94.html,,ahc-model__data-documentation__2617b90539__chunk_20
ahc-model,ahc-model__var__nn-core-food-cnct-csp-sw,contains,https://resdac.org/cms-data/variables/navigated-core-hrsn-food-connected-community-service-provider,data/raw/html/variable_page/13eed81577c842a6388e637bb45c67bdb4d6df53.html,,ahc-model__data-documentation__2617b90539__chunk_22
ahc-model,ahc-model__var__nn-core-food-cntct-fail-sw,contains,https://resdac.org/cms-data/variables/navigated-core-hrsn-food-attempts-reach-failed,data/raw/html/variable_page/491b25793c2241bfa4702b159aa4d0649f05e396.html,,ahc-model__data-documentation__2617b90539__chunk_22
ahc-model,ahc-model__var__nn-core-food-csp-unavbl-sw,contains,https://resdac.org/cms-data/variables/navigated-core-hrsn-food-community-service-provider-unable-help,data/raw/html/variable_page/0d3e6bf811e58cb36fd10a5fa033da18282e3c19.html,,ahc-model__data-documentation__2617b90539__chunk_23
ahc-model,ahc-model__var__nn-core-food-optout-sw,contains,https://resdac.org/cms-data/variables/navigated-core-hrsn-food-opted-out,data/raw/html/variable_page/4c492ce4e9b4542192f1326a8f9d2cbd89931414.html,,ahc-model__data-documentation__2617b90539__chunk_22
ahc-model,ahc-model__var__nn-core-food-outcm-unk-sw,contains,https://resdac.org/cms-data/variables/navigated-core-hrsn-food-outcome-unknown,data/raw/html/variable_page/26e487290757357605706dc8070df6ffe513ec97.html,,ahc-model__data-documentation__2617b90539__chunk_23
ahc-model,ahc-model__var__nn-core-food-rslvd-sw,contains,https://resdac.org/cms-data/variables/navigated-core-hrsn-food-resolved,data/raw/html/variable_page/1ac7d44579eb8944afcc36a68c12f6e42d8c42bf.html,,ahc-model__data-documentation__2617b90539__chunk_22
ahc-model,ahc-model__var__nn-core-housng-cnct-csp-sw,contains,https://resdac.org/cms-data/variables/navigated-core-hrsn-housing-connected-community-service-provider,data/raw/html/variable_page/f4dd4b4bc8cdde5b358d7487959a2e67d520f98f.html,,ahc-model__data-documentation__2617b90539__chunk_23
ahc-model,ahc-model__var__nn-core-housng-cntct-fail-sw,contains,https://resdac.org/cms-data/variables/navigated-core-hrsn-housing-attempts-reach-failed,data/raw/html/variable_page/fe9e37f78f0555a57a7d905ecec9819d9c125ae2.html,,ahc-model__data-documentation__2617b90539__chunk_24
ahc-model,ahc-model__var__nn-core-housng-csp-unavbl-sw,contains,https://resdac.org/cms-data/variables/navigated-core-hrsn-housing-community-service-provider-unable-help,data/raw/html/variable_page/de59f9bebf6344ca52dc0a8e58eba32a459d5375.html,,ahc-model__data-documentation__2617b90539__chunk_24
ahc-model,ahc-model__var__nn-core-housng-optout-sw,contains,https://resdac.org/cms-data/variables/navigated-core-hrsn-housing-opted-out,data/raw/html/variable_page/ee7da4ea3f966b0e326041a6b27b6d0148a30fe8.html,,ahc-model__data-documentation__2617b90539__chunk_23
ahc-model,ahc-model__var__nn-core-housng-outcm-unk-sw,contains,https://resdac.org/cms-data/variables/navigated-core-hrsn-housing-outcome-unknown,data/raw/html/variable_page/45ce020f484c1489a8371ee99ab771ed743f5365.html,,ahc-model__data-documentation__2617b90539__chunk_24
ahc-model,ahc-model__var__nn-core-housng-rslvd-sw,contains,https://resdac.org/cms-data/variables/navigated-core-hrsn-housing-resolved,data/raw/html/variable_page/bdb138dab00c8ab39f7ae2ea61a672303f7381e1.html,,ahc-model__data-documentation__2617b90539__chunk_23
ahc-model,ahc-model__var__nn-core-sfty-cnct-csp-sw,contains,https://resdac.org/cms-data/variables/navigated-core-hrsn-safety-connected-community-service-provider,data/raw/html/variable_page/0de2ba6bce37cf34592c14add802520c77d35706.html,,ahc-model__data-documentation__2617b90539__chunk_25
ahc-model,ahc-model__var__nn-core-sfty-cntct-fail-sw,contains,https://resdac.org/cms-data/variables/navigated-core-hrsn-safety-attempts-reach-failed,data/raw/html/variable_page/a88691a26d998a6ad9a8db8b0666426ba6c2437e.html,,ahc-model__data-documentation__2617b90539__chunk_25
ahc-model,ahc-model__var__nn-core-sfty-csp-unavbl-sw,contains,https://resdac.org/cms-data/variables/navigated-core-hrsn-safety-community-service-provider-unable-help,data/raw/html/variable_page/4eede161dd4c027081d8c5bd7e33087253013078.html,,ahc-model__data-documentation__2617b90539__chunk_25
ahc-model,ahc-model__var__nn-core-sfty-optout-sw,contains,https://resdac.org/cms-data/variables/navigated-core-hrsn-safety-opted-out,data/raw/html/variable_page/4fb2a336e210884f8456c21b8cbd796bb45b3daa.html,,ahc-model__data-documentation__2617b90539__chunk_25
ahc-model,ahc-model__var__nn-core-sfty-outcm-unk-sw,contains,https://resdac.org/cms-data/variables/navigated-core-hrsn-safety-outcome-unknown,data/raw/html/variable_page/900ce9ec3547d54250d0c87739d2d93d5d33bcae.html,,ahc-model__data-documentation__2617b90539__chunk_26
ahc-model,ahc-model__var__nn-core-sfty-rslvd-sw,contains,https://resdac.org/cms-data/variables/navigated-core-hrsn-safety-resolved,data/raw/html/variable_page/46f283006a13f5e212eda538b4c09759a8fd0540.html,,ahc-model__data-documentation__2617b90539__chunk_24
ahc-model,ahc-model__var__nn-core-trnsprtn-cnct-csp-sw,contains,https://resdac.org/cms-data/variables/navigated-core-hrsn-transportation-connected-community-service-provider,data/raw/html/variable_page/882909975f5c1f1a9029dda87c7a59535c47116b.html,,ahc-model__data-documentation__2617b90539__chunk_26
ahc-model,ahc-model__var__nn-core-trnsprtn-cntct-fail-sw,contains,https://resdac.org/cms-data/variables/navigated-core-hrsn-transportation-attempts-reach-failed,data/raw/html/variable_page/66e86028cebf8a297bc8465298ac0239f4ba0eb3.html,,ahc-model__data-documentation__2617b90539__chunk_26
ahc-model,ahc-model__var__nn-core-trnsprtn-csp-unavbl-sw,contains,https://resdac.org/cms-data/variables/navigated-core-hrsn-transportation-community-service-provider-unable-help,data/raw/html/variable_page/a45dfa43ac9fa582ad325cbf4554bb18bac1c62c.html,,ahc-model__data-documentation__2617b90539__chunk_27
ahc-model,ahc-model__var__nn-core-trnsprtn-optout-sw,contains,https://resdac.org/cms-data/variables/navigated-core-hrsn-transportation-opted-out,data/raw/html/variable_page/9628a998ea2bc88fdfd4e0c5371ef85ccaf32d18.html,,ahc-model__data-documentation__2617b90539__chunk_26
ahc-model,ahc-model__var__nn-core-trnsprtn-outcm-unk-sw,contains,https://resdac.org/cms-data/variables/navigated-core-hrsn-transportation-outcome-unknown,data/raw/html/variable_page/26eb2a28d2a6a75d9ff0def2ed5b039ae45404b2.html,,ahc-model__data-documentation__2617b90539__chunk_27
ahc-model,ahc-model__var__nn-core-trnsprtn-rslvd-sw,contains,https://resdac.org/cms-data/variables/navigated-core-hrsn-transportation-resolved,data/raw/html/variable_page/194873a7fcaba6aa12333bcb50fc1190c27e996f.html,,ahc-model__data-documentation__2617b90539__chunk_26
ahc-model,ahc-model__var__nn-core-utilities-cnct-csp-sw,contains,https://resdac.org/cms-data/variables/navigated-core-hrsn-utilities-connected-community-service-provider,data/raw/html/variable_page/0b5f66f202e4b71e8c5ea325da5df6f11869a9e5.html,,ahc-model__data-documentation__2617b90539__chunk_27
ahc-model,ahc-model__var__nn-core-utilities-cntct-fail-sw,contains,https://resdac.org/cms-data/variables/navigated-core-hrsn-utilities-attempts-reach-failed,data/raw/html/variable_page/b0a703540e47f8bacaa955d192e701d026055744.html,,ahc-model__data-documentation__2617b90539__chunk_28
ahc-model,ahc-model__var__nn-core-utilities-csp-unavbl-sw,contains,https://resdac.org/cms-data/variables/navigated-core-hrsn-utilities-community-service-provider-unable-help,data/raw/html/variable_page/501f3397623b5be07737e32dc571ed4e040f3c0e.html,,ahc-model__data-documentation__2617b90539__chunk_28
ahc-model,ahc-model__var__nn-core-utilities-optout-sw,contains,https://resdac.org/cms-data/variables/navigated-core-hrsn-utilities-opted-out,data/raw/html/variable_page/48bee6163a59b325266242cc17890bb04bd05abc.html,,ahc-model__data-documentation__2617b90539__chunk_28
ahc-model,ahc-model__var__nn-core-utilities-outcm-unk-sw,contains,https://resdac.org/cms-data/variables/navigated-core-hrsn-utilities-outcome-unknown,data/raw/html/variable_page/dd8d48cde812dc98a3d550e0ad0eaea089a4313b.html,,ahc-model__data-documentation__2617b90539__chunk_28
ahc-model,ahc-model__var__nn-core-utilities-rslvd-sw,contains,https://resdac.org/cms-data/variables/navigated-core-hrsn-utilities-resolved,data/raw/html/variable_page/3b717f827460d4ceb3d8cf6c1aa4c07829d47a17.html,,ahc-model__data-documentation__2617b90539__chunk_27
ahc-model,ahc-model__var__nn-nvgtd-core-food-sw,contains,https://resdac.org/cms-data/variables/navigated-core-hrsn-food-indicator,data/raw/html/variable_page/840912b12b085952f295b2eceac47f7768494cb3.html,,ahc-model__data-documentation__2617b90539__chunk_16
ahc-model,ahc-model__var__nn-nvgtd-core-housng-sw,contains,https://resdac.org/cms-data/variables/navigated-core-hrsn-housing-indicator,data/raw/html/variable_page/448a25f3171890f206eb508d5a2fca773a8701c3.html,,ahc-model__data-documentation__2617b90539__chunk_17
ahc-model,ahc-model__var__nn-nvgtd-core-sfty-sw,contains,https://resdac.org/cms-data/variables/navigated-core-hrsn-safety-indicator,data/raw/html/variable_page/c4095a5091208c4536d63ba98221001c133b6a76.html,,ahc-model__data-documentation__2617b90539__chunk_17
ahc-model,ahc-model__var__nn-nvgtd-core-trnsprtn-sw,contains,https://resdac.org/cms-data/variables/navigated-core-hrsn-transportation-indicator,data/raw/html/variable_page/7bed125a60fdbf76499f23eb638696579c663754.html,,ahc-model__data-documentation__2617b90539__chunk_17
ahc-model,ahc-model__var__nn-nvgtd-core-utilities-sw,contains,https://resdac.org/cms-data/variables/navigated-core-hrsn-utilities-indicator,data/raw/html/variable_page/e02da0e80b7b574a9d9cdc7a8a2e765abcd6719f.html,,ahc-model__data-documentation__2617b90539__chunk_17
ahc-model,ahc-model__var__nn-nvgtd-splmtl-dsblty-sw,contains,https://resdac.org/cms-data/variables/navigated-supplemental-hrsn-disability-indicator,data/raw/html/variable_page/b72dd4daac9f9e233bec58a1869e1f53b4e42e71.html,,ahc-model__data-documentation__2617b90539__chunk_17
ahc-model,ahc-model__var__nn-nvgtd-splmtl-edctn-sw,contains,https://resdac.org/cms-data/variables/navigated-supplemental-hrsn-education-indicator,data/raw/html/variable_page/cedeb0dee61c07d41f38ce0a1408c778b499d9a7.html,,ahc-model__data-documentation__2617b90539__chunk_18
ahc-model,ahc-model__var__nn-nvgtd-splmtl-emplymt-sw,contains,https://resdac.org/cms-data/variables/navigated-supplemental-hrsn-employment-indicator,data/raw/html/variable_page/7856ddc400f6d34e104910f7609f66d39c80f69b.html,,ahc-model__data-documentation__2617b90539__chunk_18
ahc-model,ahc-model__var__nn-nvgtd-splmtl-fincl-sw,contains,https://resdac.org/cms-data/variables/navigated-supplemental-hrsn-financial-strain-indicator,data/raw/html/variable_page/19dffab6eb3f1e2b99edeaac8d25f71704074e56.html,,ahc-model__data-documentation__2617b90539__chunk_18
ahc-model,ahc-model__var__nn-nvgtd-splmtl-fmly-cmnty-sw,contains,https://resdac.org/cms-data/variables/navigated-supplemental-hrsn-family-and-community-support-indicator,data/raw/html/variable_page/7d3afd4845c3eff889d2be36e8dce398a8eebcd9.html,,ahc-model__data-documentation__2617b90539__chunk_18
ahc-model,ahc-model__var__nn-nvgtd-splmtl-mh-sw,contains,https://resdac.org/cms-data/variables/navigated-supplemental-hrsn-mental-health-indicator,data/raw/html/variable_page/428ccf532d671c6071303589cd218327f993ec6b.html,,ahc-model__data-documentation__2617b90539__chunk_19
ahc-model,ahc-model__var__nn-nvgtd-splmtl-phys-actvty-sw,contains,https://resdac.org/cms-data/variables/navigated-supplemental-hrsn-physical-activity-indicator,data/raw/html/variable_page/5b4d57331005cec659cf07796bbf874696595b7a.html,,ahc-model__data-documentation__2617b90539__chunk_34
ahc-model,ahc-model__var__nn-nvgtd-splmtl-sbstnc-use-sw,contains,https://resdac.org/cms-data/variables/navigated-supplemental-hrsn-substance-use-indicator,data/raw/html/variable_page/1d73ef6633714c08a73d93d7aae97e68185bc760.html,,ahc-model__data-documentation__2617b90539__chunk_19
ahc-model,ahc-model__var__nn-splmtl-dsblts-cnct-csp-sw,contains,https://resdac.org/cms-data/variables/navigated-supplemental-hrsn-disability-connected-community-service-provider,data/raw/html/variable_page/d230811de68696fe0f3ec93713e7381f982fa0fe.html,,ahc-model__data-documentation__2617b90539__chunk_29
ahc-model,ahc-model__var__nn-splmtl-dsblts-cntct-fail-sw,contains,https://resdac.org/cms-data/variables/navigated-supplemental-hrsn-disability-attempts-reach-failed,data/raw/html/variable_page/eed5e23186ad24a76f1a308594cb797047968bcf.html,,ahc-model__data-documentation__2617b90539__chunk_29
ahc-model,ahc-model__var__nn-splmtl-dsblts-csp-unavbl-sw,contains,https://resdac.org/cms-data/variables/navigated-supplemental-hrsn-disability-community-service-provider-unable-help,data/raw/html/variable_page/45c49fa21901c387130d8231d8cda6ded9cc54b3.html,,ahc-model__data-documentation__2617b90539__chunk_30
ahc-model,ahc-model__var__nn-splmtl-dsblts-optout-sw,contains,https://resdac.org/cms-data/variables/navigated-supplemental-hrsn-disability-opted-out,data/raw/html/variable_page/0dac9c751d12dd12c122485a777715049357f030.html,,ahc-model__data-documentation__2617b90539__chunk_29
ahc-model,ahc-model__var__nn-splmtl-dsblts-outcm-unk-sw,contains,https://resdac.org/cms-data/variables/navigated-supplemental-hrsn-disability-outcome-unknown,data/raw/html/variable_page/28202be5c683f93b5ea81e1b407521ffc6af03f9.html,,ahc-model__data-documentation__2617b90539__chunk_30
ahc-model,ahc-model__var__nn-splmtl-dsblts-rslvd-sw,contains,https://resdac.org/cms-data/variables/navigated-supplemental-hrsn-disability-resolved,data/raw/html/variable_page/b75f6c84b6602591d15d7f165b01d7307d2326a7.html,,ahc-model__data-documentation__2617b90539__chunk_29
ahc-model,ahc-model__var__nn-splmtl-edctn-cnct-csp-sw,contains,https://resdac.org/cms-data/variables/navigated-supplemental-hrsn-education-connected-community-service-provider,data/raw/html/variable_page/ef17e340527fe0ccd6e832c6ee09a88d493cf9df.html,,ahc-model__data-documentation__2617b90539__chunk_31
ahc-model,ahc-model__var__nn-splmtl-edctn-cntct-fail-sw,contains,https://resdac.org/cms-data/variables/navigated-supplemental-hrsn-education-attempts-reach-failed,data/raw/html/variable_page/d9ecdc67705da05b58375814373a8e0e0aa03f5a.html,,ahc-model__data-documentation__2617b90539__chunk_31
ahc-model,ahc-model__var__nn-splmtl-edctn-csp-unavbl-sw,contains,https://resdac.org/cms-data/variables/navigated-supplemental-hrsn-education-community-service-provider-unable-help,data/raw/html/variable_page/777aa1631c1755ffd770fa6c16e9116a3c88434a.html,,ahc-model__data-documentation__2617b90539__chunk_31
ahc-model,ahc-model__var__nn-splmtl-edctn-optout-sw,contains,https://resdac.org/cms-data/variables/navigated-supplemental-hrsn-education-opted-out,data/raw/html/variable_page/2c70f4a861aaa263ff10e189409468bc0f356a84.html,,ahc-model__data-documentation__2617b90539__chunk_31
ahc-model,ahc-model__var__nn-splmtl-edctn-outcm-unk-sw,contains,https://resdac.org/cms-data/variables/navigated-supplemental-hrsn-education-outcome-unknown,data/raw/html/variable_page/4c1ec2d99b4020a25bf5251d0394a6c574c11db9.html,,ahc-model__data-documentation__2617b90539__chunk_32
ahc-model,ahc-model__var__nn-splmtl-edctn-rslvd-sw,contains,https://resdac.org/cms-data/variables/navigated-supplemental-hrsn-education-resolved,data/raw/html/variable_page/fa2eb44cfe2673aae7136a55ce134d879d84b9a5.html,,ahc-model__data-documentation__2617b90539__chunk_30
ahc-model,ahc-model__var__nn-splmtl-emplymt-cnct-csp-sw,contains,https://resdac.org/cms-data/variables/navigated-supplemental-hrsn-employment-connected-community-service-provider,data/raw/html/variable_page/54a7a2d6526745f37bff544ca0d53aa1a57d0cf9.html,,ahc-model__data-documentation__2617b90539__chunk_32
ahc-model,ahc-model__var__nn-splmtl-emplymt-cntct-fail-sw,contains,https://resdac.org/cms-data/variables/navigated-supplemental-hrsn-employment-attempts-reach-failed,data/raw/html/variable_page/ab08be794469700e6d4e3c0ffe2f83d9b28d84ee.html,,ahc-model__data-documentation__2617b90539__chunk_33
ahc-model,ahc-model__var__nn-splmtl-emplymt-csp-unavbl-sw,contains,https://resdac.org/cms-data/variables/navigated-supplemental-hrsn-employment-community-service-provider-unable-help,data/raw/html/variable_page/60d6bf5e725d526ebdd6ff27270febbcbdf2acad.html,,ahc-model__data-documentation__2617b90539__chunk_33
ahc-model,ahc-model__var__nn-splmtl-emplymt-optout-sw,contains,https://resdac.org/cms-data/variables/navigated-supplemental-hrsn-employment-opted-out,data/raw/html/variable_page/1353e0129445ce69b911b518e4f9f1748f67c98e.html,,ahc-model__data-documentation__2617b90539__chunk_32
ahc-model,ahc-model__var__nn-splmtl-emplymt-outcm-unk-sw,contains,https://resdac.org/cms-data/variables/navigated-supplemental-hrsn-employment-outcome-unknown,data/raw/html/variable_page/75ab7a0ca0ab6ccd4539e7c67ee21b731ea5e7b2.html,,ahc-model__data-documentation__2617b90539__chunk_33
ahc-model,ahc-model__var__nn-splmtl-emplymt-rslvd-sw,contains,https://resdac.org/cms-data/variables/navigated-supplemental-hrsn-employment-resolved,data/raw/html/variable_page/6733e906ae77bde0846fbb0706e681d613374db1.html,,ahc-model__data-documentation__2617b90539__chunk_32
ahc-model,ahc-model__var__nn-splmtl-fincl-cnct-csp-sw,contains,https://resdac.org/cms-data/variables/navigated-supplemental-hrsn-financial-strain-connected-community-service,data/raw/html/variable_page/162d744cf88382932111f96b2e4f86c4dff5184c.html,,ahc-model__data-documentation__2617b90539__chunk_36
ahc-model,ahc-model__var__nn-splmtl-fincl-cntct-fail-sw,contains,https://resdac.org/cms-data/variables/navigated-supplemental-hrsn-financial-strain-attempts-reach-failed,data/raw/html/variable_page/92930be2038bbdc868abdd9873922a063764377f.html,,ahc-model__data-documentation__2617b90539__chunk_36
ahc-model,ahc-model__var__nn-splmtl-fincl-csp-unavbl-sw,contains,https://resdac.org/cms-data/variables/navigated-supplemental-hrsn-financial-strain-community-service-provider-unable,data/raw/html/variable_page/198307d44f74a846e730073c27f4d2a45e8c7ccd.html,,ahc-model__data-documentation__2617b90539__chunk_36
ahc-model,ahc-model__var__nn-splmtl-fincl-optout-sw,contains,https://resdac.org/cms-data/variables/navigated-supplemental-hrsn-financial-strain-opted-out,data/raw/html/variable_page/188b831faf1bf477c9e4420bfaae00c57342d4c4.html,,ahc-model__data-documentation__2617b90539__chunk_36
ahc-model,ahc-model__var__nn-splmtl-fincl-outcm-unk-sw,contains,https://resdac.org/cms-data/variables/navigated-supplemental-hrsn-financial-strain-outcome-unknown,data/raw/html/variable_page/d4f7a04ad5874f5c7d2873bd048298adca27e483.html,,ahc-model__data-documentation__2617b90539__chunk_37
ahc-model,ahc-model__var__nn-splmtl-mh-cnct-csp-sw,contains,https://resdac.org/cms-data/variables/navigated-supplemental-hrsn-mental-health-connected-community-service-provider-0,data/raw/html/variable_page/5bbdfeacb3213ac78f55639e2d866e0f22ead26a.html,,ahc-model__data-documentation__2617b90539__chunk_37
ahc-model,ahc-model__var__nn-splmtl-mh-cntct-fail-sw,contains,https://resdac.org/cms-data/variables/navigated-supplemental-hrsn-mental-health-attempts-reach-failed-0,data/raw/html/variable_page/85c32921252d9d62e4ecfb39973482aca3bf2519.html,,ahc-model__data-documentation__2617b90539__chunk_38
ahc-model,ahc-model__var__nn-splmtl-mh-csp-unavbl-sw,contains,https://resdac.org/cms-data/variables/navigated-supplemental-hrsn-mental-health-community-service-provider-unable-help,data/raw/html/variable_page/78b404d2d5240cbda5e0ca4832c3fec49707348c.html,,ahc-model__data-documentation__2617b90539__chunk_38
ahc-model,ahc-model__var__nn-splmtl-mh-optout-sw,contains,https://resdac.org/cms-data/variables/navigated-supplemental-hrsn-mental-health-opted-out,data/raw/html/variable_page/7305cf02d92b6e2152713c0314edd4b8ce1451bc.html,,ahc-model__data-documentation__2617b90539__chunk_37
ahc-model,ahc-model__var__nn-splmtl-mh-outcm-unk-sw,contains,https://resdac.org/cms-data/variables/navigated-supplemental-hrsn-mental-health-outcome-unknown,data/raw/html/variable_page/189f5eca4e098fcca5c1d7e3123330df135b5f40.html,,ahc-model__data-documentation__2617b90539__chunk_38
ahc-model,ahc-model__var__nn-splmtl-mh-rslvd-sw,contains,https://resdac.org/cms-data/variables/navigated-supplemental-hrsn-mental-health-resolved,data/raw/html/variable_page/ea020d67377dd8e0c6935ba733afee38dbeeefb4.html,,ahc-model__data-documentation__2617b90539__chunk_37
ahc-model,ahc-model__var__nn-splmt-fmly-cmnt-cnct-csp-sw,contains,https://resdac.org/cms-data/variables/navigated-supplemental-hrsn-family-and-community-support-connected-community,data/raw/html/variable_page/754de74d7f13b687b798fafac5399c91650a1626.html,,ahc-model__data-documentation__2617b90539__chunk_34
ahc-model,ahc-model__var__nn-splmt-fmly-cmnt-cntct-fail-sw,contains,https://resdac.org/cms-data/variables/navigated-supplemental-hrsn-family-and-community-support-attempts-reach-failed,data/raw/html/variable_page/b361d6ad9c412b343621f0c6af38d12a75d7cbd2.html,,ahc-model__data-documentation__2617b90539__chunk_34
ahc-model,ahc-model__var__nn-splmt-fmly-cmnt-csp-unavbl-sw,contains,https://resdac.org/cms-data/variables/navigated-supplemental-hrsn-family-and-community-support-community-service,data/raw/html/variable_page/1fd2608b958f85762fda939be5ed045e0cc6a268.html,,ahc-model__data-documentation__2617b90539__chunk_35
ahc-model,ahc-model__var__nn-splmt-fmly-cmnt-outcm-unk-sw,contains,https://resdac.org/cms-data/variables/navigated-supplemental-hrsn-family-and-community-support-outcome-unknown,data/raw/html/variable_page/56ef1c6f86a73b4d79525855fb125235301aa75b.html,,ahc-model__data-documentation__2617b90539__chunk_35
ahc-model,ahc-model__var__nn-splmt-fmly-cmnt-rslvd-sw,contains,https://resdac.org/cms-data/variables/navigated-supplemental-hrsn-family-and-community-support-resolved,data/raw/html/variable_page/3a326d801e1c8896c6608f9e6efb6413237507d4.html,,ahc-model__data-documentation__2617b90539__chunk_33
ahc-model,ahc-model__var__nn-splmt-phys-act-cnct-csp-sw,contains,https://resdac.org/cms-data/variables/navigated-supplemental-hrsn-physical-activity-connected-community-service,data/raw/html/variable_page/bb6d30d3972afea49624fb8a99c917c63419f769.html,,ahc-model__data-documentation__2617b90539__chunk_39
ahc-model,ahc-model__var__nn-splmt-phys-act-cntct-fail-sw,contains,https://resdac.org/cms-data/variables/navigated-supplemental-hrsn-physical-activity-attempts-reach-failed,data/raw/html/variable_page/3a13d470d34a0ddf8f818a7a946728202cb3605c.html,,ahc-model__data-documentation__2617b90539__chunk_39
ahc-model,ahc-model__var__nn-splmt-phys-act-csp-unavbl-sw,contains,https://resdac.org/cms-data/variables/navigated-supplemental-hrsn-physical-activity-community-service-provider-unable,data/raw/html/variable_page/691e6ce14ad0e4d690000984127c5b64c39495af.html,,ahc-model__data-documentation__2617b90539__chunk_40
ahc-model,ahc-model__var__nn-splmt-phys-act-optout-sw,contains,https://resdac.org/cms-data/variables/navigated-supplemental-hrsn-physical-activity-opted-out,data/raw/html/variable_page/88b37d57d55adc55ae6b15deb985b2c899b3f99c.html,,ahc-model__data-documentation__2617b90539__chunk_39
ahc-model,ahc-model__var__nn-splmt-phys-act-outcm-unk-sw,contains,https://resdac.org/cms-data/variables/navigated-supplemental-hrsn-physical-activity-outcome-unknown,data/raw/html/variable_page/9c071db7d016fa23b0d522a0b29a138b259cfdd1.html,,ahc-model__data-documentation__2617b90539__chunk_40
ahc-model,ahc-model__var__nn-splmt-phys-act-rslvd-sw,contains,https://resdac.org/cms-data/variables/navigated-supplemental-hrsn-physical-activity-resolved,data/raw/html/variable_page/f71ea169611dcad11ccdb3c1a4c77f6fafb0eb6c.html,,ahc-model__data-documentation__2617b90539__chunk_38
ahc-model,ahc-model__var__nn-splmt-sbstn-use-cnct-csp-sw,contains,https://resdac.org/cms-data/variables/navigated-supplemental-hrsn-substance-use-connected-community-service-provider,data/raw/html/variable_page/0086bcf794b8161740487a46553fdf76cfbfd9a4.html,,ahc-model__data-documentation__2617b90539__chunk_41
ahc-model,ahc-model__var__nn-splmt-sbstn-use-cntct-fail-sw,contains,https://resdac.org/cms-data/variables/navigated-supplemental-hrsn-substance-use-attempts-reach-failed,data/raw/html/variable_page/aa3fc9a1fdaecbf8ee22db9eb00371a17e3158b8.html,,ahc-model__data-documentation__2617b90539__chunk_41
ahc-model,ahc-model__var__nn-splmt-sbstn-use-csp-unavbl-sw,contains,https://resdac.org/cms-data/variables/navigated-supplemental-hrsn-substance-use-community-service-provider-unable-help,data/raw/html/variable_page/765c584fba595b7557f1a97c589520a1558bb70b.html,,ahc-model__data-documentation__2617b90539__chunk_41
ahc-model,ahc-model__var__nn-splmt-sbstn-use-optout-sw,contains,https://resdac.org/cms-data/variables/navigated-supplemental-hrsn-substance-use-opted-out,data/raw/html/variable_page/39ec92224c149662afc413db62b343cf31e9909c.html,,ahc-model__data-documentation__2617b90539__chunk_41
ahc-model,ahc-model__var__nn-splmt-sbstn-use-outcm-unk-sw,contains,https://resdac.org/cms-data/variables/navigated-supplemental-hrsn-substance-use-outcome-unknown,data/raw/html/variable_page/31ccb2ecb313a752d33b272eeb0d69bf1c242b13.html,,ahc-model__data-documentation__2617b90539__chunk_42
ahc-model,ahc-model__var__nn-splmt-sbstn-use-rslvd-sw,contains,https://resdac.org/cms-data/variables/navigated-supplemental-hrsn-substance-use-resolved,data/raw/html/variable_page/d27d93c2c41aa0cead26db599df244a14f896f39.html,,ahc-model__data-documentation__2617b90539__chunk_40
ahc-model,ahc-model__var__sr-cn-hrsn-yn,contains,https://www2.ccwdata.org/documents/10280/19022436/codebook-ahc.pdf,data/raw/assets/pdf/2ecadb1aec0f9d6e0f07a7cc628ccf35b46ec6c5.pdf,155,ahc-model__codebook-ahc_pdf__2ecadb1aec__p155__chunk_1
ahc-model,ahc-model__var__sr-core-food-1-cd,contains,https://resdac.org/cms-data/variables/core-hrsn-food-1-worried-food-would-run-out-got-money-more,data/raw/html/variable_page/8ba11e39d4a94d9ce12ae0afd43cc8766e04eadb.html,,ahc-model__data-documentation__2617b90539__chunk_2
ahc-model,ahc-model__var__sr-core-food-2-cd,contains,https://resdac.org/cms-data/variables/core-hrsn-food-2-food-bought-didnt-last-and-didnt-have-money-get-more,data/raw/html/variable_page/f1b636eb8eb6da54da223f483ac61739ec5d10d3.html,,ahc-model__data-documentation__2617b90539__chunk_3
ahc-model,ahc-model__var__sr-core-food-ovrl-scrng-ind,contains,https://resdac.org/cms-data/variables/screened-core-hrsn-food-overall-indicator,data/raw/html/variable_page/55fd54fe44a7d6ce18e445ebcc7e8493e932b0c0.html,,ahc-model__data-documentation__2617b90539__chunk_3
ahc-model,ahc-model__var__sr-core-housng-1-cd,contains,https://resdac.org/cms-data/variables/core-hrsn-housing-1-current-living-situation,data/raw/html/variable_page/f3434d7c42bd2bc3e894861cf21e432099a4bb17.html,,ahc-model__data-documentation__2617b90539__chunk_3
ahc-model,ahc-model__var__sr-core-housng-2-heat-sw,contains,https://resdac.org/cms-data/variables/core-hrsn-housing-2-heat-inadequate,data/raw/html/variable_page/d04af328abcaf3b6980b571cf5aa3536bc30c5da.html,,ahc-model__data-documentation__2617b90539__chunk_3
ahc-model,ahc-model__var__sr-core-housng-2-lead-sw,contains,https://resdac.org/cms-data/variables/core-hrsn-housing-2-lead-paint-pipes,data/raw/html/variable_page/64d33f8d5252bf14ec899dc6fd1e7c993969ac83.html,,ahc-model__data-documentation__2617b90539__chunk_3
ahc-model,ahc-model__var__sr-core-housng-2-mold-sw,contains,https://resdac.org/cms-data/variables/core-hrsn-housing-2-mold,data/raw/html/variable_page/5ef05e6fa2629284a1b896d159de3a73f8d70711.html,,ahc-model__data-documentation__2617b90539__chunk_4
ahc-model,ahc-model__var__sr-core-housng-2-oven-sw,contains,https://resdac.org/cms-data/variables/core-hrsn-housing-2-oven-not-working,data/raw/html/variable_page/b432830c5802e104c8c86457e80a501b16407cef.html,,ahc-model__data-documentation__2617b90539__chunk_4
ahc-model,ahc-model__var__sr-core-housng-2-pests-sw,contains,https://resdac.org/cms-data/variables/core-hrsn-housing-2-pests,data/raw/html/variable_page/79381f443cc1bf63162f994417a889d1097e9a9c.html,,ahc-model__data-documentation__2617b90539__chunk_4
ahc-model,ahc-model__var__sr-core-housng-2-prblm-cnt,contains,https://resdac.org/cms-data/variables/core-hrsn-housing-2-number-problems,data/raw/html/variable_page/48681e174a95cf812786ee7799bca5fc7b2cbc61.html,,ahc-model__data-documentation__2617b90539__chunk_5
ahc-model,ahc-model__var__sr-core-housng-2-scrng-cmpst-ind,contains,https://resdac.org/cms-data/variables/core-hrsn-housing-2-problems-composite,data/raw/html/variable_page/ff95c324d5d5d1c0f33719a26b9b175794218e59.html,,ahc-model__data-documentation__2617b90539__chunk_5
ahc-model,ahc-model__var__sr-core-housng-2-smk-dtctr-sw,contains,https://resdac.org/cms-data/variables/core-hrsn-housing-2-smoke-detector-not-working,data/raw/html/variable_page/d734a22f1af23ecce836147d9cb9241cb36d529a.html,,ahc-model__data-documentation__2617b90539__chunk_4
ahc-model,ahc-model__var__sr-core-housng-2-wtr-leak-sw,contains,https://resdac.org/cms-data/variables/core-hrsn-housing-2-water-leaks,data/raw/html/variable_page/2386d5096ad677f7740cbc4ded3cd41b7e7404b7.html,,ahc-model__data-documentation__2617b90539__chunk_4
ahc-model,ahc-model__var__sr-core-housng-ovrl-scrng-ind,contains,https://resdac.org/cms-data/variables/screened-core-hrsn-housing-overall-indicator,data/raw/html/variable_page/3b30bc08ab29b0f99fb8e70cc9a0c33d8f4d030a.html,,ahc-model__data-documentation__2617b90539__chunk_5
ahc-model,ahc-model__var__sr-core-sfty-1-cd,contains,https://resdac.org/cms-data/variables/core-hrsn-safety-1-how-often-physically-hurt,data/raw/html/variable_page/dda78ca8e46f439d1c24d61cf186d9b76f38cb81.html,,ahc-model__data-documentation__2617b90539__chunk_5
ahc-model,ahc-model__var__sr-core-sfty-2-cd,contains,https://resdac.org/cms-data/variables/core-hrsn-safety-2-how-often-insulted,data/raw/html/variable_page/59c5eccce5624bf18f3433eff7b45b7881665c5b.html,,ahc-model__data-documentation__2617b90539__chunk_5
ahc-model,ahc-model__var__sr-core-sfty-3-cd,contains,https://resdac.org/cms-data/variables/core-hrsn-safety-3-how-often-threatened,data/raw/html/variable_page/22ce2cb04615df24102ea043cd94eb3ac07e1eb0.html,,ahc-model__data-documentation__2617b90539__chunk_6
ahc-model,ahc-model__var__sr-core-sfty-4-cd,contains,https://resdac.org/cms-data/variables/core-hrsn-safety-4-how-often-screamed-or-cursed,data/raw/html/variable_page/2caba3e7badfac09d8e9fdb6297389e54a8a4a73.html,,ahc-model__data-documentation__2617b90539__chunk_6
ahc-model,ahc-model__var__sr-core-sfty-ovrl-scrng-ind,contains,https://resdac.org/cms-data/variables/screened-core-hrsn-safety-overall-indicator,data/raw/html/variable_page/675505cf14d804854930ed41e0eb5e4d15d47420.html,,ahc-model__data-documentation__2617b90539__chunk_6
ahc-model,ahc-model__var__sr-core-trnsprtn-1-sw,contains,https://resdac.org/cms-data/variables/core-hrsn-transportation-1-lack-reliable-transportation,data/raw/html/variable_page/03c24fa49ebe0b282b6ffcab56c282e247aec459.html,,ahc-model__data-documentation__2617b90539__chunk_6
ahc-model,ahc-model__var__sr-core-trnsprtn-ovrl-scrng-ind,contains,https://resdac.org/cms-data/variables/screened-core-hrsn-transportation-overall-indicator,data/raw/html/variable_page/18a73aa4251334b5ff58012ab49c18cc474c2c7b.html,,ahc-model__data-documentation__2617b90539__chunk_6
ahc-model,ahc-model__var__sr-core-utilities-1-cd,contains,https://resdac.org/cms-data/variables/core-hrsn-utility-1-utility-company-threatened-shut-services-home,data/raw/html/variable_page/8b559eabe9dba03aa827ed815de81a83f0f5c5e8.html,,ahc-model__data-documentation__2617b90539__chunk_7
ahc-model,ahc-model__var__sr-core-utlty-ovrl-scrng-ind,contains,https://resdac.org/cms-data/variables/screened-core-hrsn-utilities-overall-indicator,data/raw/html/variable_page/975bff761ec14cf3abcf6635f3ddaa1a722a7b4b.html,,ahc-model__data-documentation__2617b90539__chunk_7
ahc-model,ahc-model__var__sr-ed-last-12-mos,contains,https://www2.ccwdata.org/documents/10280/19022436/codebook-ahc.pdf,data/raw/assets/pdf/2ecadb1aec0f9d6e0f07a7cc628ccf35b46ec6c5.pdf,155,ahc-model__codebook-ahc_pdf__2ecadb1aec__p155__chunk_1
ahc-model,ahc-model__var__sr-elgbl-for-nvgtn-ind,contains,https://resdac.org/cms-data/variables/beneficiary-eligibility-navigation-includes-track-1-control-group-benes,data/raw/html/variable_page/25349989c96806ffd0ddb70da7f0e2dab0fb8512.html,,ahc-model__data-documentation__2617b90539__chunk_15
ahc-model,ahc-model__var__sr-er-visits-cd,contains,https://resdac.org/cms-data/variables/beneficiary-number-ed-visits-last-12-months,data/raw/html/variable_page/8f87ac4e525a836db5f51b967958b6f7a7665559.html,,ahc-model__data-documentation__2617b90539__chunk_15
ahc-model,ahc-model__var__sr-grp-asgnmt-ind,contains,https://resdac.org/cms-data/variables/beneficiary-group-assignment-assistance-track,data/raw/html/variable_page/91cce719d7441fef6fe41b8bed0d1195d4301270.html,,ahc-model__data-documentation__2617b90539__chunk_15
ahc-model,ahc-model__var__sr-has-core-hrsn-ind,contains,https://resdac.org/cms-data/variables/beneficiary-has-least-1-core-hrsn,data/raw/html/variable_page/1fbcbfce7cb4f3ec8a489a518ff63a10a703516f.html,,ahc-model__data-documentation__2617b90539__chunk_15
ahc-model,ahc-model__var__sr-nvgtn-opt-in-out-dt,contains,https://resdac.org/cms-data/variables/navigation-case-opt-inout-date,data/raw/html/variable_page/103c67ca7b72f478b043c6d5f89ec6905e084006.html,,ahc-model__data-documentation__2617b90539__chunk_16
ahc-model,ahc-model__var__sr-nvgtn-opt-in-out-ind,contains,https://resdac.org/cms-data/variables/beneficiary-opted-or-out-navigation-services,data/raw/html/variable_page/b2daa40f119b9c4a4bf35771f9e86cb531abbc0f.html,,ahc-model__data-documentation__2617b90539__chunk_15
ahc-model,ahc-model__var__sr-scrng-before-drng-aftr-cd,contains,https://resdac.org/cms-data/variables/did-screening-occur-during-or-after-visit,data/raw/html/variable_page/3ed953e99b6861fb94c58fb5dc2969ce33647de5.html,,ahc-model__data-documentation__2617b90539__chunk_2
ahc-model,ahc-model__var__sr-scrng-dt,contains,https://resdac.org/cms-data/variables/screening-date,data/raw/html/variable_page/1ba8fbbb38ef3bbe329ad28e082734e09a901469.html,,ahc-model__data-documentation__2617b90539__chunk_2
ahc-model,ahc-model__var__sr-scrng-id,contains,https://resdac.org/cms-data/variables/screening-identifier,data/raw/html/variable_page/b10a7a1a875e2889652d1b605e248c6861a9d780.html,,ahc-model__data-documentation__2617b90539__chunk_2
ahc-model,ahc-model__var__sr-splmtl-dsblts-1-sw,contains,https://resdac.org/cms-data/variables/supplemental-hrsn-disability-1-serious-difficulty-concentrating-remembering-or,data/raw/html/variable_page/497b73f867e8febf608555cf229ce7d40b0efc1c.html,,ahc-model__data-documentation__2617b90539__chunk_7
ahc-model,ahc-model__var__sr-splmtl-dsblts-2-sw,contains,https://resdac.org/cms-data/variables/supplemental-hrsn-disabilities-2-difficulty-doing-errands-alone,data/raw/html/variable_page/5701731947ce793b33dbfc29a7b190b41229d7ba.html,,ahc-model__data-documentation__2617b90539__chunk_8
ahc-model,ahc-model__var__sr-splmtl-dsblts-ovrl-scrng-ind,contains,https://resdac.org/cms-data/variables/screened-supplemental-hrsn-disabilities-overall-indicator,data/raw/html/variable_page/db080715a2d90e43b0196c9d85dab752eb9c1be8.html,,ahc-model__data-documentation__2617b90539__chunk_8
ahc-model,ahc-model__var__sr-splmtl-edctn-1-sw,contains,https://resdac.org/cms-data/variables/supplemental-hrsn-education-1-speak-language-other-english-home,data/raw/html/variable_page/5a0a9a32ae79d4e1c6be2887c5ef78e0fec83acc.html,,ahc-model__data-documentation__2617b90539__chunk_8
ahc-model,ahc-model__var__sr-splmtl-edctn-2-sw,contains,https://resdac.org/cms-data/variables/supplemental-hrsn-education-2-want-help-school-or-training,data/raw/html/variable_page/decd8dbd94692ac91271a81a5115199f25ded59b.html,,ahc-model__data-documentation__2617b90539__chunk_8
ahc-model,ahc-model__var__sr-splmtl-edctn-ovrl-scrng-ind,contains,https://resdac.org/cms-data/variables/screened-supplemental-hrsn-education-overall-indicator,data/raw/html/variable_page/7ed6f4184b36cb2da05a3b2066e423dcb4e5d9d7.html,,ahc-model__data-documentation__2617b90539__chunk_9
ahc-model,ahc-model__var__sr-splmtl-emplymt-1-cd,contains,https://resdac.org/cms-data/variables/supplemental-hrsn-employment-1-want-help-finding-or-keeping-job,data/raw/html/variable_page/2923e87aee5ed7dfbdd46b3da6a22523501cf477.html,,ahc-model__data-documentation__2617b90539__chunk_9
ahc-model,ahc-model__var__sr-splmtl-emplymt-ovrl-scrn-ind,contains,https://resdac.org/cms-data/variables/screened-supplemental-hrsn-employment-overall-indicator,data/raw/html/variable_page/f6c65516f4f46d001e62e09b7f8a5f1a56c22065.html,,ahc-model__data-documentation__2617b90539__chunk_9
ahc-model,ahc-model__var__sr-splmtl-fincl-1-cd,contains,https://resdac.org/cms-data/variables/supplemental-hrsn-financial-strain-1-how-hard-pay-basics,data/raw/html/variable_page/a43d2e4e52551c2b3cb584dc00ddf7ffdfb2b040.html,,ahc-model__data-documentation__2617b90539__chunk_10
ahc-model,ahc-model__var__sr-splmtl-fincl-ovrl-scrng-ind,contains,https://resdac.org/cms-data/variables/screened-supplemental-hrsn-financial-strain-overall-indicator,data/raw/html/variable_page/b27f15babd03a97b88102f80754a61ea2aed61c0.html,,ahc-model__data-documentation__2617b90539__chunk_11
ahc-model,ahc-model__var__sr-splmtl-fmly-cmnty-sprt-1-cd,contains,https://resdac.org/cms-data/variables/supplemental-hrsn-family-and-community-support-1-get-help-day-day-activities,data/raw/html/variable_page/e8682df5d44355ce987e6069dd3f6e0e53abe6db.html,,ahc-model__data-documentation__2617b90539__chunk_9
ahc-model,ahc-model__var__sr-splmtl-fmly-cmnty-sprt-2-cd,contains,https://resdac.org/cms-data/variables/supplemental-hrsn-family-and-community-support-2-how-often-feel-lonely-or,data/raw/html/variable_page/61c8c6f0c633202907fd3c3110c21268146c9b0c.html,,ahc-model__data-documentation__2617b90539__chunk_10
ahc-model,ahc-model__var__sr-splmtl-mh-1-2-sum,contains,https://resdac.org/cms-data/files/ahc-model/data-documentation,data/raw/html/documentation_page/2617b90539062fe66e0d34c18b850febb573183e.html,,ahc-model__data-documentation__2617b90539__chunk_11
ahc-model,ahc-model__var__sr-splmtl-mh-1-cd,contains,https://resdac.org/cms-data/variables/supplemental-hrsn-mental-health-sum-srsplmtlmh1cd-and-srsplmtlmh2cd,data/raw/html/variable_page/d22d3a8ba12632674619da3cd9260ae23e3d1eee.html,,ahc-model__data-documentation__2617b90539__chunk_11
ahc-model,ahc-model__var__sr-splmtl-mh-2-cd,contains,https://resdac.org/cms-data/variables/supplemental-hrsn-mental-health-2-feeling-down-depressed-or-hopeless,data/raw/html/variable_page/b205e46936daa3f70e98e4455b34835bbd6926b5.html,,ahc-model__data-documentation__2617b90539__chunk_11
ahc-model,ahc-model__var__sr-splmtl-mh-3-cd,contains,https://resdac.org/cms-data/variables/supplemental-hrsn-mental-health-3-feel-tense-restless-anxious-sleepless-troubled,data/raw/html/variable_page/f568b9b561f7b242b5f45601803d9584197c3da9.html,,ahc-model__data-documentation__2617b90539__chunk_12
ahc-model,ahc-model__var__sr-splmtl-mh-ovrl-scrng-ind,contains,https://resdac.org/cms-data/variables/screened-supplemental-hrsn-mental-health-overall-indicator,data/raw/html/variable_page/45eb4f563b84df51504bc3a0001026cc2c333325.html,,ahc-model__data-documentation__2617b90539__chunk_12
ahc-model,ahc-model__var__sr-splmtl-phys-actvty-1-2-qty,contains,https://resdac.org/cms-data/files/ahc-model/data-documentation,data/raw/html/documentation_page/2617b90539062fe66e0d34c18b850febb573183e.html,,ahc-model__data-documentation__2617b90539__chunk_13
ahc-model,ahc-model__var__sr-splmtl-phys-actvty-1-cd,contains,https://resdac.org/cms-data/variables/supplemental-hrsn-physical-activity-items-1-x-2-numb-daysminutes-moderate,data/raw/html/variable_page/43a84255b80461d9de936719380093772eb7c7df.html,,ahc-model__data-documentation__2617b90539__chunk_12
ahc-model,ahc-model__var__sr-splmtl-phys-actvty-2-cd,contains,https://resdac.org/cms-data/variables/supplemental-hrsn-physical-activity-2-number-minutes-moderate-exercise,data/raw/html/variable_page/fe0ce00ab04aea2e930b8ff69f28a72b4609fa0a.html,,ahc-model__data-documentation__2617b90539__chunk_12
ahc-model,ahc-model__var__sr-splmtl-sbstnc-use-1-cd,contains,https://resdac.org/cms-data/variables/supplemental-hrsn-substance-use-1-past-12-months-alcohol-use,data/raw/html/variable_page/3f91244572b0a490b2e51ff39db13a40750e4287.html,,ahc-model__data-documentation__2617b90539__chunk_13
ahc-model,ahc-model__var__sr-splmtl-sbstnc-use-2-cd,contains,https://resdac.org/cms-data/variables/supplemental-hrsn-substance-use-2-past-12-months-tobacco-use,data/raw/html/variable_page/bb85d6106e710bddab114480cf0adcf5efa88d50.html,,ahc-model__data-documentation__2617b90539__chunk_14
ahc-model,ahc-model__var__sr-splmtl-sbstnc-use-3-cd,contains,https://resdac.org/cms-data/variables/supplemental-hrsn-substance-use-3-past-12-months-non-medical-prescription-drug,data/raw/html/variable_page/0802cdd794c371c825e0d6ff0f0d83d90c817f7a.html,,ahc-model__data-documentation__2617b90539__chunk_14
ahc-model,ahc-model__var__sr-splmtl-sbstnc-use-4-cd,contains,https://resdac.org/cms-data/variables/supplemental-hrsn-substance-use-4-past-12-months-illegal-drug-use,data/raw/html/variable_page/af208b28566bc9416ebeb6c7a820107a67239e0d.html,,ahc-model__data-documentation__2617b90539__chunk_14
ahc-model,ahc-model__var__sr-splmt-sbst-use-ovrl-scrng-ind,contains,https://resdac.org/cms-data/variables/screened-supplemental-hrsn-substance-use-overall-indicator,data/raw/html/variable_page/d7169849571b2acba3b0d50c770a56fc5eb6b366.html,,ahc-model__data-documentation__2617b90539__chunk_14
ahc-model,ahc-model__var__sr-splm-fmly-cmnty-ovrl-scrn-ind,contains,https://resdac.org/cms-data/variables/screened-supplemental-hrsn-family-and-community-support-overall-indicator,data/raw/html/variable_page/3d3ae57e835ed7d19ede0ee261df943751d165d6.html,,ahc-model__data-documentation__2617b90539__chunk_10
ahc-model,ahc-model__var__sr-splm-phys-actv-ovrl-scrn-ind,contains,https://resdac.org/cms-data/variables/screened-supplemental-hrsn-physical-activity-overall-indicator,data/raw/html/variable_page/d3805f5ff3c8a92a955ff5a0dce2968df94ceb92.html,,ahc-model__data-documentation__2617b90539__chunk_13
ahcah-hospital,ahcah-hospital__var__ahcah-wvr-submsn-id,contains,https://resdac.org/cms-data/variables/ahcah-waiver-submission-id,data/raw/html/variable_page/0a7083bbb8ddb3b3169e6c068e74a2cabd022e70.html,,ahcah-hospital__data-documentation__4c60fb8567__chunk_2
ahcah-hospital,ahcah-hospital__var__fac-data-submsn-dt,contains,https://resdac.org/cms-data/variables/facility-data-submission-date,data/raw/html/variable_page/b10ef073727a5e65914f2bf4edf48a6c57419a44.html,,ahcah-hospital__data-documentation__4c60fb8567__chunk_1
ahcah-hospital,ahcah-hospital__var__fac-tier,contains,https://resdac.org/cms-data/variables/tier-1-25-ahcah-patients-tier-2,data/raw/html/variable_page/c007f77469b9cbb4975cd461663c33e4c9270900.html,,ahcah-hospital__data-documentation__4c60fb8567__chunk_1
ahcah-hospital,ahcah-hospital__var__prvdr-adr,contains,https://resdac.org/cms-data/variables/facility-location-address,data/raw/html/variable_page/738c04b55c32652d7fe44a95b0f01e172d257694.html,,ahcah-hospital__data-documentation__4c60fb8567__chunk_2
ahcah-hospital,ahcah-hospital__var__prvdr-city,contains,https://resdac.org/cms-data/variables/facility-location-city,data/raw/html/variable_page/cdcbcb036b2e6c9b54dfaa6583eede49cceaf05d.html,,ahcah-hospital__data-documentation__4c60fb8567__chunk_2
ahcah-hospital,ahcah-hospital__var__prvdr-name,contains,https://resdac.org/cms-data/variables/name-facility,data/raw/html/variable_page/3d36242a435bfc6767909b32794a94cf410c821d.html,,ahcah-hospital__data-documentation__4c60fb8567__chunk_2
ahcah-hospital,ahcah-hospital__var__prvdr-phne-num,contains,https://resdac.org/cms-data/variables/facility-phone-number,data/raw/html/variable_page/4caf78048677d0b251b80d8060425078a3a780d0.html,,ahcah-hospital__data-documentation__4c60fb8567__chunk_2
ahcah-hospital,ahcah-hospital__var__prvdr-state,contains,https://resdac.org/cms-data/variables/provider-state,data/raw/html/variable_page/a4081a49035927d0ecf4080b21e928fc34bef7de.html,,ahcah-hospital__data-documentation__4c60fb8567__chunk_1
ahcah-hospital,ahcah-hospital__var__prvdr-zip-cd,contains,https://resdac.org/cms-data/variables/facility-location-zip-code,data/raw/html/variable_page/c2787949ba2e12562d56520f0af6f6cc8abf71a7.html,,ahcah-hospital__data-documentation__4c60fb8567__chunk_2
ahcah-patient,ahcah-patient__var__admsn-dt,contains,https://resdac.org/cms-data/variables/facility-admission-date,data/raw/html/variable_page/047fbcf9a03be2a4c987b97c0eda7fcc1277f88b.html,,ahcah-patient__data-documentation__995bd91472__chunk_2
ahcah-patient,ahcah-patient__var__ahcah-wvr-submsn-id,contains,https://resdac.org/cms-data/variables/ahcah-waiver-submission-id,data/raw/html/variable_page/0a7083bbb8ddb3b3169e6c068e74a2cabd022e70.html,,ahcah-patient__data-documentation__995bd91472__chunk_2
ahcah-patient,ahcah-patient__var__bene-id,contains,https://resdac.org/cms-data/variables/encrypted-ccw-beneficiary-id,data/raw/html/variable_page/69950b21ed36af6e7ed6c908dc18142a50445d3c.html,,ahcah-patient__data-documentation__995bd91472__chunk_1
ahcah-patient,ahcah-patient__var__fac-data-submsn-dt,contains,https://resdac.org/cms-data/variables/facility-data-submission-date,data/raw/html/variable_page/b10ef073727a5e65914f2bf4edf48a6c57419a44.html,,ahcah-patient__data-documentation__995bd91472__chunk_1
ahcah-patient,ahcah-patient__var__fac-tier,contains,https://resdac.org/cms-data/variables/tier-1-25-ahcah-patients-tier-2,data/raw/html/variable_page/c007f77469b9cbb4975cd461663c33e4c9270900.html,,ahcah-patient__data-documentation__995bd91472__chunk_1
ahcah-patient,ahcah-patient__var__pgm-id,contains,https://resdac.org/cms-data/variables/program-identifier-1ffs-medicare-2ffs-medicaid-3dual,data/raw/html/variable_page/fa50eec983a4128f8718f1bbc6cb69b514e2e313.html,,ahcah-patient__data-documentation__995bd91472__chunk_2
ahcah-patient,ahcah-patient__var__prvdr-adr,contains,https://resdac.org/cms-data/variables/facility-location-address,data/raw/html/variable_page/738c04b55c32652d7fe44a95b0f01e172d257694.html,,ahcah-patient__data-documentation__995bd91472__chunk_2
ahcah-patient,ahcah-patient__var__prvdr-city,contains,https://resdac.org/cms-data/variables/facility-location-city,data/raw/html/variable_page/cdcbcb036b2e6c9b54dfaa6583eede49cceaf05d.html,,ahcah-patient__data-documentation__995bd91472__chunk_2
ahcah-patient,ahcah-patient__var__prvdr-name,contains,https://resdac.org/cms-data/variables/name-facility,data/raw/html/variable_page/3d36242a435bfc6767909b32794a94cf410c821d.html,,ahcah-patient__data-documentation__995bd91472__chunk_2
ahcah-patient,ahcah-patient__var__prvdr-phne-num,contains,https://resdac.org/cms-data/variables/facility-phone-number,data/raw/html/variable_page/4caf78048677d0b251b80d8060425078a3a780d0.html,,ahcah-patient__data-documentation__995bd91472__chunk_2
ahcah-patient,ahcah-patient__var__prvdr-state,contains,https://resdac.org/cms-data/variables/provider-state,data/raw/html/variable_page/a4081a49035927d0ecf4080b21e928fc34bef7de.html,,ahcah-patient__data-documentation__995bd91472__chunk_1
ahcah-patient,ahcah-patient__var__prvdr-zip-cd,contains,https://resdac.org/cms-data/variables/facility-location-zip-code,data/raw/html/variable_page/c2787949ba2e12562d56520f0af6f6cc8abf71a7.html,,ahcah-patient__data-documentation__995bd91472__chunk_2
ahcah-patient,ahcah-patient__var__state-bene-mdcd-id,contains,https://resdac.org/cms-data/variables/encrypted-state-specific-medicaid-beneficiary-id,data/raw/html/variable_page/a981a84c2cf4248ee91628454b1103b056703d0f.html,,ahcah-patient__data-documentation__995bd91472__chunk_1
carrier-ffs,carrier-ffs__var__bene-id,contains,https://resdac.org/cms-data/variables/encrypted-ccw-beneficiary-id,data/raw/html/variable_page/69950b21ed36af6e7ed6c908dc18142a50445d3c.html,,carrier-ffs__data-documentation__1d94647469__chunk_0
carrier-ffs,carrier-ffs__var__betos-cd,contains,https://resdac.org/cms-data/variables/line-berenson-eggers-type-service-betos-code,data/raw/html/variable_page/e6d7e66de5dc156ab6f887a1197f16a0c52d39cf.html,,carrier-ffs__data-documentation__1d94647469__chunk_4
carrier-ffs,carrier-ffs__var__carr-line-asnthsa-unit-cnt,contains,https://resdac.org/cms-data/variables/carrier-line-anesthesia-unit-count,data/raw/html/variable_page/d39fb6769455dcee06dbb68a4ed8b19da760f6c6.html,,carrier-ffs__data-documentation__1d94647469__chunk_8
carrier-ffs,carrier-ffs__var__carr-line-clia-lab-num,contains,https://resdac.org/cms-data/variables/clinical-laboratory-improvement-amendments-clia-monitored-laboratory-number,data/raw/html/variable_page/e59ef90ecaaa96c21e747f513adc65522aad44ee.html,,carrier-ffs__data-documentation__1d94647469__chunk_8
carrier-ffs,carrier-ffs__var__carr-line-cl-chrg-amt,contains,https://resdac.org/cms-data/variables/carrier-line-clinical-lab-charge-amount,data/raw/html/variable_page/9b0e3b2d3c4bdc4c36411614fcd3781a560036de.html,,carrier-ffs__data-documentation__1d94647469__chunk_8
carrier-ffs,carrier-ffs__var__carr-line-mdpp-npi-num,contains,https://resdac.org/cms-data/variables/carrier-line-medicare-diabetes-prevention-program-mdpp-npi-number,data/raw/html/variable_page/8ab70574240bf389e687f8fa678bf7b6275afe6c.html,,carrier-ffs__data-documentation__1d94647469__chunk_14
carrier-ffs,carrier-ffs__var__carr-line-mtus-cd,contains,https://resdac.org/cms-data/variables/carrier-line-milestimeunitsservices-mtus-indicator-code,data/raw/html/variable_page/13eb4819f266e034b62213d464de739ca617a7e6.html,,carrier-ffs__data-documentation__1d94647469__chunk_6
carrier-ffs,carrier-ffs__var__carr-line-mtus-cnt,contains,https://resdac.org/cms-data/variables/carrier-line-milestimeunitsservices-mtus-count,data/raw/html/variable_page/f8baa06950c0ab97027012d445145922025811b9.html,,carrier-ffs__data-documentation__1d94647469__chunk_6
carrier-ffs,carrier-ffs__var__carr-line-prcng-lclty-cd,contains,https://resdac.org/cms-data/variables/carrier-line-pricing-locality-code,data/raw/html/variable_page/a15b82c4e131c4bca8e9f86ac508dcad419d75c7.html,,carrier-ffs__data-documentation__1d94647469__chunk_3
carrier-ffs,carrier-ffs__var__carr-line-prvdr-type-cd,contains,https://resdac.org/cms-data/variables/carrier-line-provider-type-code,data/raw/html/variable_page/a675c49fa29989735427e6ff8fb099cf0a626229.html,,carrier-ffs__data-documentation__1d94647469__chunk_1
carrier-ffs,carrier-ffs__var__carr-line-rdcd-pmt-phys-astn-c,contains,https://resdac.org/cms-data/variables/carrier-line-reduced-payment-physician-assistant-code,data/raw/html/variable_page/5f525743750ec35dace53e4ccd5b961442010d2b.html,,carrier-ffs__data-documentation__1d94647469__chunk_2
carrier-ffs,carrier-ffs__var__carr-line-rx-num,contains,https://resdac.org/cms-data/variables/carrier-line-rx-number-ffs,data/raw/html/variable_page/f6217b97809a077fcd3e143283253fa00a2b7c11.html,,carrier-ffs__data-documentation__1d94647469__chunk_7
carrier-ffs,carrier-ffs__var__carr-prfrng-pin-num,contains,https://resdac.org/cms-data/variables/carrier-line-performing-provider-id-number-pin,data/raw/html/variable_page/324a91fc6e7411747661ece0ee5d27a4d601cde0.html,,carrier-ffs__data-documentation__1d94647469__chunk_0
carrier-ffs,carrier-ffs__var__clm-id,contains,https://resdac.org/cms-data/variables/claim-line-number,data/raw/html/variable_page/9b2848ebe106f29b20cd60c9b55612add6696e91.html,,carrier-ffs__data-documentation__1d94647469__chunk_0
carrier-ffs,carrier-ffs__var__clm-line-num,contains,https://resdac.org/cms-data/files/carrier-ffs/data-documentation,data/raw/html/documentation_page/1d94647469e83d6f113be85ff63b3d64ecbcd28d.html,,carrier-ffs__data-documentation__1d94647469__chunk_0
carrier-ffs,carrier-ffs__var__clm-next-gnrtn-aco-ind-cd1,contains,https://resdac.org/cms-data/variables/claim-next-generation-ng-accountable-care-organization-aco-indicator-code-population-based-payment-pbp,data/raw/html/variable_page/ae99c2db0488f1e89b5f87430680de8f8329a8b1.html,,carrier-ffs__data-documentation__1d94647469__chunk_12
carrier-ffs,carrier-ffs__var__clm-next-gnrtn-aco-ind-cd2,contains,https://resdac.org/cms-data/variables/claim-next-generation-ng-accountable-care-organization-aco-indicator-code,data/raw/html/variable_page/531afb00cf1e8e2cbad9e0534b10f12c0b7141c8.html,,carrier-ffs__data-documentation__1d94647469__chunk_13
carrier-ffs,carrier-ffs__var__clm-next-gnrtn-aco-ind-cd3,contains,https://resdac.org/cms-data/variables/claim-next-generation-ng-accountable-care-organization-aco-indicator-code-post,data/raw/html/variable_page/f049110b3b59bfeb3c69dba86142eb08207daf1d.html,,carrier-ffs__data-documentation__1d94647469__chunk_13
carrier-ffs,carrier-ffs__var__clm-next-gnrtn-aco-ind-cd4,contains,https://resdac.org/cms-data/variables/claim-next-generation-ng-accountable-care-organization-aco-indicator-code-3-day,data/raw/html/variable_page/a11dc318a06cc9546b30f6400cd4d50b879722a2.html,,carrier-ffs__data-documentation__1d94647469__chunk_13
carrier-ffs,carrier-ffs__var__clm-next-gnrtn-aco-ind-cd5,contains,https://resdac.org/cms-data/variables/claim-next-generation-ng-accountable-care-organization-aco-indicator-code-capitation,data/raw/html/variable_page/694416660044fe79f8f792ead71335b536fb9311.html,,carrier-ffs__data-documentation__1d94647469__chunk_14
carrier-ffs,carrier-ffs__var__clm-thru-dt,contains,https://resdac.org/cms-data/variables/claim-through-date-ffs,data/raw/html/variable_page/a334336df56caf74d9705a1158378281cce4eadd.html,,carrier-ffs__data-documentation__1d94647469__chunk_0
carrier-ffs,carrier-ffs__var__hcpcs-1st-mdfr-cd,contains,https://resdac.org/cms-data/variables/hcpcs-initial-modifier-code-ffs,data/raw/html/variable_page/ba31c26bc0430ca8b2712347940b4d2abfad9e7d.html,,carrier-ffs__data-documentation__1d94647469__chunk_4
carrier-ffs,carrier-ffs__var__hcpcs-2nd-mdfr-cd,contains,https://resdac.org/cms-data/variables/hcpcs-second-modifier-code-ffs,data/raw/html/variable_page/dac72b3db52cbb72f0fff89abf695e7f265c1b69.html,,carrier-ffs__data-documentation__1d94647469__chunk_4
carrier-ffs,carrier-ffs__var__hcpcs-cd,contains,https://resdac.org/cms-data/variables/healthcare-common-procedure-coding-system-hcpcs-code-ffs,data/raw/html/variable_page/1248aa10c0f81784e65b717633f9e1c432ad6a49.html,,carrier-ffs__data-documentation__1d94647469__chunk_3
carrier-ffs,carrier-ffs__var__hpsa-scrcty-ind-cd,contains,https://resdac.org/cms-data/variables/carrier-line-health-professional-shortage-area-hpsascarcity-indicator-code,data/raw/html/variable_page/cb2f6bcad2734c4d9d6425add1e3e9960f7496d2.html,,carrier-ffs__data-documentation__1d94647469__chunk_7
carrier-ffs,carrier-ffs__var__line-1st-expns-dt,contains,https://resdac.org/cms-data/variables/line-last-expense-date-ffs,data/raw/html/variable_page/e18b175ff5b9ab238244bc400059031f47e6741c.html,,carrier-ffs__data-documentation__1d94647469__chunk_3
carrier-ffs,carrier-ffs__var__line-adjust-grp-cd,contains,https://resdac.org/cms-data/variables/line-adjustment-group-code,data/raw/html/variable_page/c27522053a6ef6330449cdbe53ea54b706426a52.html,,carrier-ffs__data-documentation__1d94647469__chunk_15
carrier-ffs,carrier-ffs__var__line-adjust-rsn-cd,contains,https://resdac.org/cms-data/variables/line-adjustment-reason-code,data/raw/html/variable_page/16c6d84f40a2907aa03eefd7fd48eec0287ef26f.html,,carrier-ffs__data-documentation__1d94647469__chunk_15
carrier-ffs,carrier-ffs__var__line-alowd-chrg-amt,contains,https://resdac.org/cms-data/variables/line-allowed-charge-amount,data/raw/html/variable_page/eea006bff17546c6481c62e348796f0e158d21f8.html,,carrier-ffs__data-documentation__1d94647469__chunk_5
carrier-ffs,carrier-ffs__var__line-bene-pmt-amt,contains,https://resdac.org/cms-data/variables/nch-claim-payment-amount-beneficiary,data/raw/html/variable_page/ff09b28b066e68c322b3478714b9e1415477cf5a.html,,carrier-ffs__data-documentation__1d94647469__chunk_4
carrier-ffs,carrier-ffs__var__line-bene-prmry-pyr-cd,contains,https://resdac.org/cms-data/variables/line-primary-payer-code-if-not-medicare,data/raw/html/variable_page/43bde1c957341b240ed02ab932b1ff7a9559e411.html,,carrier-ffs__data-documentation__1d94647469__chunk_5
carrier-ffs,carrier-ffs__var__line-bene-prmry-pyr-pd-amt,contains,https://resdac.org/cms-data/variables/line-primary-payer-if-not-medicare-paid-amount,data/raw/html/variable_page/898644f5f6e5a6f96dca4653e7bdaa529ce7b8c6.html,,carrier-ffs__data-documentation__1d94647469__chunk_5
carrier-ffs,carrier-ffs__var__line-bene-ptb-ddctbl-amt,contains,https://resdac.org/cms-data/variables/line-beneficiary-part-b-deductible-amount,data/raw/html/variable_page/5424b41d3c7f7887464224a4658300cd7c534fb7.html,,carrier-ffs__data-documentation__1d94647469__chunk_5
carrier-ffs,carrier-ffs__var__line-cms-type-srvc-cd,contains,https://resdac.org/cms-data/variables/line-cms-type-service-code,data/raw/html/variable_page/8450ccb2219ae7de8f399730e49175e1e4082415.html,,carrier-ffs__data-documentation__1d94647469__chunk_3
carrier-ffs,carrier-ffs__var__line-coinsrnc-amt,contains,https://resdac.org/cms-data/variables/line-beneficiary-coinsurance-amount,data/raw/html/variable_page/96047ff47700330e26d470de394f657833739aa6.html,,carrier-ffs__data-documentation__1d94647469__chunk_5
carrier-ffs,carrier-ffs__var__line-drop-off-zip-cd,contains,https://resdac.org/cms-data/variables/line-drop-zip-code,data/raw/html/variable_page/d4aa3ca2e10734cc334e934a5aca11b4a74487dd.html,,carrier-ffs__data-documentation__1d94647469__chunk_9
carrier-ffs,carrier-ffs__var__line-hct-hgb-rslt-num,contains,https://resdac.org/cms-data/variables/hematocrithemoglobin-test-results,data/raw/html/variable_page/d2b493f645a3c2ea8fd57afbcf4ca49d7dff3ac6.html,,carrier-ffs__data-documentation__1d94647469__chunk_7
carrier-ffs,carrier-ffs__var__line-hct-hgb-type-cd,contains,https://resdac.org/cms-data/variables/hematocrithemoglobin-test-type-code,data/raw/html/variable_page/4a021fc7ba7a55b4a7640a2c9a5d68a6cfd251f0.html,,carrier-ffs__data-documentation__1d94647469__chunk_7
carrier-ffs,carrier-ffs__var__line-icd-dgns-cd,contains,https://resdac.org/cms-data/variables/line-diagnosis-code,data/raw/html/variable_page/972082c8dd77163330da69cf280d4c65713c6c8d.html,,carrier-ffs__data-documentation__1d94647469__chunk_6
carrier-ffs,carrier-ffs__var__line-icd-dgns-vrsn-cd,contains,https://resdac.org/cms-data/variables/line-diagnosis-code-diagnosis-version-code-icd-9-or-icd-10,data/raw/html/variable_page/cef7dc255a6cdc67afcb0556d18e8aad95c98461.html,,carrier-ffs__data-documentation__1d94647469__chunk_7
carrier-ffs,carrier-ffs__var__line-last-expns-dt,contains,https://resdac.org/cms-data/files/carrier-ffs/data-documentation,data/raw/html/documentation_page/1d94647469e83d6f113be85ff63b3d64ecbcd28d.html,,carrier-ffs__data-documentation__1d94647469__chunk_3
carrier-ffs,carrier-ffs__var__line-nch-pmt-amt,contains,https://resdac.org/cms-data/variables/line-nch-medicare-payment-amount,data/raw/html/variable_page/386a080905059d4cc87d1805be049b5119287bc6.html,,carrier-ffs__data-documentation__1d94647469__chunk_4
carrier-ffs,carrier-ffs__var__line-ndc-cd,contains,https://resdac.org/cms-data/variables/line-national-drug-code-ndc-ffs,data/raw/html/variable_page/996191b337fda8bc86b293c178cf3a89475d7d06.html,,carrier-ffs__data-documentation__1d94647469__chunk_8
carrier-ffs,carrier-ffs__var__line-othr-apld-amt1,contains,https://resdac.org/cms-data/files/carrier-ffs/data-documentation,data/raw/html/documentation_page/1d94647469e83d6f113be85ff63b3d64ecbcd28d.html,,carrier-ffs__data-documentation__1d94647469__chunk_10
carrier-ffs,carrier-ffs__var__line-othr-apld-amt2,contains,https://resdac.org/cms-data/variables/line-other-applied-amount-2nd-code,data/raw/html/variable_page/6894c8b11530a6dea090675b918d6dca921666d8.html,,carrier-ffs__data-documentation__1d94647469__chunk_10
carrier-ffs,carrier-ffs__var__line-othr-apld-amt3,contains,https://resdac.org/cms-data/variables/line-other-applied-amount-3rd-code,data/raw/html/variable_page/0e2be4222585e3a8c7d3af3d3095cbe3c33c8b1a.html,,carrier-ffs__data-documentation__1d94647469__chunk_11
carrier-ffs,carrier-ffs__var__line-othr-apld-amt4,contains,https://resdac.org/cms-data/variables/line-other-applied-amount-4th-code,data/raw/html/variable_page/68dda8a6a16a466fd9b88380192da1507195ee69.html,,carrier-ffs__data-documentation__1d94647469__chunk_11
carrier-ffs,carrier-ffs__var__line-othr-apld-amt5,contains,https://resdac.org/cms-data/variables/line-other-applied-amount-5th-code,data/raw/html/variable_page/60d8df235a370275414141faafcac1426c64aab3.html,,carrier-ffs__data-documentation__1d94647469__chunk_11
carrier-ffs,carrier-ffs__var__line-othr-apld-amt6,contains,https://resdac.org/cms-data/variables/line-other-applied-amount-6th-code,data/raw/html/variable_page/10de660e7ee23e656a390929ac3e70342f106268.html,,carrier-ffs__data-documentation__1d94647469__chunk_11
carrier-ffs,carrier-ffs__var__line-othr-apld-amt7,contains,https://resdac.org/cms-data/variables/line-other-applied-amount-7th-code,data/raw/html/variable_page/32e3a140714ea752d5b13b205166aeff8878b57a.html,,carrier-ffs__data-documentation__1d94647469__chunk_11
carrier-ffs,carrier-ffs__var__line-othr-apld-ind-cd1,contains,https://resdac.org/cms-data/variables/line-other-applied-indicator-1st-code,data/raw/html/variable_page/0162af874ad0de012cf4da2cb3230ced2721a75d.html,,carrier-ffs__data-documentation__1d94647469__chunk_9
carrier-ffs,carrier-ffs__var__line-othr-apld-ind-cd2,contains,https://resdac.org/cms-data/variables/line-other-applied-indicator-2nd-code,data/raw/html/variable_page/4f36ea48a812278dbcd1e0eb9e9e53d6ef70051f.html,,carrier-ffs__data-documentation__1d94647469__chunk_9
carrier-ffs,carrier-ffs__var__line-othr-apld-ind-cd3,contains,https://resdac.org/cms-data/variables/line-other-applied-indicator-3rd-code,data/raw/html/variable_page/6eca37d6b3cb17e4e75a894ccee68e41cda18b02.html,,carrier-ffs__data-documentation__1d94647469__chunk_9
carrier-ffs,carrier-ffs__var__line-othr-apld-ind-cd4,contains,https://resdac.org/cms-data/variables/line-other-applied-indicator-4th-code,data/raw/html/variable_page/60f27e06cb31f7f5388865b42d500d62ef0c20d9.html,,carrier-ffs__data-documentation__1d94647469__chunk_9
carrier-ffs,carrier-ffs__var__line-othr-apld-ind-cd5,contains,https://resdac.org/cms-data/variables/line-other-applied-indicator-5th-code,data/raw/html/variable_page/b90972f362eab29af0b8e3b9b975439ef5a556fe.html,,carrier-ffs__data-documentation__1d94647469__chunk_10
carrier-ffs,carrier-ffs__var__line-othr-apld-ind-cd6,contains,https://resdac.org/cms-data/variables/line-other-applied-indicator-6th-code,data/raw/html/variable_page/eb4a729ebc22cf86b661d177cccc0ba1589d8482.html,,carrier-ffs__data-documentation__1d94647469__chunk_10
carrier-ffs,carrier-ffs__var__line-othr-apld-ind-cd7,contains,https://resdac.org/cms-data/variables/line-other-applied-indicator-7th-code,data/raw/html/variable_page/323cd4437927b00edc51a4bd060a0aee95af5aad.html,,carrier-ffs__data-documentation__1d94647469__chunk_10
carrier-ffs,carrier-ffs__var__line-place-of-srvc-cd,contains,https://resdac.org/cms-data/variables/line-place-service-code-ffs,data/raw/html/variable_page/559da823c67a4287c03dbc48d13ae5cf28c3cc1f.html,,carrier-ffs__data-documentation__1d94647469__chunk_3
carrier-ffs,carrier-ffs__var__line-pmt-80-100-cd,contains,https://resdac.org/cms-data/variables/line-payment-80100-code,data/raw/html/variable_page/ae05fdc84a985837adb7cdf7eb23798372840860.html,,carrier-ffs__data-documentation__1d94647469__chunk_6
carrier-ffs,carrier-ffs__var__line-point-of-pckp-zip-cd,contains,https://resdac.org/cms-data/variables/line-point-pickup-zip-code,data/raw/html/variable_page/b6239abffe245dcbeee9d0ed5f12a85f96f4a8ab.html,,carrier-ffs__data-documentation__1d94647469__chunk_9
carrier-ffs,carrier-ffs__var__line-prcsg-ind-cd,contains,https://resdac.org/cms-data/variables/line-processing-indicator-code,data/raw/html/variable_page/8bc0687e3a4324707cecfb9db69422dc3ce19230.html,,carrier-ffs__data-documentation__1d94647469__chunk_6
carrier-ffs,carrier-ffs__var__line-prvdr-pmt-amt,contains,https://resdac.org/cms-data/variables/nch-claim-provider-payment-amount,data/raw/html/variable_page/ddc1ae80af527351e101d17c8b98b215a8ae1bba.html,,carrier-ffs__data-documentation__1d94647469__chunk_4
carrier-ffs,carrier-ffs__var__line-prvdr-vldtn-type-cd,contains,https://resdac.org/cms-data/variables/line-provider-validation-type-code,data/raw/html/variable_page/f6c61d47666b255a05d18103d240d378840df15e.html,,carrier-ffs__data-documentation__1d94647469__chunk_15
carrier-ffs,carrier-ffs__var__line-ra-rmrk-cd,contains,https://resdac.org/cms-data/variables/line-remittance-advice-remark-code,data/raw/html/variable_page/791a243349635c102ea359a1e2c8b931ef1ce926.html,,carrier-ffs__data-documentation__1d94647469__chunk_15
carrier-ffs,carrier-ffs__var__line-rp-ind-cd,contains,https://resdac.org/cms-data/variables/line-representative-payee-rp-indicator-code,data/raw/html/variable_page/298aafce26c917da7adb8885d95370ff9fc0bc9f.html,,carrier-ffs__data-documentation__1d94647469__chunk_14
carrier-ffs,carrier-ffs__var__line-rsdl-pymt-ind-cd,contains,https://resdac.org/cms-data/variables/line-residual-payment-indicator-code,data/raw/html/variable_page/972443bd66056f4dcce4bd88fd010735315247ce.html,,carrier-ffs__data-documentation__1d94647469__chunk_14
carrier-ffs,carrier-ffs__var__line-sbmtd-chrg-amt,contains,https://resdac.org/cms-data/variables/nch-carrier-claim-submitted-charge-amount-sum-all-line-level-submitted-charges,data/raw/html/variable_page/97df0542ede6667a24a9fc157935b168347638c3.html,,carrier-ffs__data-documentation__1d94647469__chunk_5
carrier-ffs,carrier-ffs__var__line-service-deductible,contains,https://resdac.org/cms-data/variables/line-service-deductible-indicator-switch,data/raw/html/variable_page/3027608d581b1e8ea9137293ec0d8389100744c7.html,,carrier-ffs__data-documentation__1d94647469__chunk_6
carrier-ffs,carrier-ffs__var__line-srvc-cnt,contains,https://resdac.org/cms-data/variables/line-service-count-ffs,data/raw/html/variable_page/e962fa29ab4291e806541a4639cb7f74a0ab8204.html,,carrier-ffs__data-documentation__1d94647469__chunk_2
carrier-ffs,carrier-ffs__var__line-vlntry-srvc-ind-cd,contains,https://resdac.org/cms-data/variables/line-voluntary-service-indicator-code,data/raw/html/variable_page/9a3f2d105f98b59ab047f9092db4d76f0ab30513.html,,carrier-ffs__data-documentation__1d94647469__chunk_15
carrier-ffs,carrier-ffs__var__nch-clm-type-cd,contains,https://resdac.org/cms-data/variables/nch-claim-type-code,data/raw/html/variable_page/e3d7728c48c11b3a62505589ff8deb65e42b66cc.html,,carrier-ffs__data-documentation__1d94647469__chunk_0
carrier-ffs,carrier-ffs__var__org-npi-num,contains,https://resdac.org/cms-data/variables/organization-or-group-npi-number,data/raw/html/variable_page/e8247733716c1754f88e37f2ee97ab727459759f.html,,carrier-ffs__data-documentation__1d94647469__chunk_0
carrier-ffs,carrier-ffs__var__physn-zip-cd,contains,https://resdac.org/cms-data/variables/line-place-service-pos-physician-zip-code,data/raw/html/variable_page/d1ce80701c680e624d7f048b265ebc681f79930f.html,,carrier-ffs__data-documentation__1d94647469__chunk_8
carrier-ffs,carrier-ffs__var__prf-physn-npi,contains,https://resdac.org/cms-data/variables/rendering-provider-taxonomy-code,data/raw/html/variable_page/f49e4ac384c46e76eaaeef93cd4c88bfdf582e7e.html,,carrier-ffs__data-documentation__1d94647469__chunk_0
carrier-ffs,carrier-ffs__var__prf-physn-upin,contains,https://resdac.org/cms-data/variables/carrier-line-performing-upin-number,data/raw/html/variable_page/1726886d0ed37ab93a236ebf11998ed72305dc97.html,,carrier-ffs__data-documentation__1d94647469__chunk_0
carrier-ffs,carrier-ffs__var__prtcptng-ind-cd,contains,https://resdac.org/cms-data/variables/line-provider-participating-indicator-code,data/raw/html/variable_page/929eaaf7c2feefabb4b4a62fa4ac9a7f8fad20b9.html,,carrier-ffs__data-documentation__1d94647469__chunk_2
carrier-ffs,carrier-ffs__var__prvdr-spclty,contains,https://resdac.org/cms-data/variables/line-cms-provider-specialty-code,data/raw/html/variable_page/0c8786467b24d7816186b15b16443fd4a676867f.html,,carrier-ffs__data-documentation__1d94647469__chunk_1
carrier-ffs,carrier-ffs__var__prvdr-state-cd,contains,https://resdac.org/cms-data/variables/nch-provider-ssa-state-code,data/raw/html/variable_page/51b49cc085d78a4b01d479d262d048edc53cc046.html,,carrier-ffs__data-documentation__1d94647469__chunk_1
carrier-ffs,carrier-ffs__var__prvdr-zip,contains,https://resdac.org/cms-data/variables/carrier-line-performing-provider-zip-code,data/raw/html/variable_page/7b768e21cd64c341d6335a52b9b40cb9826182f4.html,,carrier-ffs__data-documentation__1d94647469__chunk_1
carrier-ffs,carrier-ffs__var__rndrng-prvdr-spclty-cd1,contains,https://resdac.org/cms-data/files/carrier-ffs/data-documentation,data/raw/html/documentation_page/1d94647469e83d6f113be85ff63b3d64ecbcd28d.html,,carrier-ffs__data-documentation__1d94647469__chunk_1
carrier-ffs,carrier-ffs__var__rndrng-prvdr-spclty-cd2,contains,https://resdac.org/cms-data/files/carrier-ffs/data-documentation,data/raw/html/documentation_page/1d94647469e83d6f113be85ff63b3d64ecbcd28d.html,,carrier-ffs__data-documentation__1d94647469__chunk_1
carrier-ffs,carrier-ffs__var__rndrng-prvdr-spclty-cd3,contains,https://resdac.org/cms-data/files/carrier-ffs/data-documentation,data/raw/html/documentation_page/1d94647469e83d6f113be85ff63b3d64ecbcd28d.html,,carrier-ffs__data-documentation__1d94647469__chunk_2
carrier-ffs,carrier-ffs__var__rndrng-prvdr-txnmy-cd,contains,https://resdac.org/cms-data/files/carrier-ffs/data-documentation,data/raw/html/documentation_page/1d94647469e83d6f113be85ff63b3d64ecbcd28d.html,,carrier-ffs__data-documentation__1d94647469__chunk_2
carrier-ffs,carrier-ffs__var__tax-num,contains,https://resdac.org/cms-data/variables/line-provider-tax-number,data/raw/html/variable_page/6d3ef2704d30449bc7edda98489a5b505cfbcce3.html,,carrier-ffs__data-documentation__1d94647469__chunk_1
carrier-ffs,carrier-ffs__var__thrpy-cap-ind-cd1,contains,https://resdac.org/cms-data/variables/therapy-cap-indicator-1-code,data/raw/html/variable_page/09f22adefa3b6630ed54adaa5976385d57472b3f.html,,carrier-ffs__data-documentation__1d94647469__chunk_11
carrier-ffs,carrier-ffs__var__thrpy-cap-ind-cd2,contains,https://resdac.org/cms-data/variables/therapy-cap-indicator-2-code,data/raw/html/variable_page/6934a4a2f465a99751a9151740166f67df97e712.html,,carrier-ffs__data-documentation__1d94647469__chunk_12
carrier-ffs,carrier-ffs__var__thrpy-cap-ind-cd3,contains,https://resdac.org/cms-data/variables/therapy-cap-indicator-3-code,data/raw/html/variable_page/4ea9bb68864173b81262bb9053fa68c2586516a5.html,,carrier-ffs__data-documentation__1d94647469__chunk_12
carrier-ffs,carrier-ffs__var__thrpy-cap-ind-cd4,contains,https://resdac.org/cms-data/variables/therapy-cap-indicator-4-code,data/raw/html/variable_page/1dc1fe109908c2978987f1d3ee1efcca20451bcc.html,,carrier-ffs__data-documentation__1d94647469__chunk_12
carrier-ffs,carrier-ffs__var__thrpy-cap-ind-cd5,contains,https://resdac.org/cms-data/variables/therapy-cap-indicator-5-code,data/raw/html/variable_page/cb6d09c316ecbe634566ac18e8477062fc4d8a9e.html,,carrier-ffs__data-documentation__1d94647469__chunk_12
cec-beneficiary,cec-beneficiary__var__bene-birth-dt,contains,https://resdac.org/cms-data/variables/beneficiary-date-birth,data/raw/html/variable_page/eaa238a9ac2274e70c234ffbd27289e894efd853.html,,cec-beneficiary__data-documentation__6a4e4b6ab9__chunk_1
cec-beneficiary,cec-beneficiary__var__bene-death-dt,contains,https://resdac.org/cms-data/variables/beneficiary-date-death-0,data/raw/html/variable_page/97c444a57bf271db6b027dda3733fda9b9e2705e.html,,cec-beneficiary__data-documentation__6a4e4b6ab9__chunk_1
cec-beneficiary,cec-beneficiary__var__bene-id,contains,https://resdac.org/cms-data/variables/encrypted-ccw-beneficiary-id,data/raw/html/variable_page/69950b21ed36af6e7ed6c908dc18142a50445d3c.html,,cec-beneficiary__data-documentation__6a4e4b6ab9__chunk_1
cec-beneficiary,cec-beneficiary__var__bene-sex,contains,https://resdac.org/cms-data/variables/beneficiary-sex-1,data/raw/html/variable_page/d3e6658682b113aecb604518b1ecb2a231611098.html,,cec-beneficiary__data-documentation__6a4e4b6ab9__chunk_1
cec-beneficiary,cec-beneficiary__var__esco-name,contains,https://resdac.org/cms-data/variables/esco-name,data/raw/html/variable_page/ae48cdceab5f473b390a0c77bc693a17c2c9d679.html,,cec-beneficiary__data-documentation__6a4e4b6ab9__chunk_1
cec-beneficiary,cec-beneficiary__var__esco-number,contains,https://resdac.org/cms-data/variables/esco-number,data/raw/html/variable_page/692e494f27536b2b86173ce47fe8b0d18f35bb61.html,,cec-beneficiary__data-documentation__6a4e4b6ab9__chunk_1
cec-beneficiary,cec-beneficiary__var__mo10-align,contains,https://resdac.org/cms-data/variables/beneficiary-monthly-alignment-status-10,data/raw/html/variable_page/ba6fdf0b1bfcb85c3f5c2dbef77f59324a312110.html,,cec-beneficiary__data-documentation__6a4e4b6ab9__chunk_3
cec-beneficiary,cec-beneficiary__var__mo11-align,contains,https://resdac.org/cms-data/variables/beneficiary-monthly-alignment-status-11,data/raw/html/variable_page/b30c37b82cdb719d836371bd0e1a576de9c23984.html,,cec-beneficiary__data-documentation__6a4e4b6ab9__chunk_3
cec-beneficiary,cec-beneficiary__var__mo12-align,contains,https://resdac.org/cms-data/variables/beneficiary-monthly-alignment-status-12,data/raw/html/variable_page/e40e960a732419e1415b5dd3d068eae46b33a420.html,,cec-beneficiary__data-documentation__6a4e4b6ab9__chunk_3
cec-beneficiary,cec-beneficiary__var__mo13-align,contains,https://resdac.org/cms-data/variables/beneficiary-monthly-alignment-status-13,data/raw/html/variable_page/55aec754f54bd0005f51976ca5d4c3e43a7bb4bc.html,,cec-beneficiary__data-documentation__6a4e4b6ab9__chunk_3
cec-beneficiary,cec-beneficiary__var__mo14-align,contains,https://resdac.org/cms-data/variables/beneficiary-monthly-alignment-status-14,data/raw/html/variable_page/f826e04d0ce8376a8ec9f073b044de7c0abd0703.html,,cec-beneficiary__data-documentation__6a4e4b6ab9__chunk_3
cec-beneficiary,cec-beneficiary__var__mo15-align,contains,https://resdac.org/cms-data/variables/beneficiary-monthly-alignment-status-15,data/raw/html/variable_page/e8600bcc84de23b97d4f8f2bd63dc78cc960dba4.html,,cec-beneficiary__data-documentation__6a4e4b6ab9__chunk_3
cec-beneficiary,cec-beneficiary__var__mo1-align,contains,https://resdac.org/cms-data/variables/beneficiary-monthly-alignment-status-1,data/raw/html/variable_page/107d3a7cc5309cffe5518d960bb7a08053f5be77.html,,cec-beneficiary__data-documentation__6a4e4b6ab9__chunk_1
cec-beneficiary,cec-beneficiary__var__mo2-align,contains,https://resdac.org/cms-data/variables/beneficiary-monthly-alignment-status-2,data/raw/html/variable_page/a615d9054ca3ca2567bf8ca631c87bd9a30a2a89.html,,cec-beneficiary__data-documentation__6a4e4b6ab9__chunk_1
cec-beneficiary,cec-beneficiary__var__mo3-align,contains,https://resdac.org/cms-data/variables/beneficiary-monthly-alignment-status-3,data/raw/html/variable_page/8aa00407521e1b7ee2adddccaeeb941ce7b88dd2.html,,cec-beneficiary__data-documentation__6a4e4b6ab9__chunk_1
cec-beneficiary,cec-beneficiary__var__mo4-align,contains,https://resdac.org/cms-data/variables/beneficiary-monthly-alignment-status-4,data/raw/html/variable_page/b3e18ed56dd865b219a88d89d330541e770f86cd.html,,cec-beneficiary__data-documentation__6a4e4b6ab9__chunk_2
cec-beneficiary,cec-beneficiary__var__mo5-align,contains,https://resdac.org/cms-data/variables/beneficiary-monthly-alignment-status-5,data/raw/html/variable_page/41667cc25b70391f1401596a89a343f5430696ae.html,,cec-beneficiary__data-documentation__6a4e4b6ab9__chunk_2
cec-beneficiary,cec-beneficiary__var__mo6-align,contains,https://resdac.org/cms-data/variables/beneficiary-monthly-alignment-status-6,data/raw/html/variable_page/4f899bca56c722e92895b8c3d91653821a257425.html,,cec-beneficiary__data-documentation__6a4e4b6ab9__chunk_2
cec-beneficiary,cec-beneficiary__var__mo7-align,contains,https://resdac.org/cms-data/variables/beneficiary-monthly-alignment-status-7,data/raw/html/variable_page/1ea28505c18e608fe7befd90895812418c3e5aa6.html,,cec-beneficiary__data-documentation__6a4e4b6ab9__chunk_2
cec-beneficiary,cec-beneficiary__var__mo8-align,contains,https://resdac.org/cms-data/variables/beneficiary-monthly-alignment-status-8,data/raw/html/variable_page/16d7b11ab085bef7376d19b1fcb16d52d7ef7658.html,,cec-beneficiary__data-documentation__6a4e4b6ab9__chunk_2
cec-beneficiary,cec-beneficiary__var__mo9-align,contains,https://resdac.org/cms-data/variables/beneficiary-monthly-alignment-status-9,data/raw/html/variable_page/35638619df014c71fa52211b9969ab2d1acb5ce5.html,,cec-beneficiary__data-documentation__6a4e4b6ab9__chunk_2
cec-provider,cec-provider__var__contact-first-name,contains,https://resdac.org/cms-data/variables/practitioner-first-name,data/raw/html/variable_page/4b2440dfdd29b109210c43523a37b2a8ee731f6d.html,,cec-provider__data-documentation__e5123a1795__chunk_2
cec-provider,cec-provider__var__contact-last-name,contains,https://resdac.org/cms-data/variables/practitioner-last-name,data/raw/html/variable_page/8de744a507c45e9e12492ddb2f339a82007399cc.html,,cec-provider__data-documentation__e5123a1795__chunk_2
cec-provider,cec-provider__var__esco-name,contains,https://resdac.org/cms-data/variables/esco-name,data/raw/html/variable_page/ae48cdceab5f473b390a0c77bc693a17c2c9d679.html,,cec-provider__data-documentation__e5123a1795__chunk_1
cec-provider,cec-provider__var__esco-number,contains,https://resdac.org/cms-data/variables/esco-number,data/raw/html/variable_page/692e494f27536b2b86173ce47fe8b0d18f35bb61.html,,cec-provider__data-documentation__e5123a1795__chunk_1
cec-provider,cec-provider__var__institute-type-desc,contains,https://resdac.org/cms-data/variables/institute-type-description,data/raw/html/variable_page/cf0f41bb36294d63d946ae71680198f6f6debe29.html,,cec-provider__data-documentation__e5123a1795__chunk_2
cec-provider,cec-provider__var__npi-number,contains,https://resdac.org/cms-data/variables/individual-npi-number,data/raw/html/variable_page/a22cc6d945bdde70c451c4764e23d78ad750316a.html,,cec-provider__data-documentation__e5123a1795__chunk_1
cec-provider,cec-provider__var__organization-name,contains,https://resdac.org/cms-data/variables/organization-name,data/raw/html/variable_page/e08aa5a6698cc139873f787759ac2c5e0cdb8115.html,,cec-provider__data-documentation__e5123a1795__chunk_1
cec-provider,cec-provider__var__performance-period,contains,https://resdac.org/cms-data/variables/period-performance,data/raw/html/variable_page/735231e56e3a0259707a8652d3e11c6da4494d8f.html,,cec-provider__data-documentation__e5123a1795__chunk_1
cec-provider,cec-provider__var__prnt-prtcpnt-npi-num,contains,https://resdac.org/cms-data/variables/parent-participant-npi-number,data/raw/html/variable_page/270cc410e58b8e4b3c94e85b3b5d38bfc094230b.html,,cec-provider__data-documentation__e5123a1795__chunk_1
cec-provider,cec-provider__var__provider-type-desc,contains,https://resdac.org/cms-data/variables/provider-type-description,data/raw/html/variable_page/484511a5db78ec02db7b58ec23e92fd7a647bc46.html,,cec-provider__data-documentation__e5123a1795__chunk_1
cec-provider,cec-provider__var__tin-number,contains,https://resdac.org/cms-data/variables/tax-id-number-practicefacility-associated-individual-npi,data/raw/html/variable_page/f248cf42ba220405f9575c44bb9ff21ee2496016.html,,cec-provider__data-documentation__e5123a1795__chunk_1
cmds-beneficiary,cmds-beneficiary__var__bene-id,contains,https://resdac.org/cms-data/variables/encrypted-ccw-beneficiary-id,data/raw/html/variable_page/69950b21ed36af6e7ed6c908dc18142a50445d3c.html,,cmds-beneficiary__data-documentation__8b95768716__chunk_1
cmds-beneficiary,cmds-beneficiary__var__end-date,contains,https://resdac.org/cms-data/variables/beneficiary-end-date,data/raw/html/variable_page/abf20fd4f3108c5fb456a14bbb98a0fcf243c66b.html,,cmds-beneficiary__data-documentation__8b95768716__chunk_1
cmds-beneficiary,cmds-beneficiary__var__entity-id,contains,https://resdac.org/cms-data/variables/entity-identifier,data/raw/html/variable_page/d19d8a6be1b07353131b97741e31704651a31c3e.html,,cmds-beneficiary__data-documentation__8b95768716__chunk_1
cmds-beneficiary,cmds-beneficiary__var__model-id,contains,https://resdac.org/cms-data/variables/model-identifier,data/raw/html/variable_page/64fec6d08c3c67fd2505a6e8664f3c8a814f573a.html,,cmds-beneficiary__data-documentation__8b95768716__chunk_1
cmds-beneficiary,cmds-beneficiary__var__start-date,contains,https://resdac.org/cms-data/variables/beneficiary-start-date,data/raw/html/variable_page/eafed047e6290a9e62183d58de2df7ed591fcc32.html,,cmds-beneficiary__data-documentation__8b95768716__chunk_1
cmds-beneficiary,cmds-beneficiary__var__vlntry-ind,contains,https://resdac.org/cms-data/variables/voluntary-alignment-indicator,data/raw/html/variable_page/dd9b6232e6ca8ca0cd9f3f1c7d10adb8bc8c7a08.html,,cmds-beneficiary__data-documentation__8b95768716__chunk_1
cmds-entity,cmds-entity__var__end-date,contains,https://resdac.org/cms-data/variables/entity-end-date,data/raw/html/variable_page/cbad6df04c0a5dc652acb4fbdfeaff2c5a08a244.html,,cmds-entity__data-documentation__2e5244efce__chunk_1
cmds-entity,cmds-entity__var__entity-id,contains,https://resdac.org/cms-data/variables/entity-identifier,data/raw/html/variable_page/d19d8a6be1b07353131b97741e31704651a31c3e.html,,cmds-entity__data-documentation__2e5244efce__chunk_1
cmds-entity,cmds-entity__var__entity-name,contains,https://resdac.org/cms-data/variables/entity-name,data/raw/html/variable_page/9915181b2210bd0537a326039d9f7a3107219d10.html,,cmds-entity__data-documentation__2e5244efce__chunk_1
cmds-entity,cmds-entity__var__entity-type,contains,https://resdac.org/cms-data/variables/entity-type,data/raw/html/variable_page/2ff4651bbc959121aba360b81152fed1536d6eb8.html,,cmds-entity__data-documentation__2e5244efce__chunk_1
cmds-entity,cmds-entity__var__model-id,contains,https://resdac.org/cms-data/variables/model-identifier,data/raw/html/variable_page/64fec6d08c3c67fd2505a6e8664f3c8a814f573a.html,,cmds-entity__data-documentation__2e5244efce__chunk_1
cmds-entity,cmds-entity__var__model-name,contains,https://resdac.org/cms-data/variables/model-name,data/raw/html/variable_page/57215e10e0651ab4cae169377f2a704bf1299c30.html,,cmds-entity__data-documentation__2e5244efce__chunk_1
cmds-entity,cmds-entity__var__start-date,contains,https://resdac.org/cms-data/variables/entity-start-date,data/raw/html/variable_page/6d8f98e539fea6da7cb8ee849ddb48e1f9564f17.html,,cmds-entity__data-documentation__2e5244efce__chunk_1
cmds-provider,cmds-provider__var__end-date,contains,https://resdac.org/cms-data/variables/provider-end-date,data/raw/html/variable_page/ecbf7afa4a14f2da401f23532813271d72160a91.html,,cmds-provider__data-documentation__89a050d3ee__chunk_1
cmds-provider,cmds-provider__var__entity-id,contains,https://resdac.org/cms-data/variables/entity-identifier,data/raw/html/variable_page/d19d8a6be1b07353131b97741e31704651a31c3e.html,,cmds-provider__data-documentation__89a050d3ee__chunk_1
cmds-provider,cmds-provider__var__model-id,contains,https://resdac.org/cms-data/variables/model-identifier,data/raw/html/variable_page/64fec6d08c3c67fd2505a6e8664f3c8a814f573a.html,,cmds-provider__data-documentation__89a050d3ee__chunk_1
cmds-provider,cmds-provider__var__part-type,contains,https://resdac.org/cms-data/variables/provider-participation-type,data/raw/html/variable_page/8552ef32e54189322841b45a794aebf8825b4519.html,,cmds-provider__data-documentation__89a050d3ee__chunk_1
cmds-provider,cmds-provider__var__prvdr-ccn,contains,https://resdac.org/cms-data/variables/cms-certification-number-provider,data/raw/html/variable_page/80c6e8b6f5dae1b976730b8cbead1157e14401d3.html,,cmds-provider__data-documentation__89a050d3ee__chunk_1
cmds-provider,cmds-provider__var__prvdr-tin,contains,https://resdac.org/cms-data/variables/taxpayer-identification-number-provider,data/raw/html/variable_page/391b00825490fddde2582221cf1208243b11aad9.html,,cmds-provider__data-documentation__89a050d3ee__chunk_1
cmds-provider,cmds-provider__var__start-date,contains,https://resdac.org/cms-data/variables/provider-start-date,data/raw/html/variable_page/b780ab44ab4ec280653ad1823c0322d2a605437d.html,,cmds-provider__data-documentation__89a050d3ee__chunk_1
dme-encounter,dme-encounter__var__bene-id,contains,https://resdac.org/cms-data/variables/encrypted-ccw-beneficiary-id,data/raw/html/variable_page/69950b21ed36af6e7ed6c908dc18142a50445d3c.html,,dme-encounter__data-documentation__7a9e3ab95c__chunk_1
dme-encounter,dme-encounter__var__clm-line-num,contains,https://resdac.org/cms-data/files/dme-encounter/data-documentation,data/raw/html/documentation_page/7a9e3ab95c81408f2ef1644024e5ac09aae2fff6.html,,dme-encounter__data-documentation__7a9e3ab95c__chunk_1
dme-encounter,dme-encounter__var__clm-thru-dt,contains,https://resdac.org/cms-data/variables/service-month,data/raw/html/variable_page/30f9e17155cdb5b9ea1b3e40ef272f4d202ef6c0.html,,dme-encounter__data-documentation__7a9e3ab95c__chunk_1
dme-encounter,dme-encounter__var__clm-type-cd,contains,https://resdac.org/cms-data/variables/claim-type-code,data/raw/html/variable_page/5144fe4cf2f59dbc72755b334e64e75424e33bb1.html,,dme-encounter__data-documentation__7a9e3ab95c__chunk_1
dme-encounter,dme-encounter__var__enc-join-key,contains,https://resdac.org/cms-data/variables/unique-encounter-join-key,data/raw/html/variable_page/cd84d123e6d3599b990f20802f675e1209032c5d.html,,dme-encounter__data-documentation__7a9e3ab95c__chunk_1
dme-encounter,dme-encounter__var__hcpcs-1st-mdfr-cd,contains,https://resdac.org/cms-data/variables/hcpcs-initial-modifier-code-encounter,data/raw/html/variable_page/cba4a6b25a6556c859a0e996a3f24c1030faa1ee.html,,dme-encounter__data-documentation__7a9e3ab95c__chunk_2
dme-encounter,dme-encounter__var__hcpcs-2nd-mdfr-cd,contains,https://resdac.org/cms-data/variables/hcpcs-second-modifier-code-encounter,data/raw/html/variable_page/999ce7b1935d71c342e6970bdd1e940b55f77cf3.html,,dme-encounter__data-documentation__7a9e3ab95c__chunk_3
dme-encounter,dme-encounter__var__hcpcs-3rd-mdfr-cd,contains,https://resdac.org/cms-data/variables/hcpcs-third-modifier-code-encounter,data/raw/html/variable_page/66b91f39b0e8bd08928003e1df7da5993ff2af3e.html,,dme-encounter__data-documentation__7a9e3ab95c__chunk_3
dme-encounter,dme-encounter__var__hcpcs-4th-mdfr-cd,contains,https://resdac.org/cms-data/variables/hcpcs-fourth-modifier-code-encounter,data/raw/html/variable_page/3b431b46cf112e78c9df535c4c88db2303a54be5.html,,dme-encounter__data-documentation__7a9e3ab95c__chunk_3
dme-encounter,dme-encounter__var__hcpcs-cd,contains,https://resdac.org/cms-data/variables/healthcare-common-procedure-coding-system-hcpcs-code-encounter,data/raw/html/variable_page/536487bc73f36a4ef63773ea9382af52c1946a37.html,,dme-encounter__data-documentation__7a9e3ab95c__chunk_2
dme-encounter,dme-encounter__var__line-1st-expns-dt,contains,https://resdac.org/cms-data/variables/line-last-expense-date-encounter,data/raw/html/variable_page/71f5a3623d01803b7a4cc04af24f72ca3c1270f2.html,,dme-encounter__data-documentation__7a9e3ab95c__chunk_2
dme-encounter,dme-encounter__var__line-last-expns-dt,contains,https://resdac.org/cms-data/files/dme-encounter/data-documentation,data/raw/html/documentation_page/7a9e3ab95c81408f2ef1644024e5ac09aae2fff6.html,,dme-encounter__data-documentation__7a9e3ab95c__chunk_2
dme-encounter,dme-encounter__var__line-ltst-clm-ind,contains,https://resdac.org/cms-data/variables/line-latest-claim-indicator,data/raw/html/variable_page/1c8e6fcd3d64714e80fe73ad2fdc969ffb2b2b41.html,,dme-encounter__data-documentation__7a9e3ab95c__chunk_3
dme-encounter,dme-encounter__var__line-ndc-cd,contains,https://resdac.org/cms-data/variables/line-national-drug-code-ndc-encounter,data/raw/html/variable_page/9002cbe0ac32eb9e549323f213fca78c458d5785.html,,dme-encounter__data-documentation__7a9e3ab95c__chunk_3
dme-encounter,dme-encounter__var__line-num-orig,contains,https://resdac.org/cms-data/variables/original-claim-line-number,data/raw/html/variable_page/3325efb320d47de7962a9bfd9c494dcc5eaf26c7.html,,dme-encounter__data-documentation__7a9e3ab95c__chunk_1
dme-encounter,dme-encounter__var__line-place-of-srvc-cd,contains,https://resdac.org/cms-data/variables/line-place-service-code-encounter,data/raw/html/variable_page/0a30a6ec5dffe53c53adf520da641cb8119e939d.html,,dme-encounter__data-documentation__7a9e3ab95c__chunk_2
dme-encounter,dme-encounter__var__line-srvc-cnt,contains,https://resdac.org/cms-data/variables/line-service-count-encounter,data/raw/html/variable_page/85c1cf5ac82222be8e65d4b0e5d4b78873441ed0.html,,dme-encounter__data-documentation__7a9e3ab95c__chunk_2
dme-encounter,dme-encounter__var__prvdr-npi,contains,https://resdac.org/cms-data/variables/line-rendering-physician-npi,data/raw/html/variable_page/d45cbcb5617e9d6e6e8ab5cefbd2da7206b48ae1.html,,dme-encounter__data-documentation__7a9e3ab95c__chunk_1
dme-encounter,dme-encounter__var__prvdr-spclty,contains,https://resdac.org/cms-data/variables/line-cms-provider-specialty-code,data/raw/html/variable_page/0c8786467b24d7816186b15b16443fd4a676867f.html,,dme-encounter__data-documentation__7a9e3ab95c__chunk_1
dme-ffs,dme-ffs__var__bene-id,contains,https://resdac.org/cms-data/variables/encrypted-ccw-beneficiary-id,data/raw/html/variable_page/69950b21ed36af6e7ed6c908dc18142a50445d3c.html,,dme-ffs__data-documentation__c76b7f2478__chunk_1
dme-ffs,dme-ffs__var__clm-id,contains,https://resdac.org/cms-data/variables/claim-line-number,data/raw/html/variable_page/9b2848ebe106f29b20cd60c9b55612add6696e91.html,,dme-ffs__data-documentation__c76b7f2478__chunk_1
dme-ffs,dme-ffs__var__demo-id-num,contains,https://resdac.org/cms-data/variables/demonstration-number,data/raw/html/variable_page/a32ca93381f4b3901439e6f4b9ffb7266463f125.html,,dme-ffs__data-documentation__c76b7f2478__chunk_1
dme-ffs,dme-ffs__var__demo-id-sqnc-num,contains,https://resdac.org/cms-data/variables/demonstration-sequence-number,data/raw/html/variable_page/eb1e841fe34c86a1894a3a109b8dbc2e6f845022.html,,dme-ffs__data-documentation__c76b7f2478__chunk_1
dme-ffs,dme-ffs__var__demo-info-txt,contains,https://resdac.org/cms-data/variables/demo-information-text,data/raw/html/variable_page/28a90de73ddfbdb1bc6cac8b54c2c7f387d0331f.html,,dme-ffs__data-documentation__c76b7f2478__chunk_1
dme-ffs,dme-ffs__var__nch-clm-type-cd,contains,https://resdac.org/cms-data/variables/nch-claim-type-code,data/raw/html/variable_page/e3d7728c48c11b3a62505589ff8deb65e42b66cc.html,,dme-ffs__data-documentation__c76b7f2478__chunk_1
hha-encounter,hha-encounter__var__bene-id,contains,https://resdac.org/cms-data/variables/encrypted-ccw-beneficiary-id,data/raw/html/variable_page/69950b21ed36af6e7ed6c908dc18142a50445d3c.html,,hha-encounter__data-documentation__a07a075e59__chunk_1
hha-encounter,hha-encounter__var__clm-rlt-cond-cd,contains,https://resdac.org/cms-data/variables/claim-related-condition-code-sequence,data/raw/html/variable_page/53d2231e3d34a44d32e05bddc47971c3e72a6831.html,,hha-encounter__data-documentation__a07a075e59__chunk_1
hha-encounter,hha-encounter__var__clm-rlt-ocrnc-cd,contains,https://resdac.org/cms-data/variables/claim-related-occurrence-code-sequence,data/raw/html/variable_page/29f86e4572088f8abc20ea33532a57813b545a76.html,,hha-encounter__data-documentation__a07a075e59__chunk_2
hha-encounter,hha-encounter__var__clm-rlt-ocrnc-dt,contains,https://resdac.org/cms-data/variables/claim-related-occurrence-date-encounter,data/raw/html/variable_page/7ef3d628208c84137b68beb671de327f15ff0b06.html,,hha-encounter__data-documentation__a07a075e59__chunk_2
hha-encounter,hha-encounter__var__clm-span-cd,contains,https://resdac.org/cms-data/variables/claim-related-span-code-sequence,data/raw/html/variable_page/d0957c5688e637d257e6cdbdb3e25dc963b2b1c1.html,,hha-encounter__data-documentation__a07a075e59__chunk_3
hha-encounter,hha-encounter__var__clm-span-from-dt,contains,https://resdac.org/cms-data/variables/claim-occurrence-span-code-encounter,data/raw/html/variable_page/791d0d8a128ffc9968b52d435c4e1f84722a4409.html,,hha-encounter__data-documentation__a07a075e59__chunk_3
hha-encounter,hha-encounter__var__clm-span-thru-dt,contains,https://resdac.org/cms-data/files/hha-encounter/data-documentation,data/raw/html/documentation_page/a07a075e593b19d3ebc8b13f1dd8472d93c66d30.html,,hha-encounter__data-documentation__a07a075e59__chunk_3
hha-encounter,hha-encounter__var__clm-type-cd,contains,https://resdac.org/cms-data/variables/claim-type-code,data/raw/html/variable_page/5144fe4cf2f59dbc72755b334e64e75424e33bb1.html,,hha-encounter__data-documentation__a07a075e59__chunk_1
hha-encounter,hha-encounter__var__clm-val-cd,contains,https://resdac.org/cms-data/variables/claim-value-code-encounter,data/raw/html/variable_page/6b1fbd2de79ba7ca4fdfed312e47a6e9983a2d15.html,,hha-encounter__data-documentation__a07a075e59__chunk_4
hha-encounter,hha-encounter__var__enc-join-key,contains,https://resdac.org/cms-data/variables/unique-encounter-join-key,data/raw/html/variable_page/cd84d123e6d3599b990f20802f675e1209032c5d.html,,hha-encounter__data-documentation__a07a075e59__chunk_1
hha-encounter,hha-encounter__var__rlt-cond-cd-seq,contains,https://resdac.org/cms-data/files/hha-encounter/data-documentation,data/raw/html/documentation_page/a07a075e593b19d3ebc8b13f1dd8472d93c66d30.html,,hha-encounter__data-documentation__a07a075e59__chunk_1
hha-encounter,hha-encounter__var__rlt-ocrnc-cd-seq,contains,https://resdac.org/cms-data/files/hha-encounter/data-documentation,data/raw/html/documentation_page/a07a075e593b19d3ebc8b13f1dd8472d93c66d30.html,,hha-encounter__data-documentation__a07a075e59__chunk_2
hha-encounter,hha-encounter__var__rlt-span-cd-seq,contains,https://resdac.org/cms-data/files/hha-encounter/data-documentation,data/raw/html/documentation_page/a07a075e593b19d3ebc8b13f1dd8472d93c66d30.html,,hha-encounter__data-documentation__a07a075e59__chunk_3
hha-encounter,hha-encounter__var__rlt-val-cd-seq,contains,https://resdac.org/cms-data/files/hha-encounter/data-documentation,data/raw/html/documentation_page/a07a075e593b19d3ebc8b13f1dd8472d93c66d30.html,,hha-encounter__data-documentation__a07a075e59__chunk_4
hha-ffs,hha-ffs__var__aco-id-num,contains,https://resdac.org/cms-data/variables/claim-accountable-care-organization-aco-identification-number,data/raw/html/variable_page/7907c87db97da05623c5caf524ad6901eccd6f7c.html,,hha-ffs__data-documentation__7a39b31d66__chunk_16
hha-ffs,hha-ffs__var__at-physn-npi,contains,https://resdac.org/cms-data/variables/claim-attending-physician-npi-number-ffs,data/raw/html/variable_page/dbe58666ccdfe6cdd5039dbf0e339ad888bd556e.html,,hha-ffs__data-documentation__7a39b31d66__chunk_3
hha-ffs,hha-ffs__var__at-physn-spclty-cd,contains,https://resdac.org/cms-data/variables/claim-attending-physician-specialty-code,data/raw/html/variable_page/c06eeb85a09e7c15549359bc468f48e6962ff0ef.html,,hha-ffs__data-documentation__7a39b31d66__chunk_3
hha-ffs,hha-ffs__var__at-physn-upin,contains,https://resdac.org/cms-data/variables/claim-attending-physician-upin-number,data/raw/html/variable_page/3104686fe2f381921b703826a849abe6739b6b23.html,,hha-ffs__data-documentation__7a39b31d66__chunk_3
hha-ffs,hha-ffs__var__bene-cnty-cd,contains,https://resdac.org/cms-data/variables/county-code-claim-ssa,data/raw/html/variable_page/e56351dbbbbdbc93e24d44cca5111740efaf7b38.html,,hha-ffs__data-documentation__7a39b31d66__chunk_13
hha-ffs,hha-ffs__var__bene-id,contains,https://resdac.org/cms-data/variables/encrypted-ccw-beneficiary-id,data/raw/html/variable_page/69950b21ed36af6e7ed6c908dc18142a50445d3c.html,,hha-ffs__data-documentation__7a39b31d66__chunk_0
hha-ffs,hha-ffs__var__bene-mlg-cntct-zip-cd,contains,https://resdac.org/cms-data/variables/zip-code-residence-claim,data/raw/html/variable_page/4e89b65565f7e1c564c44024ade6e52795c411d4.html,,hha-ffs__data-documentation__7a39b31d66__chunk_13
hha-ffs,hha-ffs__var__bene-race-cd,contains,https://resdac.org/cms-data/variables/beneficiary-race-code-ffs,data/raw/html/variable_page/125923723e3bd54159f5f98694ac7ce4a4a394b7.html,,hha-ffs__data-documentation__7a39b31d66__chunk_12
hha-ffs,hha-ffs__var__bene-state-cd,contains,https://resdac.org/cms-data/variables/beneficiary-residence-ssa-state-code-ffs,data/raw/html/variable_page/512bc1fd8daa3c878e418f6d97b03c2e183fb36c.html,,hha-ffs__data-documentation__7a39b31d66__chunk_13
hha-ffs,hha-ffs__var__claim-query-code,contains,https://resdac.org/cms-data/variables/claim-query-code,data/raw/html/variable_page/a1352a27d5f964ed31ba3c5f667f5229055b908f.html,,hha-ffs__data-documentation__7a39b31d66__chunk_0
hha-ffs,hha-ffs__var__clm-adjust-grp-cd,contains,https://resdac.org/cms-data/variables/claim-adjustment-group-code,data/raw/html/variable_page/2f7979c1543d4de24f5135c05f34970dcd03c2c4.html,,hha-ffs__data-documentation__7a39b31d66__chunk_17
hha-ffs,hha-ffs__var__clm-adjust-rsn-cd,contains,https://resdac.org/cms-data/variables/claim-adjustment-reason-code,data/raw/html/variable_page/8bceff68ebd08ce91c27308e6934ebdb149935dd.html,,hha-ffs__data-documentation__7a39b31d66__chunk_17
hha-ffs,hha-ffs__var__clm-admsn-dt,contains,https://resdac.org/cms-data/variables/claim-admission-date-ffs,data/raw/html/variable_page/e0fa50a2fa8e5ddc694c4ddcff714c6eafb66bc2.html,,hha-ffs__data-documentation__7a39b31d66__chunk_12
hha-ffs,hha-ffs__var__clm-bene-id-type-cd,contains,https://resdac.org/cms-data/variables/claim-beneficiary-identifier-type-code,data/raw/html/variable_page/4044859b0a86ea0c6fd9f238d89bee1c828ab44a.html,,hha-ffs__data-documentation__7a39b31d66__chunk_16
hha-ffs,hha-ffs__var__clm-clncl-tril-num,contains,https://resdac.org/cms-data/variables/clinical-trial-number,data/raw/html/variable_page/4df27e68d2885fc675b4c5f6d71151a8d11d4f8c.html,,hha-ffs__data-documentation__7a39b31d66__chunk_18
hha-ffs,hha-ffs__var__clm-fac-type-cd,contains,https://resdac.org/cms-data/variables/claim-facility-type-code-ffs,data/raw/html/variable_page/60f4f278b28f810bf0be4c7bb2d022c72b9a3016.html,,hha-ffs__data-documentation__7a39b31d66__chunk_1
hha-ffs,hha-ffs__var__clm-freq-cd,contains,https://resdac.org/cms-data/variables/claim-frequency-code-ffs,data/raw/html/variable_page/f5fc159d9b355c622a6f920facd62416e1047827.html,,hha-ffs__data-documentation__7a39b31d66__chunk_1
hha-ffs,hha-ffs__var__clm-from-dt,contains,https://resdac.org/cms-data/variables/claim-date-ffs,data/raw/html/variable_page/02457398703925ce3d536d225abd78786dbbf3b2.html,,hha-ffs__data-documentation__7a39b31d66__chunk_0
hha-ffs,hha-ffs__var__clm-hha-lupa-ind-cd,contains,https://resdac.org/cms-data/variables/claim-hha-low-utilization-payment-adjustment-lupa-indicator-code,data/raw/html/variable_page/c609b415f5a6a08f25a9c9e905bd7fe9cb5879f5.html,,hha-ffs__data-documentation__7a39b31d66__chunk_12
hha-ffs,hha-ffs__var__clm-hha-rfrl-cd,contains,https://resdac.org/cms-data/variables/claim-hha-referral-code,data/raw/html/variable_page/08b7384793706a82d45aaee4c8f2eb8394a9242b.html,,hha-ffs__data-documentation__7a39b31d66__chunk_12
hha-ffs,hha-ffs__var__clm-hha-tot-visit-cnt,contains,https://resdac.org/cms-data/variables/claim-hha-total-visit-count,data/raw/html/variable_page/dc23582d87af626d7bb802b52b246d0ff2ce663e.html,,hha-ffs__data-documentation__7a39b31d66__chunk_12
hha-ffs,hha-ffs__var__clm-id,contains,https://resdac.org/cms-data/variables/claim-line-number,data/raw/html/variable_page/9b2848ebe106f29b20cd60c9b55612add6696e91.html,,hha-ffs__data-documentation__7a39b31d66__chunk_0
hha-ffs,hha-ffs__var__clm-mco-pd-sw,contains,https://resdac.org/cms-data/variables/claim-mco-paid-switch,data/raw/html/variable_page/8d976aba706159838b184f427a9cf514335ea07b.html,,hha-ffs__data-documentation__7a39b31d66__chunk_5
hha-ffs,hha-ffs__var__clm-mdcl-rec,contains,https://resdac.org/cms-data/variables/claim-medical-record-number-ffs,data/raw/html/variable_page/b2e5fc90c77e198aa4afa50be9fa5def1a6580cc.html,,hha-ffs__data-documentation__7a39b31d66__chunk_13
hha-ffs,hha-ffs__var__clm-mdcr-non-pmt-rsn-cd,contains,https://resdac.org/cms-data/variables/claim-medicare-non-payment-reason-code,data/raw/html/variable_page/d740866108affabd0c6683f4288829600d3c4af7.html,,hha-ffs__data-documentation__7a39b31d66__chunk_1
hha-ffs,hha-ffs__var__clm-model-reimbrsmt-amt,contains,https://resdac.org/cms-data/files/hha-ffs/data-documentation,data/raw/html/documentation_page/7a39b31d66a1e4c8a9496eb67fda7c56df9bca35.html,,hha-ffs__data-documentation__7a39b31d66__chunk_17
hha-ffs,hha-ffs__var__clm-next-gnrtn-aco-ind-cd1,contains,https://resdac.org/cms-data/variables/claim-next-generation-ng-accountable-care-organization-aco-indicator-code-population-based-payment-pbp,data/raw/html/variable_page/ae99c2db0488f1e89b5f87430680de8f8329a8b1.html,,hha-ffs__data-documentation__7a39b31d66__chunk_14
hha-ffs,hha-ffs__var__clm-next-gnrtn-aco-ind-cd2,contains,https://resdac.org/cms-data/variables/claim-next-generation-ng-accountable-care-organization-aco-indicator-code,data/raw/html/variable_page/531afb00cf1e8e2cbad9e0534b10f12c0b7141c8.html,,hha-ffs__data-documentation__7a39b31d66__chunk_15
hha-ffs,hha-ffs__var__clm-next-gnrtn-aco-ind-cd3,contains,https://resdac.org/cms-data/variables/claim-next-generation-ng-accountable-care-organization-aco-indicator-code-post,data/raw/html/variable_page/f049110b3b59bfeb3c69dba86142eb08207daf1d.html,,hha-ffs__data-documentation__7a39b31d66__chunk_15
hha-ffs,hha-ffs__var__clm-next-gnrtn-aco-ind-cd4,contains,https://resdac.org/cms-data/variables/claim-next-generation-ng-accountable-care-organization-aco-indicator-code-3-day,data/raw/html/variable_page/a11dc318a06cc9546b30f6400cd4d50b879722a2.html,,hha-ffs__data-documentation__7a39b31d66__chunk_15
hha-ffs,hha-ffs__var__clm-next-gnrtn-aco-ind-cd5,contains,https://resdac.org/cms-data/variables/claim-next-generation-ng-accountable-care-organization-aco-indicator-code-capitation,data/raw/html/variable_page/694416660044fe79f8f792ead71335b536fb9311.html,,hha-ffs__data-documentation__7a39b31d66__chunk_16
hha-ffs,hha-ffs__var__clm-pmt-amt,contains,https://resdac.org/cms-data/variables/claim-model-reimbursement-amount,data/raw/html/variable_page/e91836e1dd6edd7f3d5418a688e3902733c19393.html,,hha-ffs__data-documentation__7a39b31d66__chunk_2
hha-ffs,hha-ffs__var__clm-pps-ind-cd,contains,https://resdac.org/cms-data/variables/claim-pps-indicator-code,data/raw/html/variable_page/be74f08b4ca2da3d5e5a515e2dcf9609a03e9fba.html,,hha-ffs__data-documentation__7a39b31d66__chunk_5
hha-ffs,hha-ffs__var__clm-prcr-rtrn-cd,contains,https://resdac.org/cms-data/variables/claim-pricer-return-code,data/raw/html/variable_page/88d894fc3c7a329e5931abfcabcef77fb22d1374.html,,hha-ffs__data-documentation__7a39b31d66__chunk_13
hha-ffs,hha-ffs__var__clm-prcr-vrsn-cd,contains,https://resdac.org/cms-data/variables/claim-pricer-version-code,data/raw/html/variable_page/1047485731efc56abb10951f6c94f56ad31729ad.html,,hha-ffs__data-documentation__7a39b31d66__chunk_14
hha-ffs,hha-ffs__var__clm-rsdl-pymt-ind-cd,contains,https://resdac.org/cms-data/variables/claim-residual-payment-indicator-code,data/raw/html/variable_page/9c7082c889b6f540c7104f3c7865bc1965688c4e.html,,hha-ffs__data-documentation__7a39b31d66__chunk_16
hha-ffs,hha-ffs__var__clm-srvc-clsfctn-type-cd,contains,https://resdac.org/cms-data/variables/claim-service-classification-type-code-ffs,data/raw/html/variable_page/f89aac11784f011066bc0de3137c1b2c0cdb59ec.html,,hha-ffs__data-documentation__7a39b31d66__chunk_1
hha-ffs,hha-ffs__var__clm-srvc-fac-zip-cd,contains,https://resdac.org/cms-data/variables/claim-service-facility-zip-code-where-service-was-provided,data/raw/html/variable_page/c2fb48ef1078e732a197e0df1a5950b95cdff56b.html,,hha-ffs__data-documentation__7a39b31d66__chunk_14
hha-ffs,hha-ffs__var__clm-thru-dt,contains,https://resdac.org/cms-data/variables/patient-discharge-status-code-ffs,data/raw/html/variable_page/909a971a8d0ff217fe8ca63c942a5108c80e5e75.html,,hha-ffs__data-documentation__7a39b31d66__chunk_0
hha-ffs,hha-ffs__var__clm-tot-chrg-amt,contains,https://resdac.org/cms-data/variables/claim-total-charge-amount,data/raw/html/variable_page/7f61ac3a1a342217964f53e6bfd51b17ec893a04.html,,hha-ffs__data-documentation__7a39b31d66__chunk_5
hha-ffs,hha-ffs__var__clm-trtmt-authrztn-num,contains,https://resdac.org/cms-data/variables/claim-treatment-authorization-number,data/raw/html/variable_page/910c425b4c2779228030d2698a96597bf53a4054.html,,hha-ffs__data-documentation__7a39b31d66__chunk_13
hha-ffs,hha-ffs__var__dob-dt,contains,https://resdac.org/cms-data/variables/date-birth-claim,data/raw/html/variable_page/69b98fdd381a3112e7aa54e240ebfb13845a9689.html,,hha-ffs__data-documentation__7a39b31d66__chunk_12
hha-ffs,hha-ffs__var__finl-std-amt,contains,https://resdac.org/cms-data/files/hha-ffs/data-documentation,data/raw/html/documentation_page/7a39b31d66a1e4c8a9496eb67fda7c56df9bca35.html,,hha-ffs__data-documentation__7a39b31d66__chunk_16
hha-ffs,hha-ffs__var__fi-clm-actn-cd,contains,https://resdac.org/cms-data/variables/fi-or-mac-claim-action-code,data/raw/html/variable_page/da445dfed8531a4fb3923865b1460cb903dcb530.html,,hha-ffs__data-documentation__7a39b31d66__chunk_2
hha-ffs,hha-ffs__var__fi-clm-proc-dt,contains,https://resdac.org/cms-data/variables/fi-claim-process-date,data/raw/html/variable_page/3fb55742da88ead1cf049edcb54a8d8694130180.html,,hha-ffs__data-documentation__7a39b31d66__chunk_0
hha-ffs,hha-ffs__var__fi-num,contains,https://resdac.org/cms-data/variables/fi-or-mac-number,data/raw/html/variable_page/e2cb5261d195e4e228d1f714ee572f4c08795085.html,,hha-ffs__data-documentation__7a39b31d66__chunk_1
hha-ffs,hha-ffs__var__fst-dgns-e-cd,contains,https://resdac.org/cms-data/variables/first-claim-diagnosis-e-code-ffs,data/raw/html/variable_page/114509522f88f30e7c0cf8eb7d2d664cc89eb67b.html,,hha-ffs__data-documentation__7a39b31d66__chunk_10
hha-ffs,hha-ffs__var__icd-dgns-cd1,contains,https://resdac.org/cms-data/variables/claim-principal-diagnosis-code-ffs,data/raw/html/variable_page/ad7d861ddc79d4c73b00fddbd7808c508fa026e6.html,,hha-ffs__data-documentation__7a39b31d66__chunk_6
hha-ffs,hha-ffs__var__icd-dgns-cd10,contains,https://resdac.org/cms-data/variables/claim-diagnosis-code-x-ffs,data/raw/html/variable_page/b549b31171cf4417985a7df400f0ea565a87e07c.html,,hha-ffs__data-documentation__7a39b31d66__chunk_7
hha-ffs,hha-ffs__var__icd-dgns-cd11,contains,https://resdac.org/cms-data/variables/claim-diagnosis-code-xi-ffs,data/raw/html/variable_page/a195f80386d9b06137e38bd13242cdaa15fa6091.html,,hha-ffs__data-documentation__7a39b31d66__chunk_7
hha-ffs,hha-ffs__var__icd-dgns-cd12,contains,https://resdac.org/cms-data/variables/claim-diagnosis-code-xii-ffs,data/raw/html/variable_page/b3ea2e7447a88ba6f9a5f828f99e0aacd5aa73cb.html,,hha-ffs__data-documentation__7a39b31d66__chunk_7
hha-ffs,hha-ffs__var__icd-dgns-cd13,contains,https://resdac.org/cms-data/variables/claim-diagnosis-code-xiii-ffs,data/raw/html/variable_page/f8baf0f286e0c8bc6f92e6e57e1ae35ce9acde62.html,,hha-ffs__data-documentation__7a39b31d66__chunk_8
hha-ffs,hha-ffs__var__icd-dgns-cd14,contains,https://resdac.org/cms-data/variables/claim-diagnosis-code-xiv-ffs,data/raw/html/variable_page/b1af0ce8cfc1078d878b9f1ee9a35f823333b393.html,,hha-ffs__data-documentation__7a39b31d66__chunk_8
hha-ffs,hha-ffs__var__icd-dgns-cd15,contains,https://resdac.org/cms-data/variables/claim-diagnosis-code-xv-ffs,data/raw/html/variable_page/26927492b7ec7de0acc4940d08e5afac7e111057.html,,hha-ffs__data-documentation__7a39b31d66__chunk_8
hha-ffs,hha-ffs__var__icd-dgns-cd16,contains,https://resdac.org/cms-data/variables/claim-diagnosis-code-xvi-ffs,data/raw/html/variable_page/2174e8c0731decd04e16de9446691440953e58cf.html,,hha-ffs__data-documentation__7a39b31d66__chunk_8
hha-ffs,hha-ffs__var__icd-dgns-cd17,contains,https://resdac.org/cms-data/variables/claim-diagnosis-code-xvii-ffs,data/raw/html/variable_page/eb2a7f765cfd53a59f0b267184452706b05b9a6a.html,,hha-ffs__data-documentation__7a39b31d66__chunk_8
hha-ffs,hha-ffs__var__icd-dgns-cd18,contains,https://resdac.org/cms-data/variables/claim-diagnosis-code-xviii-ffs,data/raw/html/variable_page/8237f3505f3746ec7b4644d3962f78d74bdd294a.html,,hha-ffs__data-documentation__7a39b31d66__chunk_8
hha-ffs,hha-ffs__var__icd-dgns-cd19,contains,https://resdac.org/cms-data/variables/claim-diagnosis-code-xix-ffs,data/raw/html/variable_page/f717fe68280a2cfe1cdcbef78dec577e2e3b0955.html,,hha-ffs__data-documentation__7a39b31d66__chunk_8
hha-ffs,hha-ffs__var__icd-dgns-cd2,contains,https://resdac.org/cms-data/variables/claim-diagnosis-code-ii-ffs,data/raw/html/variable_page/2f285ff3d715f7e55df9654a26a8f8c9a8b50f63.html,,hha-ffs__data-documentation__7a39b31d66__chunk_6
hha-ffs,hha-ffs__var__icd-dgns-cd20,contains,https://resdac.org/cms-data/variables/claim-diagnosis-code-xx-ffs,data/raw/html/variable_page/b6dc58c95dc90df5959319f5de2cca25c04e70b5.html,,hha-ffs__data-documentation__7a39b31d66__chunk_9
hha-ffs,hha-ffs__var__icd-dgns-cd21,contains,https://resdac.org/cms-data/variables/claim-diagnosis-code-xxi-ffs,data/raw/html/variable_page/7a5350f6810babdd634148297a578b9a92dcae9a.html,,hha-ffs__data-documentation__7a39b31d66__chunk_9
hha-ffs,hha-ffs__var__icd-dgns-cd22,contains,https://resdac.org/cms-data/variables/claim-diagnosis-code-xxii-ffs,data/raw/html/variable_page/10aaa05f96973abc119bd0595ad58ab98a256917.html,,hha-ffs__data-documentation__7a39b31d66__chunk_9
hha-ffs,hha-ffs__var__icd-dgns-cd23,contains,https://resdac.org/cms-data/variables/claim-diagnosis-code-xxiii-ffs,data/raw/html/variable_page/6ca148e7cd4da28abfb737842bdf7048d6331d0d.html,,hha-ffs__data-documentation__7a39b31d66__chunk_9
hha-ffs,hha-ffs__var__icd-dgns-cd24,contains,https://resdac.org/cms-data/variables/claim-diagnosis-code-xxiv-ffs,data/raw/html/variable_page/81b6691fdfb6afc9198edb171d8dfaeca6d65a62.html,,hha-ffs__data-documentation__7a39b31d66__chunk_9
hha-ffs,hha-ffs__var__icd-dgns-cd25,contains,https://resdac.org/cms-data/variables/claim-diagnosis-code-xxv-ffs,data/raw/html/variable_page/7857cb195704c2c995ded55397aacc8f48810185.html,,hha-ffs__data-documentation__7a39b31d66__chunk_9
hha-ffs,hha-ffs__var__icd-dgns-cd3,contains,https://resdac.org/cms-data/variables/claim-diagnosis-code-iii-ffs,data/raw/html/variable_page/c4855455facd338af112b3426145db9f28d843de.html,,hha-ffs__data-documentation__7a39b31d66__chunk_6
hha-ffs,hha-ffs__var__icd-dgns-cd4,contains,https://resdac.org/cms-data/variables/claim-diagnosis-code-iv-ffs,data/raw/html/variable_page/b45d506b0e3c37c5f633d7d8bf19b1af93ff159d.html,,hha-ffs__data-documentation__7a39b31d66__chunk_6
hha-ffs,hha-ffs__var__icd-dgns-cd5,contains,https://resdac.org/cms-data/variables/claim-diagnosis-code-v-ffs,data/raw/html/variable_page/a2142bd7a007e273c4b50fec2c2088e0439836fa.html,,hha-ffs__data-documentation__7a39b31d66__chunk_6
hha-ffs,hha-ffs__var__icd-dgns-cd6,contains,https://resdac.org/cms-data/variables/claim-diagnosis-code-vi-ffs,data/raw/html/variable_page/8896bfb47721666c353e179c1f57d10155a827a5.html,,hha-ffs__data-documentation__7a39b31d66__chunk_6
hha-ffs,hha-ffs__var__icd-dgns-cd7,contains,https://resdac.org/cms-data/variables/claim-diagnosis-code-vii-ffs,data/raw/html/variable_page/85ba7909476ee6e9ef5b89e1ef89f432c7bd3edd.html,,hha-ffs__data-documentation__7a39b31d66__chunk_7
hha-ffs,hha-ffs__var__icd-dgns-cd8,contains,https://resdac.org/cms-data/variables/claim-diagnosis-code-viii-ffs,data/raw/html/variable_page/1588f2733894ba2d5da021d9d54f5970c3cd61aa.html,,hha-ffs__data-documentation__7a39b31d66__chunk_7
hha-ffs,hha-ffs__var__icd-dgns-cd9,contains,https://resdac.org/cms-data/variables/claim-diagnosis-code-ix-ffs,data/raw/html/variable_page/0f2556c81e5041805bf41b4828d13b5760efab1f.html,,hha-ffs__data-documentation__7a39b31d66__chunk_7
hha-ffs,hha-ffs__var__icd-dgns-e-cd1,contains,https://resdac.org/cms-data/variables/claim-diagnosis-e-code-i-ffs,data/raw/html/variable_page/6066cc5a964ac400e9424778b715eaf46b4a42f5.html,,hha-ffs__data-documentation__7a39b31d66__chunk_10
hha-ffs,hha-ffs__var__icd-dgns-e-cd10,contains,https://resdac.org/cms-data/variables/claim-diagnosis-e-code-x-ffs,data/raw/html/variable_page/d29e0f255cad3fe8a5766053041e53a34872f78c.html,,hha-ffs__data-documentation__7a39b31d66__chunk_11
hha-ffs,hha-ffs__var__icd-dgns-e-cd11,contains,https://resdac.org/cms-data/variables/claim-diagnosis-e-code-xi,data/raw/html/variable_page/1506056a1144cd838762942358b2f6d2efa557e7.html,,hha-ffs__data-documentation__7a39b31d66__chunk_11
hha-ffs,hha-ffs__var__icd-dgns-e-cd12,contains,https://resdac.org/cms-data/variables/claim-diagnosis-e-code-xii,data/raw/html/variable_page/063785d14c66d5b28aa90beff1b101110cdcfbe5.html,,hha-ffs__data-documentation__7a39b31d66__chunk_11
hha-ffs,hha-ffs__var__icd-dgns-e-cd2,contains,https://resdac.org/cms-data/variables/claim-diagnosis-e-code-ii-ffs,data/raw/html/variable_page/22adb61c54e91b84ef7e26cfe59a230957c5818f.html,,hha-ffs__data-documentation__7a39b31d66__chunk_10
hha-ffs,hha-ffs__var__icd-dgns-e-cd3,contains,https://resdac.org/cms-data/variables/claim-diagnosis-e-code-iii-ffs,data/raw/html/variable_page/6e6cf2405a02e910f024fdebdc9c46edc8db3342.html,,hha-ffs__data-documentation__7a39b31d66__chunk_10
hha-ffs,hha-ffs__var__icd-dgns-e-cd4,contains,https://resdac.org/cms-data/variables/claim-diagnosis-e-code-iv-ffs,data/raw/html/variable_page/422967ea44d3bba99d629fd99214675cceeacb1d.html,,hha-ffs__data-documentation__7a39b31d66__chunk_10
hha-ffs,hha-ffs__var__icd-dgns-e-cd5,contains,https://resdac.org/cms-data/variables/claim-diagnosis-e-code-v-ffs,data/raw/html/variable_page/725ee1f47c9d39aacf0f9617c72f40a9ab639117.html,,hha-ffs__data-documentation__7a39b31d66__chunk_10
hha-ffs,hha-ffs__var__icd-dgns-e-cd6,contains,https://resdac.org/cms-data/variables/claim-diagnosis-e-code-vi-ffs,data/raw/html/variable_page/7a31bae902e413bc3d1057c356bee47627368b45.html,,hha-ffs__data-documentation__7a39b31d66__chunk_11
hha-ffs,hha-ffs__var__icd-dgns-e-cd7,contains,https://resdac.org/cms-data/variables/claim-diagnosis-e-code-vii-ffs,data/raw/html/variable_page/596ecd0a3038fa5605510c5ea9712ad332f81a48.html,,hha-ffs__data-documentation__7a39b31d66__chunk_11
hha-ffs,hha-ffs__var__icd-dgns-e-cd8,contains,https://resdac.org/cms-data/variables/claim-diagnosis-e-code-viii-ffs,data/raw/html/variable_page/383c1156fe6317c07f3c4aadeef1f69fac10aa66.html,,hha-ffs__data-documentation__7a39b31d66__chunk_11
hha-ffs,hha-ffs__var__icd-dgns-e-cd9,contains,https://resdac.org/cms-data/variables/claim-diagnosis-e-code-ix-ffs,data/raw/html/variable_page/746b3d284c7ff4cd6294fc3adf6fd5acb47d82fa.html,,hha-ffs__data-documentation__7a39b31d66__chunk_11
hha-ffs,hha-ffs__var__nch-bene-dschrg-dt,contains,https://resdac.org/cms-data/files/hha-ffs/data-documentation,data/raw/html/documentation_page/7a39b31d66a1e4c8a9496eb67fda7c56df9bca35.html,,hha-ffs__data-documentation__7a39b31d66__chunk_5
hha-ffs,hha-ffs__var__nch-clm-type-cd,contains,https://resdac.org/cms-data/variables/revenue-center-medicare-provider-payment-amount,data/raw/html/variable_page/63408b8a4617db4e2f44a40f06c41f83ee982fa2.html,,hha-ffs__data-documentation__7a39b31d66__chunk_0
hha-ffs,hha-ffs__var__nch-near-line-rec-ident-cd,contains,https://resdac.org/cms-data/variables/nch-near-line-record-identification-code-ric,data/raw/html/variable_page/e2a65d5ccbf09b134831997edc04f893982c342b.html,,hha-ffs__data-documentation__7a39b31d66__chunk_0
hha-ffs,hha-ffs__var__nch-prmry-pyr-cd,contains,https://resdac.org/cms-data/variables/nch-primary-payer-code-if-not-medicare,data/raw/html/variable_page/b317a9a6ccf8ed6ecabb8cfe040aec5f316f1cc4.html,,hha-ffs__data-documentation__7a39b31d66__chunk_2
hha-ffs,hha-ffs__var__nch-prmry-pyr-clm-pd-amt,contains,https://resdac.org/cms-data/variables/nch-primary-payer-if-not-medicare-claim-paid-amount,data/raw/html/variable_page/2b019e3401e5d10ae77ff71e42eb87e40c8519df.html,,hha-ffs__data-documentation__7a39b31d66__chunk_2
hha-ffs,hha-ffs__var__nch-wkly-proc-dt,contains,https://resdac.org/cms-data/variables/nch-weekly-claim-processing-date,data/raw/html/variable_page/2c4fc50a162db7e581e0a12caf0ebc4f2b60bf39.html,,hha-ffs__data-documentation__7a39b31d66__chunk_0
hha-ffs,hha-ffs__var__op-physn-npi,contains,https://resdac.org/cms-data/variables/claim-operating-physician-npi-number-ffs,data/raw/html/variable_page/71453b90edf9cb3f1bc8d156b32bf5cd04491e42.html,,hha-ffs__data-documentation__7a39b31d66__chunk_3
hha-ffs,hha-ffs__var__op-physn-spclty-cd,contains,https://resdac.org/cms-data/variables/claim-operating-physician-specialty-code,data/raw/html/variable_page/a35ed051bd27b521da1d0e22f5239602bf4d43ef.html,,hha-ffs__data-documentation__7a39b31d66__chunk_4
hha-ffs,hha-ffs__var__org-npi-num,contains,https://resdac.org/cms-data/variables/organization-or-group-npi-number,data/raw/html/variable_page/e8247733716c1754f88e37f2ee97ab727459759f.html,,hha-ffs__data-documentation__7a39b31d66__chunk_3
hha-ffs,hha-ffs__var__ot-physn-npi,contains,https://resdac.org/cms-data/variables/claim-other-physician-npi-number-ffs,data/raw/html/variable_page/023c022aea73887cc232e2301736aea58005996e.html,,hha-ffs__data-documentation__7a39b31d66__chunk_4
hha-ffs,hha-ffs__var__ot-physn-spclty-cd,contains,https://resdac.org/cms-data/variables/claim-other-physician-specialty-code,data/raw/html/variable_page/3280d1644860439cfdef4ef30a51a3150cb10b36.html,,hha-ffs__data-documentation__7a39b31d66__chunk_4
hha-ffs,hha-ffs__var__pps-std-val-pymt-amt,contains,https://resdac.org/cms-data/variables/standard-payment-amount-0,data/raw/html/variable_page/705b3612f5e63f91580b65b5c51ebf69fee35972.html,,hha-ffs__data-documentation__7a39b31d66__chunk_17
hha-ffs,hha-ffs__var__prncpal-dgns-cd,contains,https://resdac.org/cms-data/files/hha-ffs/data-documentation,data/raw/html/documentation_page/7a39b31d66a1e4c8a9496eb67fda7c56df9bca35.html,,hha-ffs__data-documentation__7a39b31d66__chunk_6
hha-ffs,hha-ffs__var__prvdr-full-ccn-num,contains,https://resdac.org/cms-data/files/hha-ffs/data-documentation,data/raw/html/documentation_page/7a39b31d66a1e4c8a9496eb67fda7c56df9bca35.html,,hha-ffs__data-documentation__7a39b31d66__chunk_1
hha-ffs,hha-ffs__var__prvdr-num,contains,https://resdac.org/cms-data/variables/provider-number,data/raw/html/variable_page/688c63400acc0dfaa76fe29417ac5e1641f360b0.html,,hha-ffs__data-documentation__7a39b31d66__chunk_1
hha-ffs,hha-ffs__var__prvdr-state-cd,contains,https://resdac.org/cms-data/variables/nch-provider-ssa-state-code,data/raw/html/variable_page/51b49cc085d78a4b01d479d262d048edc53cc046.html,,hha-ffs__data-documentation__7a39b31d66__chunk_2
hha-ffs,hha-ffs__var__prvdr-vldtn-type-cd,contains,https://resdac.org/cms-data/variables/provider-validation-type-code,data/raw/html/variable_page/b24c008e9ff17a9e5818a21ed874962c1be003ce.html,,hha-ffs__data-documentation__7a39b31d66__chunk_17
hha-ffs,hha-ffs__var__ptnt-dschrg-stus-cd,contains,https://resdac.org/cms-data/files/hha-ffs/data-documentation,data/raw/html/documentation_page/7a39b31d66a1e4c8a9496eb67fda7c56df9bca35.html,,hha-ffs__data-documentation__7a39b31d66__chunk_5
hha-ffs,hha-ffs__var__rfrg-spclty-cd,contains,https://resdac.org/cms-data/variables/claim-referring-physician-specialty-code,data/raw/html/variable_page/1cbfb8175933c84946c2283e84978bb02b820052.html,,hha-ffs__data-documentation__7a39b31d66__chunk_5
hha-ffs,hha-ffs__var__rfr-physn-npi,contains,https://resdac.org/cms-data/variables/claim-referring-physician-npi-number,data/raw/html/variable_page/819e70e5dd4d211911223a924bb0ee19974988c1.html,,hha-ffs__data-documentation__7a39b31d66__chunk_5
hha-ffs,hha-ffs__var__rndrng-physn-npi,contains,https://resdac.org/cms-data/variables/rendering-physician-npi-ffs,data/raw/html/variable_page/7599b431246712b6448a443663f7364254cd04db.html,,hha-ffs__data-documentation__7a39b31d66__chunk_4
hha-ffs,hha-ffs__var__rndrng-physn-spclty-cd,contains,https://resdac.org/cms-data/variables/claim-or-revenue-center-rendering-physician-specialty-code,data/raw/html/variable_page/186ff3424eb9e479fb2f32a24454e8d69453bbca.html,,hha-ffs__data-documentation__7a39b31d66__chunk_4
hha-ffs,hha-ffs__var__rr-brd-exclsn-ind-sw,contains,https://resdac.org/cms-data/variables/railroad-board-exclusion-indicator-switch,data/raw/html/variable_page/8fe27c72e8f915938d2f08038aafa8caa40705c7.html,,hha-ffs__data-documentation__7a39b31d66__chunk_17
hha-ffs,hha-ffs__var__srvc-loc-npi-num,contains,https://resdac.org/cms-data/variables/claim-service-location-npi-number,data/raw/html/variable_page/ff34d059fe733dc6f31e10ab6365e69268d5aeee.html,,hha-ffs__data-documentation__7a39b31d66__chunk_3
hospice-ffs,hospice-ffs__var__aco-id-num,contains,https://resdac.org/cms-data/variables/claim-accountable-care-organization-aco-identification-number,data/raw/html/variable_page/7907c87db97da05623c5caf524ad6901eccd6f7c.html,,hospice-ffs__data-documentation__04f4dcf507__chunk_16
hospice-ffs,hospice-ffs__var__at-physn-npi,contains,https://resdac.org/cms-data/variables/claim-attending-physician-npi-number-ffs,data/raw/html/variable_page/dbe58666ccdfe6cdd5039dbf0e339ad888bd556e.html,,hospice-ffs__data-documentation__04f4dcf507__chunk_3
hospice-ffs,hospice-ffs__var__at-physn-spclty-cd,contains,https://resdac.org/cms-data/variables/claim-attending-physician-specialty-code,data/raw/html/variable_page/c06eeb85a09e7c15549359bc468f48e6962ff0ef.html,,hospice-ffs__data-documentation__04f4dcf507__chunk_3
hospice-ffs,hospice-ffs__var__at-physn-upin,contains,https://resdac.org/cms-data/variables/claim-attending-physician-upin-number,data/raw/html/variable_page/3104686fe2f381921b703826a849abe6739b6b23.html,,hospice-ffs__data-documentation__04f4dcf507__chunk_3
hospice-ffs,hospice-ffs__var__bene-cnty-cd,contains,https://resdac.org/cms-data/variables/county-code-claim-ssa,data/raw/html/variable_page/e56351dbbbbdbc93e24d44cca5111740efaf7b38.html,,hospice-ffs__data-documentation__04f4dcf507__chunk_12
hospice-ffs,hospice-ffs__var__bene-hospc-prd-cnt,contains,https://resdac.org/cms-data/variables/beneficiarys-hospice-period-count,data/raw/html/variable_page/da0318a22f122a269df65d82ac2e4cd0a135ca45.html,,hospice-ffs__data-documentation__04f4dcf507__chunk_12
hospice-ffs,hospice-ffs__var__bene-id,contains,https://resdac.org/cms-data/variables/encrypted-ccw-beneficiary-id,data/raw/html/variable_page/69950b21ed36af6e7ed6c908dc18142a50445d3c.html,,hospice-ffs__data-documentation__04f4dcf507__chunk_0
hospice-ffs,hospice-ffs__var__bene-mlg-cntct-zip-cd,contains,https://resdac.org/cms-data/variables/zip-code-residence-claim,data/raw/html/variable_page/4e89b65565f7e1c564c44024ade6e52795c411d4.html,,hospice-ffs__data-documentation__04f4dcf507__chunk_13
hospice-ffs,hospice-ffs__var__bene-race-cd,contains,https://resdac.org/cms-data/variables/beneficiary-race-code-ffs,data/raw/html/variable_page/125923723e3bd54159f5f98694ac7ce4a4a394b7.html,,hospice-ffs__data-documentation__04f4dcf507__chunk_12
hospice-ffs,hospice-ffs__var__bene-state-cd,contains,https://resdac.org/cms-data/variables/beneficiary-residence-ssa-state-code-ffs,data/raw/html/variable_page/512bc1fd8daa3c878e418f6d97b03c2e183fb36c.html,,hospice-ffs__data-documentation__04f4dcf507__chunk_13
hospice-ffs,hospice-ffs__var__claim-query-code,contains,https://resdac.org/cms-data/variables/claim-query-code,data/raw/html/variable_page/a1352a27d5f964ed31ba3c5f667f5229055b908f.html,,hospice-ffs__data-documentation__04f4dcf507__chunk_0
hospice-ffs,hospice-ffs__var__clm-adjust-grp-cd,contains,https://resdac.org/cms-data/variables/claim-adjustment-group-code,data/raw/html/variable_page/2f7979c1543d4de24f5135c05f34970dcd03c2c4.html,,hospice-ffs__data-documentation__04f4dcf507__chunk_17
hospice-ffs,hospice-ffs__var__clm-adjust-rsn-cd,contains,https://resdac.org/cms-data/variables/claim-adjustment-reason-code,data/raw/html/variable_page/8bceff68ebd08ce91c27308e6934ebdb149935dd.html,,hospice-ffs__data-documentation__04f4dcf507__chunk_17
hospice-ffs,hospice-ffs__var__clm-admsn-dt,contains,https://resdac.org/cms-data/variables/claim-admission-date-ffs,data/raw/html/variable_page/e0fa50a2fa8e5ddc694c4ddcff714c6eafb66bc2.html,,hospice-ffs__data-documentation__04f4dcf507__chunk_12
hospice-ffs,hospice-ffs__var__clm-bene-id-type-cd,contains,https://resdac.org/cms-data/variables/claim-beneficiary-identifier-type-code,data/raw/html/variable_page/4044859b0a86ea0c6fd9f238d89bee1c828ab44a.html,,hospice-ffs__data-documentation__04f4dcf507__chunk_16
hospice-ffs,hospice-ffs__var__clm-clncl-tril-num,contains,https://resdac.org/cms-data/variables/clinical-trial-number,data/raw/html/variable_page/4df27e68d2885fc675b4c5f6d71151a8d11d4f8c.html,,hospice-ffs__data-documentation__04f4dcf507__chunk_17
hospice-ffs,hospice-ffs__var__clm-fac-type-cd,contains,https://resdac.org/cms-data/variables/claim-facility-type-code-ffs,data/raw/html/variable_page/60f4f278b28f810bf0be4c7bb2d022c72b9a3016.html,,hospice-ffs__data-documentation__04f4dcf507__chunk_1
hospice-ffs,hospice-ffs__var__clm-freq-cd,contains,https://resdac.org/cms-data/variables/claim-frequency-code-ffs,data/raw/html/variable_page/f5fc159d9b355c622a6f920facd62416e1047827.html,,hospice-ffs__data-documentation__04f4dcf507__chunk_1
hospice-ffs,hospice-ffs__var__clm-from-dt,contains,https://resdac.org/cms-data/variables/claim-date-ffs,data/raw/html/variable_page/02457398703925ce3d536d225abd78786dbbf3b2.html,,hospice-ffs__data-documentation__04f4dcf507__chunk_0
hospice-ffs,hospice-ffs__var__clm-hospc-start-dt-id,contains,https://resdac.org/cms-data/variables/claim-hospice-start-date,data/raw/html/variable_page/e2af45922732ee72394c418e63ffb5b2362d73ff.html,,hospice-ffs__data-documentation__04f4dcf507__chunk_12
hospice-ffs,hospice-ffs__var__clm-id,contains,https://resdac.org/cms-data/variables/claim-line-number,data/raw/html/variable_page/9b2848ebe106f29b20cd60c9b55612add6696e91.html,,hospice-ffs__data-documentation__04f4dcf507__chunk_0
hospice-ffs,hospice-ffs__var__clm-mdcl-rec,contains,https://resdac.org/cms-data/variables/claim-medical-record-number-ffs,data/raw/html/variable_page/b2e5fc90c77e198aa4afa50be9fa5def1a6580cc.html,,hospice-ffs__data-documentation__04f4dcf507__chunk_13
hospice-ffs,hospice-ffs__var__clm-mdcr-non-pmt-rsn-cd,contains,https://resdac.org/cms-data/variables/claim-medicare-non-payment-reason-code,data/raw/html/variable_page/d740866108affabd0c6683f4288829600d3c4af7.html,,hospice-ffs__data-documentation__04f4dcf507__chunk_1
hospice-ffs,hospice-ffs__var__clm-model-reimbrsmt-amt,contains,https://resdac.org/cms-data/files/hospice-ffs/data-documentation,data/raw/html/documentation_page/04f4dcf5076501e9f5760cd735190c8954eeabeb.html,,hospice-ffs__data-documentation__04f4dcf507__chunk_17
hospice-ffs,hospice-ffs__var__clm-next-gnrtn-aco-ind-cd1,contains,https://resdac.org/cms-data/variables/claim-next-generation-ng-accountable-care-organization-aco-indicator-code-population-based-payment-pbp,data/raw/html/variable_page/ae99c2db0488f1e89b5f87430680de8f8329a8b1.html,,hospice-ffs__data-documentation__04f4dcf507__chunk_14
hospice-ffs,hospice-ffs__var__clm-next-gnrtn-aco-ind-cd2,contains,https://resdac.org/cms-data/variables/claim-next-generation-ng-accountable-care-organization-aco-indicator-code,data/raw/html/variable_page/531afb00cf1e8e2cbad9e0534b10f12c0b7141c8.html,,hospice-ffs__data-documentation__04f4dcf507__chunk_14
hospice-ffs,hospice-ffs__var__clm-next-gnrtn-aco-ind-cd3,contains,https://resdac.org/cms-data/variables/claim-next-generation-ng-accountable-care-organization-aco-indicator-code-post,data/raw/html/variable_page/f049110b3b59bfeb3c69dba86142eb08207daf1d.html,,hospice-ffs__data-documentation__04f4dcf507__chunk_15
hospice-ffs,hospice-ffs__var__clm-next-gnrtn-aco-ind-cd4,contains,https://resdac.org/cms-data/variables/claim-next-generation-ng-accountable-care-organization-aco-indicator-code-3-day,data/raw/html/variable_page/a11dc318a06cc9546b30f6400cd4d50b879722a2.html,,hospice-ffs__data-documentation__04f4dcf507__chunk_15
hospice-ffs,hospice-ffs__var__clm-next-gnrtn-aco-ind-cd5,contains,https://resdac.org/cms-data/variables/claim-next-generation-ng-accountable-care-organization-aco-indicator-code-capitation,data/raw/html/variable_page/694416660044fe79f8f792ead71335b536fb9311.html,,hospice-ffs__data-documentation__04f4dcf507__chunk_16
hospice-ffs,hospice-ffs__var__clm-pmt-amt,contains,https://resdac.org/cms-data/variables/claim-model-reimbursement-amount,data/raw/html/variable_page/e91836e1dd6edd7f3d5418a688e3902733c19393.html,,hospice-ffs__data-documentation__04f4dcf507__chunk_2
hospice-ffs,hospice-ffs__var__clm-prcr-rtrn-cd,contains,https://resdac.org/cms-data/variables/claim-pricer-return-code,data/raw/html/variable_page/88d894fc3c7a329e5931abfcabcef77fb22d1374.html,,hospice-ffs__data-documentation__04f4dcf507__chunk_13
hospice-ffs,hospice-ffs__var__clm-prcr-vrsn-cd,contains,https://resdac.org/cms-data/variables/claim-pricer-version-code,data/raw/html/variable_page/1047485731efc56abb10951f6c94f56ad31729ad.html,,hospice-ffs__data-documentation__04f4dcf507__chunk_13
hospice-ffs,hospice-ffs__var__clm-rsdl-pymt-ind-cd,contains,https://resdac.org/cms-data/variables/claim-residual-payment-indicator-code,data/raw/html/variable_page/9c7082c889b6f540c7104f3c7865bc1965688c4e.html,,hospice-ffs__data-documentation__04f4dcf507__chunk_16
hospice-ffs,hospice-ffs__var__clm-srvc-clsfctn-type-cd,contains,https://resdac.org/cms-data/variables/claim-service-classification-type-code-ffs,data/raw/html/variable_page/f89aac11784f011066bc0de3137c1b2c0cdb59ec.html,,hospice-ffs__data-documentation__04f4dcf507__chunk_1
hospice-ffs,hospice-ffs__var__clm-srvc-fac-zip-cd,contains,https://resdac.org/cms-data/variables/claim-service-facility-zip-code-where-service-was-provided,data/raw/html/variable_page/c2fb48ef1078e732a197e0df1a5950b95cdff56b.html,,hospice-ffs__data-documentation__04f4dcf507__chunk_14
hospice-ffs,hospice-ffs__var__clm-thru-dt,contains,https://resdac.org/cms-data/variables/patient-discharge-status-code-ffs,data/raw/html/variable_page/909a971a8d0ff217fe8ca63c942a5108c80e5e75.html,,hospice-ffs__data-documentation__04f4dcf507__chunk_0
hospice-ffs,hospice-ffs__var__clm-tot-chrg-amt,contains,https://resdac.org/cms-data/variables/claim-total-charge-amount,data/raw/html/variable_page/7f61ac3a1a342217964f53e6bfd51b17ec893a04.html,,hospice-ffs__data-documentation__04f4dcf507__chunk_5
hospice-ffs,hospice-ffs__var__clm-trtmt-authrztn-num,contains,https://resdac.org/cms-data/variables/claim-treatment-authorization-number,data/raw/html/variable_page/910c425b4c2779228030d2698a96597bf53a4054.html,,hospice-ffs__data-documentation__04f4dcf507__chunk_13
hospice-ffs,hospice-ffs__var__clm-utlztn-day-cnt,contains,https://resdac.org/cms-data/variables/claim-medicare-utilization-day-count,data/raw/html/variable_page/a385cb94f9ce139880afcc854aa18452da70ae20.html,,hospice-ffs__data-documentation__04f4dcf507__chunk_5
hospice-ffs,hospice-ffs__var__dob-dt,contains,https://resdac.org/cms-data/variables/date-birth-claim,data/raw/html/variable_page/69b98fdd381a3112e7aa54e240ebfb13845a9689.html,,hospice-ffs__data-documentation__04f4dcf507__chunk_12
hospice-ffs,hospice-ffs__var__fi-clm-actn-cd,contains,https://resdac.org/cms-data/variables/fi-or-mac-claim-action-code,data/raw/html/variable_page/da445dfed8531a4fb3923865b1460cb903dcb530.html,,hospice-ffs__data-documentation__04f4dcf507__chunk_2
hospice-ffs,hospice-ffs__var__fi-clm-proc-dt,contains,https://resdac.org/cms-data/variables/fi-claim-process-date,data/raw/html/variable_page/3fb55742da88ead1cf049edcb54a8d8694130180.html,,hospice-ffs__data-documentation__04f4dcf507__chunk_0
hospice-ffs,hospice-ffs__var__fi-num,contains,https://resdac.org/cms-data/variables/fi-or-mac-number,data/raw/html/variable_page/e2cb5261d195e4e228d1f714ee572f4c08795085.html,,hospice-ffs__data-documentation__04f4dcf507__chunk_1
hospice-ffs,hospice-ffs__var__fst-dgns-e-cd,contains,https://resdac.org/cms-data/variables/first-claim-diagnosis-e-code-ffs,data/raw/html/variable_page/114509522f88f30e7c0cf8eb7d2d664cc89eb67b.html,,hospice-ffs__data-documentation__04f4dcf507__chunk_10
hospice-ffs,hospice-ffs__var__icd-dgns-cd1,contains,https://resdac.org/cms-data/variables/claim-principal-diagnosis-code-ffs,data/raw/html/variable_page/ad7d861ddc79d4c73b00fddbd7808c508fa026e6.html,,hospice-ffs__data-documentation__04f4dcf507__chunk_6
hospice-ffs,hospice-ffs__var__icd-dgns-cd10,contains,https://resdac.org/cms-data/variables/claim-diagnosis-code-x-ffs,data/raw/html/variable_page/b549b31171cf4417985a7df400f0ea565a87e07c.html,,hospice-ffs__data-documentation__04f4dcf507__chunk_7
hospice-ffs,hospice-ffs__var__icd-dgns-cd11,contains,https://resdac.org/cms-data/variables/claim-diagnosis-code-xi-ffs,data/raw/html/variable_page/a195f80386d9b06137e38bd13242cdaa15fa6091.html,,hospice-ffs__data-documentation__04f4dcf507__chunk_7
hospice-ffs,hospice-ffs__var__icd-dgns-cd12,contains,https://resdac.org/cms-data/variables/claim-diagnosis-code-xii-ffs,data/raw/html/variable_page/b3ea2e7447a88ba6f9a5f828f99e0aacd5aa73cb.html,,hospice-ffs__data-documentation__04f4dcf507__chunk_8
hospice-ffs,hospice-ffs__var__icd-dgns-cd13,contains,https://resdac.org/cms-data/variables/claim-diagnosis-code-xiii-ffs,data/raw/html/variable_page/f8baf0f286e0c8bc6f92e6e57e1ae35ce9acde62.html,,hospice-ffs__data-documentation__04f4dcf507__chunk_8
hospice-ffs,hospice-ffs__var__icd-dgns-cd14,contains,https://resdac.org/cms-data/variables/claim-diagnosis-code-xiv-ffs,data/raw/html/variable_page/b1af0ce8cfc1078d878b9f1ee9a35f823333b393.html,,hospice-ffs__data-documentation__04f4dcf507__chunk_8
hospice-ffs,hospice-ffs__var__icd-dgns-cd15,contains,https://resdac.org/cms-data/variables/claim-diagnosis-code-xv-ffs,data/raw/html/variable_page/26927492b7ec7de0acc4940d08e5afac7e111057.html,,hospice-ffs__data-documentation__04f4dcf507__chunk_8
hospice-ffs,hospice-ffs__var__icd-dgns-cd16,contains,https://resdac.org/cms-data/variables/claim-diagnosis-code-xvi-ffs,data/raw/html/variable_page/2174e8c0731decd04e16de9446691440953e58cf.html,,hospice-ffs__data-documentation__04f4dcf507__chunk_8
hospice-ffs,hospice-ffs__var__icd-dgns-cd17,contains,https://resdac.org/cms-data/variables/claim-diagnosis-code-xvii-ffs,data/raw/html/variable_page/eb2a7f765cfd53a59f0b267184452706b05b9a6a.html,,hospice-ffs__data-documentation__04f4dcf507__chunk_8
hospice-ffs,hospice-ffs__var__icd-dgns-cd18,contains,https://resdac.org/cms-data/variables/claim-diagnosis-code-xviii-ffs,data/raw/html/variable_page/8237f3505f3746ec7b4644d3962f78d74bdd294a.html,,hospice-ffs__data-documentation__04f4dcf507__chunk_8
hospice-ffs,hospice-ffs__var__icd-dgns-cd19,contains,https://resdac.org/cms-data/variables/claim-diagnosis-code-xix-ffs,data/raw/html/variable_page/f717fe68280a2cfe1cdcbef78dec577e2e3b0955.html,,hospice-ffs__data-documentation__04f4dcf507__chunk_9
hospice-ffs,hospice-ffs__var__icd-dgns-cd2,contains,https://resdac.org/cms-data/variables/claim-diagnosis-code-ii-ffs,data/raw/html/variable_page/2f285ff3d715f7e55df9654a26a8f8c9a8b50f63.html,,hospice-ffs__data-documentation__04f4dcf507__chunk_6
hospice-ffs,hospice-ffs__var__icd-dgns-cd20,contains,https://resdac.org/cms-data/variables/claim-diagnosis-code-xx-ffs,data/raw/html/variable_page/b6dc58c95dc90df5959319f5de2cca25c04e70b5.html,,hospice-ffs__data-documentation__04f4dcf507__chunk_9
hospice-ffs,hospice-ffs__var__icd-dgns-cd21,contains,https://resdac.org/cms-data/variables/claim-diagnosis-code-xxi-ffs,data/raw/html/variable_page/7a5350f6810babdd634148297a578b9a92dcae9a.html,,hospice-ffs__data-documentation__04f4dcf507__chunk_9
hospice-ffs,hospice-ffs__var__icd-dgns-cd22,contains,https://resdac.org/cms-data/variables/claim-diagnosis-code-xxii-ffs,data/raw/html/variable_page/10aaa05f96973abc119bd0595ad58ab98a256917.html,,hospice-ffs__data-documentation__04f4dcf507__chunk_9
hospice-ffs,hospice-ffs__var__icd-dgns-cd23,contains,https://resdac.org/cms-data/variables/claim-diagnosis-code-xxiii-ffs,data/raw/html/variable_page/6ca148e7cd4da28abfb737842bdf7048d6331d0d.html,,hospice-ffs__data-documentation__04f4dcf507__chunk_9
hospice-ffs,hospice-ffs__var__icd-dgns-cd24,contains,https://resdac.org/cms-data/variables/claim-diagnosis-code-xxiv-ffs,data/raw/html/variable_page/81b6691fdfb6afc9198edb171d8dfaeca6d65a62.html,,hospice-ffs__data-documentation__04f4dcf507__chunk_9
hospice-ffs,hospice-ffs__var__icd-dgns-cd25,contains,https://resdac.org/cms-data/variables/claim-diagnosis-code-xxv-ffs,data/raw/html/variable_page/7857cb195704c2c995ded55397aacc8f48810185.html,,hospice-ffs__data-documentation__04f4dcf507__chunk_10
hospice-ffs,hospice-ffs__var__icd-dgns-cd3,contains,https://resdac.org/cms-data/variables/claim-diagnosis-code-iii-ffs,data/raw/html/variable_page/c4855455facd338af112b3426145db9f28d843de.html,,hospice-ffs__data-documentation__04f4dcf507__chunk_6
hospice-ffs,hospice-ffs__var__icd-dgns-cd4,contains,https://resdac.org/cms-data/variables/claim-diagnosis-code-iv-ffs,data/raw/html/variable_page/b45d506b0e3c37c5f633d7d8bf19b1af93ff159d.html,,hospice-ffs__data-documentation__04f4dcf507__chunk_6
hospice-ffs,hospice-ffs__var__icd-dgns-cd5,contains,https://resdac.org/cms-data/variables/claim-diagnosis-code-v-ffs,data/raw/html/variable_page/a2142bd7a007e273c4b50fec2c2088e0439836fa.html,,hospice-ffs__data-documentation__04f4dcf507__chunk_6
hospice-ffs,hospice-ffs__var__icd-dgns-cd6,contains,https://resdac.org/cms-data/variables/claim-diagnosis-code-vi-ffs,data/raw/html/variable_page/8896bfb47721666c353e179c1f57d10155a827a5.html,,hospice-ffs__data-documentation__04f4dcf507__chunk_7
hospice-ffs,hospice-ffs__var__icd-dgns-cd7,contains,https://resdac.org/cms-data/variables/claim-diagnosis-code-vii-ffs,data/raw/html/variable_page/85ba7909476ee6e9ef5b89e1ef89f432c7bd3edd.html,,hospice-ffs__data-documentation__04f4dcf507__chunk_7
hospice-ffs,hospice-ffs__var__icd-dgns-cd8,contains,https://resdac.org/cms-data/variables/claim-diagnosis-code-viii-ffs,data/raw/html/variable_page/1588f2733894ba2d5da021d9d54f5970c3cd61aa.html,,hospice-ffs__data-documentation__04f4dcf507__chunk_7
hospice-ffs,hospice-ffs__var__icd-dgns-cd9,contains,https://resdac.org/cms-data/variables/claim-diagnosis-code-ix-ffs,data/raw/html/variable_page/0f2556c81e5041805bf41b4828d13b5760efab1f.html,,hospice-ffs__data-documentation__04f4dcf507__chunk_7
hospice-ffs,hospice-ffs__var__icd-dgns-e-cd1,contains,https://resdac.org/cms-data/variables/claim-diagnosis-e-code-i-ffs,data/raw/html/variable_page/6066cc5a964ac400e9424778b715eaf46b4a42f5.html,,hospice-ffs__data-documentation__04f4dcf507__chunk_10
hospice-ffs,hospice-ffs__var__icd-dgns-e-cd10,contains,https://resdac.org/cms-data/variables/claim-diagnosis-e-code-x-ffs,data/raw/html/variable_page/d29e0f255cad3fe8a5766053041e53a34872f78c.html,,hospice-ffs__data-documentation__04f4dcf507__chunk_11
hospice-ffs,hospice-ffs__var__icd-dgns-e-cd11,contains,https://resdac.org/cms-data/variables/claim-diagnosis-e-code-xi,data/raw/html/variable_page/1506056a1144cd838762942358b2f6d2efa557e7.html,,hospice-ffs__data-documentation__04f4dcf507__chunk_11
hospice-ffs,hospice-ffs__var__icd-dgns-e-cd12,contains,https://resdac.org/cms-data/variables/claim-diagnosis-e-code-xii,data/raw/html/variable_page/063785d14c66d5b28aa90beff1b101110cdcfbe5.html,,hospice-ffs__data-documentation__04f4dcf507__chunk_12
hospice-ffs,hospice-ffs__var__icd-dgns-e-cd2,contains,https://resdac.org/cms-data/variables/claim-diagnosis-e-code-ii-ffs,data/raw/html/variable_page/22adb61c54e91b84ef7e26cfe59a230957c5818f.html,,hospice-ffs__data-documentation__04f4dcf507__chunk_10
hospice-ffs,hospice-ffs__var__icd-dgns-e-cd3,contains,https://resdac.org/cms-data/variables/claim-diagnosis-e-code-iii-ffs,data/raw/html/variable_page/6e6cf2405a02e910f024fdebdc9c46edc8db3342.html,,hospice-ffs__data-documentation__04f4dcf507__chunk_10
hospice-ffs,hospice-ffs__var__icd-dgns-e-cd4,contains,https://resdac.org/cms-data/variables/claim-diagnosis-e-code-iv-ffs,data/raw/html/variable_page/422967ea44d3bba99d629fd99214675cceeacb1d.html,,hospice-ffs__data-documentation__04f4dcf507__chunk_10
hospice-ffs,hospice-ffs__var__icd-dgns-e-cd5,contains,https://resdac.org/cms-data/variables/claim-diagnosis-e-code-v-ffs,data/raw/html/variable_page/725ee1f47c9d39aacf0f9617c72f40a9ab639117.html,,hospice-ffs__data-documentation__04f4dcf507__chunk_10
hospice-ffs,hospice-ffs__var__icd-dgns-e-cd6,contains,https://resdac.org/cms-data/variables/claim-diagnosis-e-code-vi-ffs,data/raw/html/variable_page/7a31bae902e413bc3d1057c356bee47627368b45.html,,hospice-ffs__data-documentation__04f4dcf507__chunk_11
hospice-ffs,hospice-ffs__var__icd-dgns-e-cd7,contains,https://resdac.org/cms-data/variables/claim-diagnosis-e-code-vii-ffs,data/raw/html/variable_page/596ecd0a3038fa5605510c5ea9712ad332f81a48.html,,hospice-ffs__data-documentation__04f4dcf507__chunk_11
hospice-ffs,hospice-ffs__var__icd-dgns-e-cd8,contains,https://resdac.org/cms-data/variables/claim-diagnosis-e-code-viii-ffs,data/raw/html/variable_page/383c1156fe6317c07f3c4aadeef1f69fac10aa66.html,,hospice-ffs__data-documentation__04f4dcf507__chunk_11
hospice-ffs,hospice-ffs__var__icd-dgns-e-cd9,contains,https://resdac.org/cms-data/variables/claim-diagnosis-e-code-ix-ffs,data/raw/html/variable_page/746b3d284c7ff4cd6294fc3adf6fd5acb47d82fa.html,,hospice-ffs__data-documentation__04f4dcf507__chunk_11
hospice-ffs,hospice-ffs__var__nch-bene-dschrg-dt,contains,https://resdac.org/cms-data/files/hospice-ffs/data-documentation,data/raw/html/documentation_page/04f4dcf5076501e9f5760cd735190c8954eeabeb.html,,hospice-ffs__data-documentation__04f4dcf507__chunk_6
hospice-ffs,hospice-ffs__var__nch-clm-type-cd,contains,https://resdac.org/cms-data/variables/revenue-center-medicare-provider-payment-amount,data/raw/html/variable_page/63408b8a4617db4e2f44a40f06c41f83ee982fa2.html,,hospice-ffs__data-documentation__04f4dcf507__chunk_0
hospice-ffs,hospice-ffs__var__nch-near-line-rec-ident-cd,contains,https://resdac.org/cms-data/variables/nch-near-line-record-identification-code-ric,data/raw/html/variable_page/e2a65d5ccbf09b134831997edc04f893982c342b.html,,hospice-ffs__data-documentation__04f4dcf507__chunk_0
hospice-ffs,hospice-ffs__var__nch-prmry-pyr-cd,contains,https://resdac.org/cms-data/variables/nch-primary-payer-code-if-not-medicare,data/raw/html/variable_page/b317a9a6ccf8ed6ecabb8cfe040aec5f316f1cc4.html,,hospice-ffs__data-documentation__04f4dcf507__chunk_2
hospice-ffs,hospice-ffs__var__nch-prmry-pyr-clm-pd-amt,contains,https://resdac.org/cms-data/variables/nch-primary-payer-if-not-medicare-claim-paid-amount,data/raw/html/variable_page/2b019e3401e5d10ae77ff71e42eb87e40c8519df.html,,hospice-ffs__data-documentation__04f4dcf507__chunk_2
hospice-ffs,hospice-ffs__var__nch-ptnt-stus-ind-cd,contains,https://resdac.org/cms-data/files/hospice-ffs/data-documentation,data/raw/html/documentation_page/04f4dcf5076501e9f5760cd735190c8954eeabeb.html,,hospice-ffs__data-documentation__04f4dcf507__chunk_5
hospice-ffs,hospice-ffs__var__nch-wkly-proc-dt,contains,https://resdac.org/cms-data/variables/nch-weekly-claim-processing-date,data/raw/html/variable_page/2c4fc50a162db7e581e0a12caf0ebc4f2b60bf39.html,,hospice-ffs__data-documentation__04f4dcf507__chunk_0
hospice-ffs,hospice-ffs__var__op-physn-npi,contains,https://resdac.org/cms-data/variables/claim-operating-physician-npi-number-ffs,data/raw/html/variable_page/71453b90edf9cb3f1bc8d156b32bf5cd04491e42.html,,hospice-ffs__data-documentation__04f4dcf507__chunk_3
hospice-ffs,hospice-ffs__var__op-physn-spclty-cd,contains,https://resdac.org/cms-data/variables/claim-operating-physician-specialty-code,data/raw/html/variable_page/a35ed051bd27b521da1d0e22f5239602bf4d43ef.html,,hospice-ffs__data-documentation__04f4dcf507__chunk_4
hospice-ffs,hospice-ffs__var__org-npi-num,contains,https://resdac.org/cms-data/variables/organization-or-group-npi-number,data/raw/html/variable_page/e8247733716c1754f88e37f2ee97ab727459759f.html,,hospice-ffs__data-documentation__04f4dcf507__chunk_3
hospice-ffs,hospice-ffs__var__ot-physn-npi,contains,https://resdac.org/cms-data/variables/claim-other-physician-npi-number-ffs,data/raw/html/variable_page/023c022aea73887cc232e2301736aea58005996e.html,,hospice-ffs__data-documentation__04f4dcf507__chunk_4
hospice-ffs,hospice-ffs__var__ot-physn-spclty-cd,contains,https://resdac.org/cms-data/variables/claim-other-physician-specialty-code,data/raw/html/variable_page/3280d1644860439cfdef4ef30a51a3150cb10b36.html,,hospice-ffs__data-documentation__04f4dcf507__chunk_4
hospice-ffs,hospice-ffs__var__prncpal-dgns-cd,contains,https://resdac.org/cms-data/files/hospice-ffs/data-documentation,data/raw/html/documentation_page/04f4dcf5076501e9f5760cd735190c8954eeabeb.html,,hospice-ffs__data-documentation__04f4dcf507__chunk_6
hospice-ffs,hospice-ffs__var__prvdr-full-ccn-num,contains,https://resdac.org/cms-data/files/hospice-ffs/data-documentation,data/raw/html/documentation_page/04f4dcf5076501e9f5760cd735190c8954eeabeb.html,,hospice-ffs__data-documentation__04f4dcf507__chunk_1
hospice-ffs,hospice-ffs__var__prvdr-num,contains,https://resdac.org/cms-data/variables/provider-number,data/raw/html/variable_page/688c63400acc0dfaa76fe29417ac5e1641f360b0.html,,hospice-ffs__data-documentation__04f4dcf507__chunk_1
hospice-ffs,hospice-ffs__var__prvdr-state-cd,contains,https://resdac.org/cms-data/variables/nch-provider-ssa-state-code,data/raw/html/variable_page/51b49cc085d78a4b01d479d262d048edc53cc046.html,,hospice-ffs__data-documentation__04f4dcf507__chunk_2
hospice-ffs,hospice-ffs__var__prvdr-vldtn-type-cd,contains,https://resdac.org/cms-data/variables/provider-validation-type-code,data/raw/html/variable_page/b24c008e9ff17a9e5818a21ed874962c1be003ce.html,,hospice-ffs__data-documentation__04f4dcf507__chunk_16
hospice-ffs,hospice-ffs__var__ptnt-dschrg-stus-cd,contains,https://resdac.org/cms-data/variables/nch-patient-status-indicator-code,data/raw/html/variable_page/9d5a781857c9f2b597547a490c153fa4275de737.html,,hospice-ffs__data-documentation__04f4dcf507__chunk_5
hospice-ffs,hospice-ffs__var__rfrg-spclty-cd,contains,https://resdac.org/cms-data/variables/claim-referring-physician-specialty-code,data/raw/html/variable_page/1cbfb8175933c84946c2283e84978bb02b820052.html,,hospice-ffs__data-documentation__04f4dcf507__chunk_5
hospice-ffs,hospice-ffs__var__rfr-physn-npi,contains,https://resdac.org/cms-data/variables/claim-referring-physician-npi-number,data/raw/html/variable_page/819e70e5dd4d211911223a924bb0ee19974988c1.html,,hospice-ffs__data-documentation__04f4dcf507__chunk_5
hospice-ffs,hospice-ffs__var__rndrng-physn-npi,contains,https://resdac.org/cms-data/variables/rendering-physician-npi-ffs,data/raw/html/variable_page/7599b431246712b6448a443663f7364254cd04db.html,,hospice-ffs__data-documentation__04f4dcf507__chunk_4
hospice-ffs,hospice-ffs__var__rndrng-physn-spclty-cd,contains,https://resdac.org/cms-data/variables/claim-or-revenue-center-rendering-physician-specialty-code,data/raw/html/variable_page/186ff3424eb9e479fb2f32a24454e8d69453bbca.html,,hospice-ffs__data-documentation__04f4dcf507__chunk_4
hospice-ffs,hospice-ffs__var__rr-brd-exclsn-ind-sw,contains,https://resdac.org/cms-data/variables/railroad-board-exclusion-indicator-switch,data/raw/html/variable_page/8fe27c72e8f915938d2f08038aafa8caa40705c7.html,,hospice-ffs__data-documentation__04f4dcf507__chunk_17
hospice-ffs,hospice-ffs__var__srvc-loc-npi-num,contains,https://resdac.org/cms-data/variables/claim-service-location-npi-number,data/raw/html/variable_page/ff34d059fe733dc6f31e10ab6365e69268d5aeee.html,,hospice-ffs__data-documentation__04f4dcf507__chunk_3
ip-encounter,ip-encounter__var__admtg-dgns-cd,contains,https://resdac.org/cms-data/files/ip-encounter/data-documentation,data/raw/html/documentation_page/5852cefcaf4dca5dba3392a521caae7b6816e9f1.html,,ip-encounter__data-documentation__5852cefcaf__chunk_5
ip-encounter,ip-encounter__var__at-physn-npi,contains,https://resdac.org/cms-data/variables/claim-attending-physician-npi-number-encounter,data/raw/html/variable_page/ff5af2ff57119673876c88872488cf99080265b0.html,,ip-encounter__data-documentation__5852cefcaf__chunk_3
ip-encounter,ip-encounter__var__at-physn-txnmy-cd,contains,https://resdac.org/cms-data/variables/claim-attending-physician-taxonomy-code,data/raw/html/variable_page/cc7a2c5fe9283be603fb5cd07a4749cc514a2dd1.html,,ip-encounter__data-documentation__5852cefcaf__chunk_3
ip-encounter,ip-encounter__var__bene-cnty-cd,contains,https://resdac.org/cms-data/variables/beneficiary-county-code-claim-ssa,data/raw/html/variable_page/44de11a8d9f06b57c8a0127cde7e021a0fa7aa08.html,,ip-encounter__data-documentation__5852cefcaf__chunk_28
ip-encounter,ip-encounter__var__bene-dschrg-dt,contains,https://resdac.org/cms-data/variables/beneficiary-discharge-date,data/raw/html/variable_page/726ce9c4c18eb574b43c777e82bf75c7c255d737.html,,ip-encounter__data-documentation__5852cefcaf__chunk_5
ip-encounter,ip-encounter__var__bene-id,contains,https://resdac.org/cms-data/variables/encrypted-ccw-beneficiary-id,data/raw/html/variable_page/69950b21ed36af6e7ed6c908dc18142a50445d3c.html,,ip-encounter__data-documentation__5852cefcaf__chunk_0
ip-encounter,ip-encounter__var__bene-mdcr-stus-cd,contains,https://resdac.org/cms-data/variables/beneficiary-medicare-status-code,data/raw/html/variable_page/21d2b5d3e6d7751393cd3457c680b08af8465ddb.html,,ip-encounter__data-documentation__5852cefcaf__chunk_29
ip-encounter,ip-encounter__var__bene-mlg-cntct-zip-cd,contains,https://resdac.org/cms-data/variables/beneficiary-zip-code-residence-claim,data/raw/html/variable_page/6957fb9e482a19475aa81178e75d5b537d7099c7.html,,ip-encounter__data-documentation__5852cefcaf__chunk_29
ip-encounter,ip-encounter__var__bene-race-cd,contains,https://resdac.org/cms-data/variables/beneficiary-race-code-encounter,data/raw/html/variable_page/043138d3fd6f0b3516fcd85d8bc681353f7b5455.html,,ip-encounter__data-documentation__5852cefcaf__chunk_29
ip-encounter,ip-encounter__var__bene-state,contains,https://resdac.org/cms-data/variables/state-beneficiary-postal-abbreviation,data/raw/html/variable_page/70cba563652e93178f4850178edc27d43dc70329.html,,ip-encounter__data-documentation__5852cefcaf__chunk_29
ip-encounter,ip-encounter__var__bene-state-cd,contains,https://resdac.org/cms-data/variables/beneficiary-residence-ssa-state-code-encounter,data/raw/html/variable_page/38a30f2316181bda8cfcfc744274fe8d5bc2d6c2.html,,ip-encounter__data-documentation__5852cefcaf__chunk_28
ip-encounter,ip-encounter__var__clm-1st-dgns-e-cd,contains,https://resdac.org/cms-data/variables/first-claim-diagnosis-e-code-encounter,data/raw/html/variable_page/ffedbc4750da285115ff502f0af4f4f44d6bf7ac.html,,ip-encounter__data-documentation__5852cefcaf__chunk_17
ip-encounter,ip-encounter__var__clm-admsn-dt,contains,https://resdac.org/cms-data/variables/claim-admission-date-encounter,data/raw/html/variable_page/c1503b412787b399ac8a6dd90c554079d05ed1be.html,,ip-encounter__data-documentation__5852cefcaf__chunk_4
ip-encounter,ip-encounter__var__clm-bprvdr-adr-zip-cd,contains,https://resdac.org/cms-data/variables/billing-provider-zip-code,data/raw/html/variable_page/54a8dd3c94223a74c84b6b42f411bc480a102ff3.html,,ip-encounter__data-documentation__5852cefcaf__chunk_27
ip-encounter,ip-encounter__var__clm-bprvdr-city-name,contains,https://resdac.org/cms-data/variables/billing-provider-address-city,data/raw/html/variable_page/318c186010630165b59eccc8f0e54df7d2f05310.html,,ip-encounter__data-documentation__5852cefcaf__chunk_27
ip-encounter,ip-encounter__var__clm-bprvdr-usps-state-cd,contains,https://resdac.org/cms-data/variables/billing-provider-address-usps-state-code,data/raw/html/variable_page/93d11232aa6fa708fe3db3e5590d0362904cca7b.html,,ip-encounter__data-documentation__5852cefcaf__chunk_27
ip-encounter,ip-encounter__var__clm-chrt-rvw-sw,contains,https://resdac.org/cms-data/variables/claim-chart-review-switch,data/raw/html/variable_page/14d5996558216ec973e34c11872b747511f58362.html,,ip-encounter__data-documentation__5852cefcaf__chunk_0
ip-encounter,ip-encounter__var__clm-cntl-num,contains,https://resdac.org/cms-data/variables/claim-control-number,data/raw/html/variable_page/f308bdb2598ef08fe2bd1d74ff271da9cd40c698.html,,ip-encounter__data-documentation__5852cefcaf__chunk_0
ip-encounter,ip-encounter__var__clm-day-cnt,contains,https://resdac.org/cms-data/variables/day-count-length-stay,data/raw/html/variable_page/499115dbd4932df3bdae785a6144ed40ae26982f.html,,ip-encounter__data-documentation__5852cefcaf__chunk_4
ip-encounter,ip-encounter__var__clm-drg-cd,contains,https://resdac.org/cms-data/variables/claim-diagnosis-related-group-code-or-ms-drg-code,data/raw/html/variable_page/5e516b9a6adcb1172de9d631562beb43ab1acd7d.html,,ip-encounter__data-documentation__5852cefcaf__chunk_5
ip-encounter,ip-encounter__var__clm-e-poa-ind-sw1,contains,https://resdac.org/cms-data/variables/claim-diagnosis-e-code-1-diagnosis-present-admission-poa-indicator-code,data/raw/html/variable_page/8675d1c6ec7c7e9897f467e54d0fa63068438b5a.html,,ip-encounter__data-documentation__5852cefcaf__chunk_19
ip-encounter,ip-encounter__var__clm-e-poa-ind-sw10,contains,https://resdac.org/cms-data/variables/claim-diagnosis-e-code-10-diagnosis-present-admission-poa-indicator-code,data/raw/html/variable_page/da63f3f198b2b69cb6a09f5e6d514b85aa7006ec.html,,ip-encounter__data-documentation__5852cefcaf__chunk_22
ip-encounter,ip-encounter__var__clm-e-poa-ind-sw2,contains,https://resdac.org/cms-data/variables/claim-diagnosis-e-code-2-diagnosis-present-admission-poa-indicator-code,data/raw/html/variable_page/8b69d10e2dd9875f8da21a2e583db1bdb4e5fb79.html,,ip-encounter__data-documentation__5852cefcaf__chunk_20
ip-encounter,ip-encounter__var__clm-e-poa-ind-sw3,contains,https://resdac.org/cms-data/variables/claim-diagnosis-e-code-3-diagnosis-present-admission-poa-indicator-code,data/raw/html/variable_page/652a597f1e32fa7f30968d868740e5404f427716.html,,ip-encounter__data-documentation__5852cefcaf__chunk_20
ip-encounter,ip-encounter__var__clm-e-poa-ind-sw4,contains,https://resdac.org/cms-data/variables/claim-diagnosis-e-code-4-diagnosis-present-admission-poa-indicator-code,data/raw/html/variable_page/b7cac5b04c148cfcb355ee04ddc045f2f7b977c2.html,,ip-encounter__data-documentation__5852cefcaf__chunk_20
ip-encounter,ip-encounter__var__clm-e-poa-ind-sw5,contains,https://resdac.org/cms-data/variables/claim-diagnosis-e-code-5-diagnosis-present-admission-poa-indicator-code,data/raw/html/variable_page/45d0a1588edcc9fa072d4993029de0dd87a50787.html,,ip-encounter__data-documentation__5852cefcaf__chunk_21
ip-encounter,ip-encounter__var__clm-e-poa-ind-sw6,contains,https://resdac.org/cms-data/variables/claim-diagnosis-e-code-6-diagnosis-present-admission-poa-indicator-code,data/raw/html/variable_page/9e0541b228ce7dfeae4cacfdd29e5f7ff8d728d2.html,,ip-encounter__data-documentation__5852cefcaf__chunk_21
ip-encounter,ip-encounter__var__clm-e-poa-ind-sw7,contains,https://resdac.org/cms-data/variables/claim-diagnosis-e-code-7-diagnosis-present-admission-poa-indicator-code,data/raw/html/variable_page/0cb9adc14d658fb547aeff8f1d01dac935ba6132.html,,ip-encounter__data-documentation__5852cefcaf__chunk_21
ip-encounter,ip-encounter__var__clm-e-poa-ind-sw8,contains,https://resdac.org/cms-data/variables/claim-diagnosis-e-code-8-diagnosis-present-admission-poa-indicator-code,data/raw/html/variable_page/a9f1ee57fe3f7306ecabc4292bf13d3217aef878.html,,ip-encounter__data-documentation__5852cefcaf__chunk_22
ip-encounter,ip-encounter__var__clm-e-poa-ind-sw9,contains,https://resdac.org/cms-data/variables/claim-diagnosis-e-code-9-diagnosis-present-admission-poa-indicator-code,data/raw/html/variable_page/987eda9d8e8327601b310fdd750c8426d6a0640f.html,,ip-encounter__data-documentation__5852cefcaf__chunk_22
ip-encounter,ip-encounter__var__clm-fac-type-cd,contains,https://resdac.org/cms-data/variables/claim-facility-type-code-encounter,data/raw/html/variable_page/390d7e03582218dd8e385a88880efb2c14a6065f.html,,ip-encounter__data-documentation__5852cefcaf__chunk_1
ip-encounter,ip-encounter__var__clm-finl-actn-ind,contains,https://resdac.org/cms-data/variables/claim-final-action-indicator,data/raw/html/variable_page/6ab3783d59a53b6434943d6ef2da7fdab1343dc6.html,,ip-encounter__data-documentation__5852cefcaf__chunk_1
ip-encounter,ip-encounter__var__clm-freq-cd,contains,https://resdac.org/cms-data/variables/claim-frequency-code-encounter,data/raw/html/variable_page/0d96785393c5b7175d15abacdde66155c1cc239f.html,,ip-encounter__data-documentation__5852cefcaf__chunk_2
ip-encounter,ip-encounter__var__clm-from-dt,contains,https://resdac.org/cms-data/variables/claim-date-encounter,data/raw/html/variable_page/0f70571fde4f787a36aee27f5c2031deb0fd5fc0.html,,ip-encounter__data-documentation__5852cefcaf__chunk_0
ip-encounter,ip-encounter__var__clm-ip-admsn-type-cd,contains,https://resdac.org/cms-data/variables/claim-inpatient-admission-type-code-encounter,data/raw/html/variable_page/a94f0f097a4f0378ab7d935663469dbc10c689ce.html,,ip-encounter__data-documentation__5852cefcaf__chunk_4
ip-encounter,ip-encounter__var__clm-ltst-clm-ind,contains,https://resdac.org/cms-data/variables/latest-claim-indicator,data/raw/html/variable_page/dab1079f4224a0f688808fc093c369b531df9cda.html,,ip-encounter__data-documentation__5852cefcaf__chunk_1
ip-encounter,ip-encounter__var__clm-mdcl-rec,contains,https://resdac.org/cms-data/variables/claim-medical-record-number-encounter,data/raw/html/variable_page/7db239102932bff1699b4cde56febf7197325f36.html,,ip-encounter__data-documentation__5852cefcaf__chunk_2
ip-encounter,ip-encounter__var__clm-obslt-dt,contains,https://resdac.org/cms-data/variables/claim-obsolete-date,data/raw/html/variable_page/138d8c8cf7c3fc7fa9c7ffc5c74a54b84ba1e33d.html,,ip-encounter__data-documentation__5852cefcaf__chunk_27
ip-encounter,ip-encounter__var__clm-orig-cntl-num,contains,https://resdac.org/cms-data/variables/claim-original-control-number,data/raw/html/variable_page/a7cf55cad61dc4dda13b1c619cf95abbe5752bdf.html,,ip-encounter__data-documentation__5852cefcaf__chunk_1
ip-encounter,ip-encounter__var__clm-poa-ind-sw1,contains,https://resdac.org/cms-data/variables/claim-diagnosis-code-1-diagnosis-present-admission-poa-indicator-code-encounter,data/raw/html/variable_page/cb765f57e76595a5c4397e9c7d4b68f6ed10ec21.html,,ip-encounter__data-documentation__5852cefcaf__chunk_10
ip-encounter,ip-encounter__var__clm-poa-ind-sw10,contains,https://resdac.org/cms-data/variables/claim-diagnosis-code-10-diagnosis-present-admission-poa-indicator-code-encounter,data/raw/html/variable_page/f848ae370b80fd4e9643004172ede83acf7001d4.html,,ip-encounter__data-documentation__5852cefcaf__chunk_13
ip-encounter,ip-encounter__var__clm-poa-ind-sw11,contains,https://resdac.org/cms-data/variables/claim-diagnosis-code-11-diagnosis-present-admission-poa-indicator-code-encounter,data/raw/html/variable_page/68358767eb4a81f7cccd84b6b32f2cc519c87aaa.html,,ip-encounter__data-documentation__5852cefcaf__chunk_13
ip-encounter,ip-encounter__var__clm-poa-ind-sw12,contains,https://resdac.org/cms-data/variables/claim-diagnosis-code-12-diagnosis-present-admission-poa-indicator-code-encounter,data/raw/html/variable_page/f3282d5057754e5cdf3d99c0e9141c8478132084.html,,ip-encounter__data-documentation__5852cefcaf__chunk_13
ip-encounter,ip-encounter__var__clm-poa-ind-sw13,contains,https://resdac.org/cms-data/variables/claim-diagnosis-code-13-diagnosis-present-admission-poa-indicator-code-encounter,data/raw/html/variable_page/eead7ecd399266ae68985eeb355a065a66445873.html,,ip-encounter__data-documentation__5852cefcaf__chunk_13
ip-encounter,ip-encounter__var__clm-poa-ind-sw14,contains,https://resdac.org/cms-data/variables/claim-diagnosis-code-14-diagnosis-present-admission-poa-indicator-code-encounter,data/raw/html/variable_page/3ac36672ad591212bdc1424a5e945437b8529009.html,,ip-encounter__data-documentation__5852cefcaf__chunk_14
ip-encounter,ip-encounter__var__clm-poa-ind-sw15,contains,https://resdac.org/cms-data/variables/claim-diagnosis-code-15-diagnosis-present-admission-poa-indicator-code-encounter,data/raw/html/variable_page/e00b6226f2df1ea35bf6cacef552481bd9be02b0.html,,ip-encounter__data-documentation__5852cefcaf__chunk_14
ip-encounter,ip-encounter__var__clm-poa-ind-sw16,contains,https://resdac.org/cms-data/variables/claim-diagnosis-code-16-diagnosis-present-admission-poa-indicator-code-encounter,data/raw/html/variable_page/be959b7163a04a89d268b2f1f222b484cda15fcd.html,,ip-encounter__data-documentation__5852cefcaf__chunk_14
ip-encounter,ip-encounter__var__clm-poa-ind-sw17,contains,https://resdac.org/cms-data/variables/claim-diagnosis-code-17-diagnosis-present-admission-poa-indicator-code-encounter,data/raw/html/variable_page/2e1a347b12f3da208c9e93b73f095406fe32d126.html,,ip-encounter__data-documentation__5852cefcaf__chunk_15
ip-encounter,ip-encounter__var__clm-poa-ind-sw18,contains,https://resdac.org/cms-data/variables/claim-diagnosis-code-18-diagnosis-present-admission-poa-indicator-code-encounter,data/raw/html/variable_page/da7eec166195dfd9500febc33c56023f60d851d4.html,,ip-encounter__data-documentation__5852cefcaf__chunk_15
ip-encounter,ip-encounter__var__clm-poa-ind-sw19,contains,https://resdac.org/cms-data/variables/claim-diagnosis-code-19-diagnosis-present-admission-poa-indicator-code-encounter,data/raw/html/variable_page/7b656240057176d64655b687244c9cf1c4e72152.html,,ip-encounter__data-documentation__5852cefcaf__chunk_15
ip-encounter,ip-encounter__var__clm-poa-ind-sw2,contains,https://resdac.org/cms-data/variables/claim-diagnosis-code-2-diagnosis-present-admission-poa-indicator-code-encounter,data/raw/html/variable_page/abafa6b83aef5a202be883e7371bd7478ccab0ed.html,,ip-encounter__data-documentation__5852cefcaf__chunk_10
ip-encounter,ip-encounter__var__clm-poa-ind-sw20,contains,https://resdac.org/cms-data/variables/claim-diagnosis-code-20-diagnosis-present-admission-poa-indicator-code-encounter,data/raw/html/variable_page/942d40f3b8162edbb98c9fb81e6192467871e378.html,,ip-encounter__data-documentation__5852cefcaf__chunk_16
ip-encounter,ip-encounter__var__clm-poa-ind-sw21,contains,https://resdac.org/cms-data/variables/claim-diagnosis-code-21-diagnosis-present-admission-poa-indicator-code-encounter,data/raw/html/variable_page/4b90351e9fb38c63bbfee07f339e23fa9dc3b664.html,,ip-encounter__data-documentation__5852cefcaf__chunk_16
ip-encounter,ip-encounter__var__clm-poa-ind-sw22,contains,https://resdac.org/cms-data/variables/claim-diagnosis-code-22-diagnosis-present-admission-poa-indicator-code-encounter,data/raw/html/variable_page/d5634296cfa729c6105edf0591b8b78c89fd140d.html,,ip-encounter__data-documentation__5852cefcaf__chunk_16
ip-encounter,ip-encounter__var__clm-poa-ind-sw23,contains,https://resdac.org/cms-data/variables/claim-diagnosis-code-23-diagnosis-present-admission-poa-indicator-code-encounter,data/raw/html/variable_page/f6a94a8e3dbce90bf5baec6dc113d605732b2522.html,,ip-encounter__data-documentation__5852cefcaf__chunk_17
ip-encounter,ip-encounter__var__clm-poa-ind-sw24,contains,https://resdac.org/cms-data/variables/claim-diagnosis-code-24-diagnosis-present-admission-poa-indicator-code-encounter,data/raw/html/variable_page/33a48ab2000004f928a96c61ff0e506d9b006e86.html,,ip-encounter__data-documentation__5852cefcaf__chunk_17
ip-encounter,ip-encounter__var__clm-poa-ind-sw25,contains,https://resdac.org/cms-data/variables/claim-diagnosis-code-25-diagnosis-present-admission-poa-indicator-code-encounter,data/raw/html/variable_page/14b17c824a59f5ecfdf5f3cba814c411de0f33cd.html,,ip-encounter__data-documentation__5852cefcaf__chunk_17
ip-encounter,ip-encounter__var__clm-poa-ind-sw3,contains,https://resdac.org/cms-data/files/ip-encounter/data-documentation,data/raw/html/documentation_page/5852cefcaf4dca5dba3392a521caae7b6816e9f1.html,,ip-encounter__data-documentation__5852cefcaf__chunk_10
ip-encounter,ip-encounter__var__clm-poa-ind-sw4,contains,https://resdac.org/cms-data/variables/claim-diagnosis-code-4-diagnosis-present-admission-poa-indicator-code-encounter,data/raw/html/variable_page/f394b66606f3fadb491c08f0f8aecd4441dd37db.html,,ip-encounter__data-documentation__5852cefcaf__chunk_11
ip-encounter,ip-encounter__var__clm-poa-ind-sw5,contains,https://resdac.org/cms-data/variables/claim-diagnosis-code-5-diagnosis-present-admission-poa-indicator-code-encounter,data/raw/html/variable_page/8811cb6473dbd9432a4e66c00bae42e86b3ff9d1.html,,ip-encounter__data-documentation__5852cefcaf__chunk_11
ip-encounter,ip-encounter__var__clm-poa-ind-sw6,contains,https://resdac.org/cms-data/variables/claim-diagnosis-code-6-diagnosis-present-admission-poa-indicator-code-encounter,data/raw/html/variable_page/a27f2175d3b7dc7aff001fd5288e97023d242036.html,,ip-encounter__data-documentation__5852cefcaf__chunk_11
ip-encounter,ip-encounter__var__clm-poa-ind-sw7,contains,https://resdac.org/cms-data/variables/claim-diagnosis-code-7-diagnosis-present-admission-poa-indicator-code-encounter,data/raw/html/variable_page/03d1afeedb4a75500aec493501aea019e9cbeb41.html,,ip-encounter__data-documentation__5852cefcaf__chunk_12
ip-encounter,ip-encounter__var__clm-poa-ind-sw8,contains,https://resdac.org/cms-data/variables/claim-diagnosis-code-8-diagnosis-present-admission-poa-indicator-code-encounter,data/raw/html/variable_page/d09ca63e2bc73e810b68791d0eb6b2cfd501fb82.html,,ip-encounter__data-documentation__5852cefcaf__chunk_12
ip-encounter,ip-encounter__var__clm-poa-ind-sw9,contains,https://resdac.org/cms-data/variables/claim-diagnosis-code-9-diagnosis-present-admission-poa-indicator-code-encounter,data/raw/html/variable_page/8f279a88209cc1441efc9d20f9cedff9fc3b72e4.html,,ip-encounter__data-documentation__5852cefcaf__chunk_12
ip-encounter,ip-encounter__var__clm-rcpt-dt,contains,https://resdac.org/cms-data/variables/claim-receipt-date,data/raw/html/variable_page/76a830a2702145d7315961a838250e604646a1fe.html,,ip-encounter__data-documentation__5852cefcaf__chunk_1
ip-encounter,ip-encounter__var__clm-src-ip-admsn-cd,contains,https://resdac.org/cms-data/variables/claim-source-inpatient-admission-code-encounter,data/raw/html/variable_page/f07376336062655f8a145211032dc40e3f4ab55f.html,,ip-encounter__data-documentation__5852cefcaf__chunk_4
ip-encounter,ip-encounter__var__clm-srvc-clsfctn-type-cd,contains,https://resdac.org/cms-data/variables/claim-service-classification-type-code-encounter,data/raw/html/variable_page/528f23ec1644c50a17ab13e4a899302f2ad55b3e.html,,ip-encounter__data-documentation__5852cefcaf__chunk_2
ip-encounter,ip-encounter__var__clm-subscr-adr-zip-cd,contains,https://resdac.org/cms-data/variables/medicare-subscriber-address-zip-code,data/raw/html/variable_page/d2293f0ad20838799899f246b927e0b71005a802.html,,ip-encounter__data-documentation__5852cefcaf__chunk_28
ip-encounter,ip-encounter__var__clm-subscr-city-name,contains,https://resdac.org/cms-data/variables/medicare-subscriber-address-city,data/raw/html/variable_page/5dbc0e5f5a8e4dba3086a8283b3a33ad0b8cd78f.html,,ip-encounter__data-documentation__5852cefcaf__chunk_28
ip-encounter,ip-encounter__var__clm-subscr-usps-state-cd,contains,https://resdac.org/cms-data/variables/medicare-subscriber-address-usps-state-code,data/raw/html/variable_page/594ae4af4cdaa28322f2124ad9ec66487a697321.html,,ip-encounter__data-documentation__5852cefcaf__chunk_28
ip-encounter,ip-encounter__var__clm-thru-dt,contains,https://resdac.org/cms-data/variables/service-month,data/raw/html/variable_page/30f9e17155cdb5b9ea1b3e40ef272f4d202ef6c0.html,,ip-encounter__data-documentation__5852cefcaf__chunk_0
ip-encounter,ip-encounter__var__clm-type-cd,contains,https://resdac.org/cms-data/variables/claim-type-code,data/raw/html/variable_page/5144fe4cf2f59dbc72755b334e64e75424e33bb1.html,,ip-encounter__data-documentation__5852cefcaf__chunk_0
ip-encounter,ip-encounter__var__cntrct-num,contains,https://resdac.org/cms-data/variables/medicare-part-c-contract-number,data/raw/html/variable_page/07516c9f250ef4bcf3388b87a800bae658ec0b46.html,,ip-encounter__data-documentation__5852cefcaf__chunk_2
ip-encounter,ip-encounter__var__cntrct-pbp-num,contains,https://resdac.org/cms-data/variables/medicare-part-c-plan-benefit-package-pbp-number,data/raw/html/variable_page/e2531a72cffa384d042d354e5946329ce54b25c5.html,,ip-encounter__data-documentation__5852cefcaf__chunk_2
ip-encounter,ip-encounter__var__dob-dt,contains,https://resdac.org/cms-data/variables/date-birth-encounter,data/raw/html/variable_page/771feda477f67cc2e58e879bf2bbb987da952e1b.html,,ip-encounter__data-documentation__5852cefcaf__chunk_29
ip-encounter,ip-encounter__var__drvd-drg-cd,contains,https://resdac.org/cms-data/variables/derived-ms-diagnosis-related-group-code-ms-drg,data/raw/html/variable_page/6bfe526adfafd6ddecef1c25800c208ee58b0d04.html,,ip-encounter__data-documentation__5852cefcaf__chunk_5
ip-encounter,ip-encounter__var__edps-create-dt,contains,https://resdac.org/cms-data/variables/encounter-data-processing-system-edps-create-date,data/raw/html/variable_page/e256cb7eaba5b0cbdee8d303d79e9dc2e03c1bf4.html,,ip-encounter__data-documentation__5852cefcaf__chunk_1
ip-encounter,ip-encounter__var__enc-join-key,contains,https://resdac.org/cms-data/variables/unique-encounter-join-key,data/raw/html/variable_page/cd84d123e6d3599b990f20802f675e1209032c5d.html,,ip-encounter__data-documentation__5852cefcaf__chunk_0
ip-encounter,ip-encounter__var__icd-dgns-cd1,contains,https://resdac.org/cms-data/variables/claim-principal-diagnosis-code-encounter,data/raw/html/variable_page/653873440edef305a8cd0251a0d6a90189707b8c.html,,ip-encounter__data-documentation__5852cefcaf__chunk_6
ip-encounter,ip-encounter__var__icd-dgns-cd10,contains,https://resdac.org/cms-data/variables/claim-diagnosis-code-10-encounter,data/raw/html/variable_page/37662bf2769b190eb191c5d10e04d5e5845da6b4.html,,ip-encounter__data-documentation__5852cefcaf__chunk_7
ip-encounter,ip-encounter__var__icd-dgns-cd11,contains,https://resdac.org/cms-data/variables/claim-diagnosis-code-11-encounter,data/raw/html/variable_page/a4bbe6f8ce78b4176cce808d26c5d31b5d088a93.html,,ip-encounter__data-documentation__5852cefcaf__chunk_7
ip-encounter,ip-encounter__var__icd-dgns-cd12,contains,https://resdac.org/cms-data/variables/claim-diagnosis-code-12-encounter,data/raw/html/variable_page/6cae6fc64194078f8a26a8cbd1bb811657d79c65.html,,ip-encounter__data-documentation__5852cefcaf__chunk_7
ip-encounter,ip-encounter__var__icd-dgns-cd13,contains,https://resdac.org/cms-data/variables/claim-diagnosis-code-13-encounter,data/raw/html/variable_page/602735ebf769cb890b48ac0adc63564c2fe424e2.html,,ip-encounter__data-documentation__5852cefcaf__chunk_8
ip-encounter,ip-encounter__var__icd-dgns-cd14,contains,https://resdac.org/cms-data/variables/claim-diagnosis-code-14-encounter,data/raw/html/variable_page/d8c59f7e13482a56ea8679babb5aafa56e980ea5.html,,ip-encounter__data-documentation__5852cefcaf__chunk_8
ip-encounter,ip-encounter__var__icd-dgns-cd15,contains,https://resdac.org/cms-data/variables/claim-diagnosis-code-15-encounter,data/raw/html/variable_page/24ca35aa2865650796fcac6d84d9eb142df05b7d.html,,ip-encounter__data-documentation__5852cefcaf__chunk_8
ip-encounter,ip-encounter__var__icd-dgns-cd16,contains,https://resdac.org/cms-data/variables/claim-diagnosis-code-16-encounter,data/raw/html/variable_page/f7895477349da3ab05179bbe86ce5be03ec1142a.html,,ip-encounter__data-documentation__5852cefcaf__chunk_8
ip-encounter,ip-encounter__var__icd-dgns-cd17,contains,https://resdac.org/cms-data/variables/claim-diagnosis-code-17-encounter,data/raw/html/variable_page/9d42858d547ef306fc96bf8655abff46f910a2d4.html,,ip-encounter__data-documentation__5852cefcaf__chunk_8
ip-encounter,ip-encounter__var__icd-dgns-cd18,contains,https://resdac.org/cms-data/variables/claim-diagnosis-code-18-encounter,data/raw/html/variable_page/926a86687b22f4ddc41a2ee61461a59f9141f0f7.html,,ip-encounter__data-documentation__5852cefcaf__chunk_8
ip-encounter,ip-encounter__var__icd-dgns-cd19,contains,https://resdac.org/cms-data/variables/claim-diagnosis-code-19-encounter,data/raw/html/variable_page/3c8af6ec28a3dc21a7488eeb4075bd7710977681.html,,ip-encounter__data-documentation__5852cefcaf__chunk_9
ip-encounter,ip-encounter__var__icd-dgns-cd2,contains,https://resdac.org/cms-data/variables/claim-diagnosis-code-2-encounter,data/raw/html/variable_page/b86cc45e1d33ac76c2b80b8f5d8c3924c4f64fdb.html,,ip-encounter__data-documentation__5852cefcaf__chunk_6
ip-encounter,ip-encounter__var__icd-dgns-cd20,contains,https://resdac.org/cms-data/variables/claim-diagnosis-code-20-encounter,data/raw/html/variable_page/59ad3a3563d5c684377dd8ff5e5b315f356ad226.html,,ip-encounter__data-documentation__5852cefcaf__chunk_9
ip-encounter,ip-encounter__var__icd-dgns-cd21,contains,https://resdac.org/cms-data/variables/claim-diagnosis-code-21-encounter,data/raw/html/variable_page/ce015b707ab3a600db526870f03482613528500a.html,,ip-encounter__data-documentation__5852cefcaf__chunk_9
ip-encounter,ip-encounter__var__icd-dgns-cd22,contains,https://resdac.org/cms-data/variables/claim-diagnosis-code-22-encounter,data/raw/html/variable_page/5b39f41a91392c378790df27a3598dfdd21b50ff.html,,ip-encounter__data-documentation__5852cefcaf__chunk_9
ip-encounter,ip-encounter__var__icd-dgns-cd23,contains,https://resdac.org/cms-data/variables/claim-diagnosis-code-23-encounter,data/raw/html/variable_page/19a20eef589436f676f45efb9eef50faf08b0432.html,,ip-encounter__data-documentation__5852cefcaf__chunk_9
ip-encounter,ip-encounter__var__icd-dgns-cd24,contains,https://resdac.org/cms-data/variables/claim-diagnosis-code-24-encounter,data/raw/html/variable_page/d372e8318cac6459c4ab9ae80f9874c850fab7ff.html,,ip-encounter__data-documentation__5852cefcaf__chunk_9
ip-encounter,ip-encounter__var__icd-dgns-cd25,contains,https://resdac.org/cms-data/variables/claim-diagnosis-code-25-encounter,data/raw/html/variable_page/604cfa27f67063f710cc23f1982768294d37c4dd.html,,ip-encounter__data-documentation__5852cefcaf__chunk_10
ip-encounter,ip-encounter__var__icd-dgns-cd3,contains,https://resdac.org/cms-data/variables/claim-diagnosis-code-3-encounter,data/raw/html/variable_page/ec0761a5a5f70c00ef4b957b6cdd270118548943.html,,ip-encounter__data-documentation__5852cefcaf__chunk_6
ip-encounter,ip-encounter__var__icd-dgns-cd4,contains,https://resdac.org/cms-data/variables/claim-diagnosis-code-4-encounter-0,data/raw/html/variable_page/7b463072be45207475dfc0120c61517d5f123fc5.html,,ip-encounter__data-documentation__5852cefcaf__chunk_6
ip-encounter,ip-encounter__var__icd-dgns-cd5,contains,https://resdac.org/cms-data/variables/claim-diagnosis-code-5-encounter,data/raw/html/variable_page/f8c08424db135bc48e79820742fc48dfd0c48174.html,,ip-encounter__data-documentation__5852cefcaf__chunk_6
ip-encounter,ip-encounter__var__icd-dgns-cd6,contains,https://resdac.org/cms-data/variables/claim-diagnosis-code-6-encounter,data/raw/html/variable_page/8764bb474f1088dd04dfa6a62d895d2408d3b815.html,,ip-encounter__data-documentation__5852cefcaf__chunk_6
ip-encounter,ip-encounter__var__icd-dgns-cd7,contains,https://resdac.org/cms-data/variables/claim-diagnosis-code-7-encounter,data/raw/html/variable_page/c3ac64b42d85e3f62b929abff1e3b88ad90289c9.html,,ip-encounter__data-documentation__5852cefcaf__chunk_7
ip-encounter,ip-encounter__var__icd-dgns-cd8,contains,https://resdac.org/cms-data/variables/claim-diagnosis-code-8-encounter,data/raw/html/variable_page/d6f20d6e629272212aabad99bc12ec057c0dff86.html,,ip-encounter__data-documentation__5852cefcaf__chunk_7
ip-encounter,ip-encounter__var__icd-dgns-cd9,contains,https://resdac.org/cms-data/variables/claim-diagnosis-code-9-encounter,data/raw/html/variable_page/bd5e21765139a2831c0647cde43230904dae2a40.html,,ip-encounter__data-documentation__5852cefcaf__chunk_7
ip-encounter,ip-encounter__var__icd-dgns-e-cd1,contains,https://resdac.org/cms-data/variables/claim-diagnosis-e-code-1-encounter,data/raw/html/variable_page/869910e92416feac84653533b5016530bb4c96bb.html,,ip-encounter__data-documentation__5852cefcaf__chunk_18
ip-encounter,ip-encounter__var__icd-dgns-e-cd10,contains,https://resdac.org/cms-data/variables/claim-diagnosis-e-code-10-encounter,data/raw/html/variable_page/d81ef289f77bcc21fb2d4f1746b478ab23117a8d.html,,ip-encounter__data-documentation__5852cefcaf__chunk_19
ip-encounter,ip-encounter__var__icd-dgns-e-cd2,contains,https://resdac.org/cms-data/variables/claim-diagnosis-e-code-2-encounter,data/raw/html/variable_page/c17c0930cdd00a85fd158de37c2114600d1b01fc.html,,ip-encounter__data-documentation__5852cefcaf__chunk_18
ip-encounter,ip-encounter__var__icd-dgns-e-cd3,contains,https://resdac.org/cms-data/variables/claim-diagnosis-e-code-3-encounter,data/raw/html/variable_page/a4225f6077a1217862f627d805dfcc38c4c57ccc.html,,ip-encounter__data-documentation__5852cefcaf__chunk_18
ip-encounter,ip-encounter__var__icd-dgns-e-cd4,contains,https://resdac.org/cms-data/variables/claim-diagnosis-e-code-4-encounter,data/raw/html/variable_page/0fd1e9c6f2f0f35c5395bdf88347304d953f770a.html,,ip-encounter__data-documentation__5852cefcaf__chunk_18
ip-encounter,ip-encounter__var__icd-dgns-e-cd5,contains,https://resdac.org/cms-data/variables/claim-diagnosis-e-code-5-encounter,data/raw/html/variable_page/8e350ffc194830a9932eda579ceb9b6a32ba246e.html,,ip-encounter__data-documentation__5852cefcaf__chunk_18
ip-encounter,ip-encounter__var__icd-dgns-e-cd6,contains,https://resdac.org/cms-data/variables/claim-diagnosis-e-code-6-encounter,data/raw/html/variable_page/b9d4b8aed802ee8d6ad8d032d230469e29a2348b.html,,ip-encounter__data-documentation__5852cefcaf__chunk_18
ip-encounter,ip-encounter__var__icd-dgns-e-cd7,contains,https://resdac.org/cms-data/variables/claim-diagnosis-e-code-7-encounter,data/raw/html/variable_page/acd13a477b6ad87932a548f4994b8e72d465655a.html,,ip-encounter__data-documentation__5852cefcaf__chunk_19
ip-encounter,ip-encounter__var__icd-dgns-e-cd8,contains,https://resdac.org/cms-data/variables/claim-diagnosis-e-code-8-encounter,data/raw/html/variable_page/b359605d28203aee8bff12b77da16a49ca9e4803.html,,ip-encounter__data-documentation__5852cefcaf__chunk_19
ip-encounter,ip-encounter__var__icd-dgns-e-cd9,contains,https://resdac.org/cms-data/variables/claim-diagnosis-e-code-9-encounter,data/raw/html/variable_page/075c7d7e644779a2690884e157e5886f62c9e78c.html,,ip-encounter__data-documentation__5852cefcaf__chunk_19
ip-encounter,ip-encounter__var__icd-prcdr-cd1,contains,https://resdac.org/cms-data/variables/claim-procedure-code-9-date-encounter,data/raw/html/variable_page/14ff684212fdf392f811aaa0e1ce344e7ca33613.html,,ip-encounter__data-documentation__5852cefcaf__chunk_22
ip-encounter,ip-encounter__var__icd-prcdr-cd10,contains,https://resdac.org/cms-data/variables/claim-procedure-code-10-encounter,data/raw/html/variable_page/988d3ff77a06ae7d1cb22746769d796c9ba31465.html,,ip-encounter__data-documentation__5852cefcaf__chunk_24
ip-encounter,ip-encounter__var__icd-prcdr-cd11,contains,https://resdac.org/cms-data/variables/claim-procedure-code-11-encounter,data/raw/html/variable_page/0b5a872cf3c204544564ca55b8ccdbbdb8c03019.html,,ip-encounter__data-documentation__5852cefcaf__chunk_24
ip-encounter,ip-encounter__var__icd-prcdr-cd12,contains,https://resdac.org/cms-data/variables/claim-procedure-code-12-encounter,data/raw/html/variable_page/c740e8946aa24be881f4ccfc816f316a4d6bc396.html,,ip-encounter__data-documentation__5852cefcaf__chunk_24
ip-encounter,ip-encounter__var__icd-prcdr-cd13,contains,https://resdac.org/cms-data/files/ip-encounter/data-documentation,data/raw/html/documentation_page/5852cefcaf4dca5dba3392a521caae7b6816e9f1.html,,ip-encounter__data-documentation__5852cefcaf__chunk_24
ip-encounter,ip-encounter__var__icd-prcdr-cd2,contains,https://resdac.org/cms-data/variables/claim-procedure-code-2-encounter,data/raw/html/variable_page/996558ec61de86068731391f9635c60f95cacfc3.html,,ip-encounter__data-documentation__5852cefcaf__chunk_23
ip-encounter,ip-encounter__var__icd-prcdr-cd3,contains,https://resdac.org/cms-data/variables/claim-procedure-code-3-encounter,data/raw/html/variable_page/fb162267c380302a057889bc7fa885a6617138ea.html,,ip-encounter__data-documentation__5852cefcaf__chunk_23
ip-encounter,ip-encounter__var__icd-prcdr-cd4,contains,https://resdac.org/cms-data/variables/claim-procedure-code-4-encounter,data/raw/html/variable_page/a76e260487b4770c8e3f0ba4b5be351d2f91367c.html,,ip-encounter__data-documentation__5852cefcaf__chunk_23
ip-encounter,ip-encounter__var__icd-prcdr-cd5,contains,https://resdac.org/cms-data/variables/claim-procedure-code-5-encounter,data/raw/html/variable_page/09f0d43c8f9df1a62c8c2b0bc0ac3c1ccdb208c4.html,,ip-encounter__data-documentation__5852cefcaf__chunk_23
ip-encounter,ip-encounter__var__icd-prcdr-cd6,contains,https://resdac.org/cms-data/variables/claim-procedure-code-6-encounter,data/raw/html/variable_page/047c41b590afd2197c16f1a576f080bef000951b.html,,ip-encounter__data-documentation__5852cefcaf__chunk_23
ip-encounter,ip-encounter__var__icd-prcdr-cd7,contains,https://resdac.org/cms-data/variables/claim-procedure-code-7-encounter,data/raw/html/variable_page/16a8f5136fea02743eeafc754eb31aab4eef334c.html,,ip-encounter__data-documentation__5852cefcaf__chunk_23
ip-encounter,ip-encounter__var__icd-prcdr-cd8,contains,https://resdac.org/cms-data/variables/claim-procedure-code-8-encounter,data/raw/html/variable_page/7ce18c509f403ef83558d742bf15258f28f76131.html,,ip-encounter__data-documentation__5852cefcaf__chunk_24
ip-encounter,ip-encounter__var__icd-prcdr-cd9,contains,https://resdac.org/cms-data/variables/claim-procedure-code-9-encounter,data/raw/html/variable_page/a87a3c1354d588e9e440bfb7f741bbcdce3592b0.html,,ip-encounter__data-documentation__5852cefcaf__chunk_24
ip-encounter,ip-encounter__var__op-physn-npi,contains,https://resdac.org/cms-data/variables/claim-operating-physician-npi-number-encounter,data/raw/html/variable_page/16572a53465444528b656cf1fd3c71ef25a4b3c5.html,,ip-encounter__data-documentation__5852cefcaf__chunk_3
ip-encounter,ip-encounter__var__org-npi,contains,https://resdac.org/cms-data/variables/organization-npi-number-encounter,data/raw/html/variable_page/9c456125d808cf0695d104e7ac1c51683d929ed5.html,,ip-encounter__data-documentation__5852cefcaf__chunk_2
ip-encounter,ip-encounter__var__org-txnmy-cd,contains,https://resdac.org/cms-data/variables/organization-taxonomy-code,data/raw/html/variable_page/2551fcbfe39553af1e1212aa2d09657b856d4c85.html,,ip-encounter__data-documentation__5852cefcaf__chunk_3
ip-encounter,ip-encounter__var__ot-physn-npi,contains,https://resdac.org/cms-data/variables/claim-other-physician-npi-number-encounter,data/raw/html/variable_page/ab2c2e79ae945001da5b09951d9841c884c0a456.html,,ip-encounter__data-documentation__5852cefcaf__chunk_4
ip-encounter,ip-encounter__var__prcdr-dt1,contains,https://resdac.org/cms-data/files/ip-encounter/data-documentation,data/raw/html/documentation_page/5852cefcaf4dca5dba3392a521caae7b6816e9f1.html,,ip-encounter__data-documentation__5852cefcaf__chunk_25
ip-encounter,ip-encounter__var__prcdr-dt10,contains,https://resdac.org/cms-data/variables/claim-procedure-code-10-date-encounter,data/raw/html/variable_page/001ac0359661670f8f2b5645ef9bcc1ebf80e145.html,,ip-encounter__data-documentation__5852cefcaf__chunk_26
ip-encounter,ip-encounter__var__prcdr-dt11,contains,https://resdac.org/cms-data/variables/claim-procedure-code-11-date-encounter,data/raw/html/variable_page/22581075ddfd5c133319efea05f0b5323e73c991.html,,ip-encounter__data-documentation__5852cefcaf__chunk_26
ip-encounter,ip-encounter__var__prcdr-dt12,contains,https://resdac.org/cms-data/variables/claim-procedure-code-12-date-encounter,data/raw/html/variable_page/3864c36c9fce393343dee01d919782d883f7b66d.html,,ip-encounter__data-documentation__5852cefcaf__chunk_27
ip-encounter,ip-encounter__var__prcdr-dt13,contains,https://resdac.org/cms-data/variables/claim-procedure-code-13-date-encounter,data/raw/html/variable_page/cd6cc52568135e90d0f062cd15e0c3168ac02178.html,,ip-encounter__data-documentation__5852cefcaf__chunk_27
ip-encounter,ip-encounter__var__prcdr-dt2,contains,https://resdac.org/cms-data/variables/claim-procedure-code-2-date-encounter,data/raw/html/variable_page/79a19e4b530f727b3d1e59d4ebcfb5fc007a4dd2.html,,ip-encounter__data-documentation__5852cefcaf__chunk_25
ip-encounter,ip-encounter__var__prcdr-dt3,contains,https://resdac.org/cms-data/variables/claim-procedure-code-3-date-encounter,data/raw/html/variable_page/c4c6a370cb46c6bb758a47cbcef60e1c211f0292.html,,ip-encounter__data-documentation__5852cefcaf__chunk_25
ip-encounter,ip-encounter__var__prcdr-dt4,contains,https://resdac.org/cms-data/variables/claim-procedure-code-4-date-encounter,data/raw/html/variable_page/494ebdc6bf940a163be3e3eb36322e963b5d2c3b.html,,ip-encounter__data-documentation__5852cefcaf__chunk_25
ip-encounter,ip-encounter__var__prcdr-dt5,contains,https://resdac.org/cms-data/variables/claim-procedure-code-5-date-encounter,data/raw/html/variable_page/0fc713fa4128246726899efec6c0033c9f8214ab.html,,ip-encounter__data-documentation__5852cefcaf__chunk_25
ip-encounter,ip-encounter__var__prcdr-dt6,contains,https://resdac.org/cms-data/variables/claim-procedure-code-6-date-encounter,data/raw/html/variable_page/457ff329dca8f1d4897ad748890231bffdf22a7c.html,,ip-encounter__data-documentation__5852cefcaf__chunk_25
ip-encounter,ip-encounter__var__prcdr-dt7,contains,https://resdac.org/cms-data/variables/claim-procedure-code-7-date-encounter,data/raw/html/variable_page/556b6a67bbee434c3df313a0e1dd5af9ad1dbe15.html,,ip-encounter__data-documentation__5852cefcaf__chunk_26
ip-encounter,ip-encounter__var__prcdr-dt8,contains,https://resdac.org/cms-data/variables/claim-procedure-code-8-date-encounter,data/raw/html/variable_page/590c8e027ba288597a606669f7442d9350ab9931.html,,ip-encounter__data-documentation__5852cefcaf__chunk_26
ip-encounter,ip-encounter__var__prcdr-dt9,contains,https://resdac.org/cms-data/files/ip-encounter/data-documentation,data/raw/html/documentation_page/5852cefcaf4dca5dba3392a521caae7b6816e9f1.html,,ip-encounter__data-documentation__5852cefcaf__chunk_26
ip-encounter,ip-encounter__var__prncpal-dgns-cd,contains,https://resdac.org/cms-data/variables/claim-admitting-diagnosis-code-encounter,data/raw/html/variable_page/5965d3ca8ff348ca7ce6712ccfad03414e6dfd66.html,,ip-encounter__data-documentation__5852cefcaf__chunk_5
ip-encounter,ip-encounter__var__ptnt-dschrg-stus-cd,contains,https://resdac.org/cms-data/files/ip-encounter/data-documentation,data/raw/html/documentation_page/5852cefcaf4dca5dba3392a521caae7b6816e9f1.html,,ip-encounter__data-documentation__5852cefcaf__chunk_4
ip-encounter,ip-encounter__var__rndrng-physn-npi,contains,https://resdac.org/cms-data/variables/rendering-physician-npi-encounter,data/raw/html/variable_page/ac334533c3e55c8568c5201ac11abff7f1fc4e2e.html,,ip-encounter__data-documentation__5852cefcaf__chunk_3
ip-encounter,ip-encounter__var__sample-group,contains,https://resdac.org/cms-data/variables/ccw-beneficiary-random-sample-group,data/raw/html/variable_page/897ff53ce87896eec8613904c7ba348808da734b.html,,ip-encounter__data-documentation__5852cefcaf__chunk_0
ip-encounter,ip-encounter__var__srvc-month,contains,https://resdac.org/cms-data/files/ip-encounter/data-documentation,data/raw/html/documentation_page/5852cefcaf4dca5dba3392a521caae7b6816e9f1.html,,ip-encounter__data-documentation__5852cefcaf__chunk_0
ip-encounter,ip-encounter__var__tax-num,contains,https://resdac.org/cms-data/variables/provider-tax-number,data/raw/html/variable_page/f3acee345281228c660aef9ff452d3a38ecfbf14.html,,ip-encounter__data-documentation__5852cefcaf__chunk_29
ip-ffs,ip-ffs__var__aco-id-num,contains,https://resdac.org/cms-data/variables/claim-accountable-care-organization-aco-identification-number,data/raw/html/variable_page/7907c87db97da05623c5caf524ad6901eccd6f7c.html,,ip-ffs__data-documentation__fcdee80764__chunk_48
ip-ffs,ip-ffs__var__admtg-dgns-cd,contains,https://resdac.org/cms-data/files/ip-ffs/data-documentation,data/raw/html/documentation_page/fcdee80764dd59910f6190a9dd2c63ce3d8c2906.html,,ip-ffs__data-documentation__fcdee80764__chunk_13
ip-ffs,ip-ffs__var__at-physn-npi,contains,https://resdac.org/cms-data/variables/claim-attending-physician-npi-number-ffs,data/raw/html/variable_page/dbe58666ccdfe6cdd5039dbf0e339ad888bd556e.html,,ip-ffs__data-documentation__fcdee80764__chunk_3
ip-ffs,ip-ffs__var__at-physn-spclty-cd,contains,https://resdac.org/cms-data/variables/claim-attending-physician-specialty-code,data/raw/html/variable_page/c06eeb85a09e7c15549359bc468f48e6962ff0ef.html,,ip-ffs__data-documentation__fcdee80764__chunk_3
ip-ffs,ip-ffs__var__at-physn-upin,contains,https://resdac.org/cms-data/variables/claim-attending-physician-upin-number,data/raw/html/variable_page/3104686fe2f381921b703826a849abe6739b6b23.html,,ip-ffs__data-documentation__fcdee80764__chunk_3
ip-ffs,ip-ffs__var__bene-cnty-cd,contains,https://resdac.org/cms-data/variables/county-code-claim-ssa,data/raw/html/variable_page/e56351dbbbbdbc93e24d44cca5111740efaf7b38.html,,ip-ffs__data-documentation__fcdee80764__chunk_39
ip-ffs,ip-ffs__var__bene-id,contains,https://resdac.org/cms-data/variables/encrypted-ccw-beneficiary-id,data/raw/html/variable_page/69950b21ed36af6e7ed6c908dc18142a50445d3c.html,,ip-ffs__data-documentation__fcdee80764__chunk_0
ip-ffs,ip-ffs__var__bene-lrd-used-cnt,contains,https://resdac.org/cms-data/variables/beneficiary-medicare-lifetime-reserve-days-lrd-used-count,data/raw/html/variable_page/9f1e825107947db36be5670d49922bf74b7cbb70.html,,ip-ffs__data-documentation__fcdee80764__chunk_11
ip-ffs,ip-ffs__var__bene-mlg-cntct-zip-cd,contains,https://resdac.org/cms-data/variables/zip-code-residence-claim,data/raw/html/variable_page/4e89b65565f7e1c564c44024ade6e52795c411d4.html,,ip-ffs__data-documentation__fcdee80764__chunk_39
ip-ffs,ip-ffs__var__bene-race-cd,contains,https://resdac.org/cms-data/variables/beneficiary-race-code-ffs,data/raw/html/variable_page/125923723e3bd54159f5f98694ac7ce4a4a394b7.html,,ip-ffs__data-documentation__fcdee80764__chunk_38
ip-ffs,ip-ffs__var__bene-state-cd,contains,https://resdac.org/cms-data/variables/beneficiary-residence-ssa-state-code-ffs,data/raw/html/variable_page/512bc1fd8daa3c878e418f6d97b03c2e183fb36c.html,,ip-ffs__data-documentation__fcdee80764__chunk_39
ip-ffs,ip-ffs__var__bene-tot-coinsrnc-days-cnt,contains,https://resdac.org/cms-data/variables/beneficiary-total-coinsurance-days-count,data/raw/html/variable_page/1fa37217ca7d5c618be7d7802437e04f87f1261a.html,,ip-ffs__data-documentation__fcdee80764__chunk_10
ip-ffs,ip-ffs__var__claim-query-code,contains,https://resdac.org/cms-data/variables/claim-query-code,data/raw/html/variable_page/a1352a27d5f964ed31ba3c5f667f5229055b908f.html,,ip-ffs__data-documentation__fcdee80764__chunk_0
ip-ffs,ip-ffs__var__clm-adjust-grp-cd,contains,https://resdac.org/cms-data/variables/claim-adjustment-group-code,data/raw/html/variable_page/2f7979c1543d4de24f5135c05f34970dcd03c2c4.html,,ip-ffs__data-documentation__fcdee80764__chunk_49
ip-ffs,ip-ffs__var__clm-adjust-rsn-cd,contains,https://resdac.org/cms-data/variables/claim-adjustment-reason-code,data/raw/html/variable_page/8bceff68ebd08ce91c27308e6934ebdb149935dd.html,,ip-ffs__data-documentation__fcdee80764__chunk_49
ip-ffs,ip-ffs__var__clm-admsn-dt,contains,https://resdac.org/cms-data/variables/claim-admission-date-ffs,data/raw/html/variable_page/e0fa50a2fa8e5ddc694c4ddcff714c6eafb66bc2.html,,ip-ffs__data-documentation__fcdee80764__chunk_6
ip-ffs,ip-ffs__var__clm-base-oprtg-drg-amt,contains,https://resdac.org/cms-data/variables/claim-base-operating-drg-amount,data/raw/html/variable_page/bca1faa7f505d735b93dd84a524ef7047bd71514.html,,ip-ffs__data-documentation__fcdee80764__chunk_41
ip-ffs,ip-ffs__var__clm-bene-id-type-cd,contains,https://resdac.org/cms-data/variables/claim-beneficiary-identifier-type-code,data/raw/html/variable_page/4044859b0a86ea0c6fd9f238d89bee1c828ab44a.html,,ip-ffs__data-documentation__fcdee80764__chunk_48
ip-ffs,ip-ffs__var__clm-bndld-adjstmt-pmt-amt,contains,https://resdac.org/cms-data/variables/claim-bundled-adjustment-payment-amount,data/raw/html/variable_page/c6c7d5850ad583bb42e1aca08f8cd76ca783843a.html,,ip-ffs__data-documentation__fcdee80764__chunk_43
ip-ffs,ip-ffs__var__clm-bndld-model-1-dscnt-pct,contains,https://resdac.org/cms-data/variables/claim-bundled-model-1-discount-percent,data/raw/html/variable_page/24a7a02beda46376747ac22906651d1eb41ae473.html,,ip-ffs__data-documentation__fcdee80764__chunk_41
ip-ffs,ip-ffs__var__clm-care-imprvmt-model-cd1,contains,https://resdac.org/cms-data/variables/claim-care-improvement-model-1-code-bundled-payment,data/raw/html/variable_page/7a8657737fff404f3e0a59dc4adcb24ab177cb1c.html,,ip-ffs__data-documentation__fcdee80764__chunk_40
ip-ffs,ip-ffs__var__clm-care-imprvmt-model-cd2,contains,https://resdac.org/cms-data/variables/claim-care-improvement-model-2-code,data/raw/html/variable_page/ceb52296038ebdbc129cea2a6a84fc1fc712e65d.html,,ip-ffs__data-documentation__fcdee80764__chunk_41
ip-ffs,ip-ffs__var__clm-care-imprvmt-model-cd3,contains,https://resdac.org/cms-data/variables/claim-care-improvement-model-3-code,data/raw/html/variable_page/faac0f3d00cf42257ce6cc25e040519147573481.html,,ip-ffs__data-documentation__fcdee80764__chunk_41
ip-ffs,ip-ffs__var__clm-care-imprvmt-model-cd4,contains,https://resdac.org/cms-data/variables/claim-care-improvement-model-4-code,data/raw/html/variable_page/7e3d71d1f7b449c3228bd5a949cd5a26e28a089e.html,,ip-ffs__data-documentation__fcdee80764__chunk_41
ip-ffs,ip-ffs__var__clm-disp-cd,contains,https://www2.ccwdata.org/documents/10280/19022436/codebook-ffs-claims.pdf,data/raw/assets/pdf/a4af628b5ad494c93baa8921ab4d55ef29217d67.pdf,44,ip-ffs__codebook-ffs-claims_pdf__a4af628b5a__p44__chunk_1
ip-ffs,ip-ffs__var__clm-drg-cd,contains,https://resdac.org/cms-data/variables/claim-diagnosis-related-group-code-or-ms-drg-code-ffs,data/raw/html/variable_page/813ca48d4b834663994dd4aba0ded87bb11fe4d6.html,,ip-ffs__data-documentation__fcdee80764__chunk_12
ip-ffs,ip-ffs__var__clm-drg-outlier-stay-cd,contains,https://resdac.org/cms-data/variables/claim-diagnosis-related-group-outlier-stay-code,data/raw/html/variable_page/6a09e6aad8346a0df5d4a28c36846a57e659cd0d.html,,ip-ffs__data-documentation__fcdee80764__chunk_13
ip-ffs,ip-ffs__var__clm-e-poa-ind-sw1,contains,https://resdac.org/cms-data/variables/claim-diagnosis-e-code-i-diagnosis-present-admission-poa-indicator-code-ffs,data/raw/html/variable_page/07716f16a0d084b13209e59f96725563f60c74c9.html,,ip-ffs__data-documentation__fcdee80764__chunk_25
ip-ffs,ip-ffs__var__clm-e-poa-ind-sw10,contains,https://resdac.org/cms-data/variables/claim-diagnosis-e-code-x-diagnosis-present-admission-poa-indicator-code-ffs,data/raw/html/variable_page/e33077cb810cd09d707fb2976f9a871c93b26fe6.html,,ip-ffs__data-documentation__fcdee80764__chunk_29
ip-ffs,ip-ffs__var__clm-e-poa-ind-sw11,contains,https://resdac.org/cms-data/variables/claim-diagnosis-e-code-xi-diagnosis-present-admission-poa-indicator-code,data/raw/html/variable_page/709fd3276b582d826f06d31470292682b8e6ba6f.html,,ip-ffs__data-documentation__fcdee80764__chunk_30
ip-ffs,ip-ffs__var__clm-e-poa-ind-sw12,contains,https://resdac.org/cms-data/variables/claim-diagnosis-e-code-xii-diagnosis-present-admission-poa-indicator-code,data/raw/html/variable_page/e9f0dd32a2e6db1251700bbb4eae41148a6e970f.html,,ip-ffs__data-documentation__fcdee80764__chunk_30
ip-ffs,ip-ffs__var__clm-e-poa-ind-sw2,contains,https://resdac.org/cms-data/variables/claim-diagnosis-e-code-ii-diagnosis-present-admission-poa-indicator-code-ffs,data/raw/html/variable_page/3dbeba1a5bb1416e8e2d647745adaba7abc4c2a1.html,,ip-ffs__data-documentation__fcdee80764__chunk_26
ip-ffs,ip-ffs__var__clm-e-poa-ind-sw3,contains,https://resdac.org/cms-data/variables/claim-diagnosis-e-code-iii-diagnosis-present-admission-poa-indicator-code-ffs,data/raw/html/variable_page/969d2385a782a67e1a78721eb325a1f6640b403d.html,,ip-ffs__data-documentation__fcdee80764__chunk_26
ip-ffs,ip-ffs__var__clm-e-poa-ind-sw4,contains,https://resdac.org/cms-data/variables/claim-diagnosis-e-code-iv-diagnosis-present-admission-poa-indicator-code-ffs,data/raw/html/variable_page/3274d279f151529e557a0be8900b1648d40719f6.html,,ip-ffs__data-documentation__fcdee80764__chunk_27
ip-ffs,ip-ffs__var__clm-e-poa-ind-sw5,contains,https://resdac.org/cms-data/variables/claim-diagnosis-e-code-v-diagnosis-present-admission-poa-indicator-code-ffs,data/raw/html/variable_page/20bfbd0fef1c204e67ffd7651545d45379c447e1.html,,ip-ffs__data-documentation__fcdee80764__chunk_27
ip-ffs,ip-ffs__var__clm-e-poa-ind-sw6,contains,https://resdac.org/cms-data/variables/claim-diagnosis-e-code-vi-diagnosis-present-admission-poa-indicator-code-ffs,data/raw/html/variable_page/32e1076cb5c14c865d14e5aeaa8dfb5c8b6957d4.html,,ip-ffs__data-documentation__fcdee80764__chunk_27
ip-ffs,ip-ffs__var__clm-e-poa-ind-sw7,contains,https://resdac.org/cms-data/variables/claim-diagnosis-e-code-vii-diagnosis-present-admission-poa-indicator-code-ffs,data/raw/html/variable_page/a9084860572379b68a5ecd326f7a4587da395bf5.html,,ip-ffs__data-documentation__fcdee80764__chunk_28
ip-ffs,ip-ffs__var__clm-e-poa-ind-sw8,contains,https://resdac.org/cms-data/variables/claim-diagnosis-e-code-viii-diagnosis-present-admission-poa-indicator-code-ffs,data/raw/html/variable_page/1e211e629705de0e0688011cb718a6d9a373c2ac.html,,ip-ffs__data-documentation__fcdee80764__chunk_28
ip-ffs,ip-ffs__var__clm-e-poa-ind-sw9,contains,https://resdac.org/cms-data/variables/claim-diagnosis-e-code-ix-diagnosis-present-admission-poa-indicator-code-ffs,data/raw/html/variable_page/5ae6cce861dd44868fb0c72f422e6dc00a10fc4b.html,,ip-ffs__data-documentation__fcdee80764__chunk_29
ip-ffs,ip-ffs__var__clm-fac-type-cd,contains,https://resdac.org/cms-data/variables/claim-facility-type-code-ffs,data/raw/html/variable_page/60f4f278b28f810bf0be4c7bb2d022c72b9a3016.html,,ip-ffs__data-documentation__fcdee80764__chunk_1
ip-ffs,ip-ffs__var__clm-freq-cd,contains,https://resdac.org/cms-data/variables/claim-frequency-code-ffs,data/raw/html/variable_page/f5fc159d9b355c622a6f920facd62416e1047827.html,,ip-ffs__data-documentation__fcdee80764__chunk_1
ip-ffs,ip-ffs__var__clm-from-dt,contains,https://resdac.org/cms-data/variables/claim-date-ffs,data/raw/html/variable_page/02457398703925ce3d536d225abd78786dbbf3b2.html,,ip-ffs__data-documentation__fcdee80764__chunk_0
ip-ffs,ip-ffs__var__clm-full-std-pymt-amt,contains,https://resdac.org/cms-data/variables/claim-full-standard-payment-amount,data/raw/html/variable_page/7620bf76a3e10a7e93514ee5727f4b773416e458.html,,ip-ffs__data-documentation__fcdee80764__chunk_44
ip-ffs,ip-ffs__var__clm-hrr-adjstmt-pct,contains,https://resdac.org/cms-data/variables/claim-hrr-adjustment-percent,data/raw/html/variable_page/7f49bb2d801a036aacf2ba5c5693a0330b693ec0.html,,ip-ffs__data-documentation__fcdee80764__chunk_42
ip-ffs,ip-ffs__var__clm-hrr-adjstmt-pmt-amt,contains,https://resdac.org/cms-data/variables/claim-hospital-readmission-reduction-hrr-adjustment-payment-amount,data/raw/html/variable_page/3fb95e7f1304190ab0edd5934daed164690bd430.html,,ip-ffs__data-documentation__fcdee80764__chunk_43
ip-ffs,ip-ffs__var__clm-hrr-prtcpnt-ind-cd,contains,https://resdac.org/cms-data/variables/claim-hospital-readmission-reduction-hrr-participant-indicator-code,data/raw/html/variable_page/38da1c530f3114a97d82205c760931d2d5e63746.html,,ip-ffs__data-documentation__fcdee80764__chunk_42
ip-ffs,ip-ffs__var__clm-id,contains,https://resdac.org/cms-data/variables/claim-line-number,data/raw/html/variable_page/9b2848ebe106f29b20cd60c9b55612add6696e91.html,,ip-ffs__data-documentation__fcdee80764__chunk_0
ip-ffs,ip-ffs__var__clm-ip-admsn-type-cd,contains,https://resdac.org/cms-data/variables/claim-inpatient-admission-type-code-ffs,data/raw/html/variable_page/d934185e4a5652220d9e3912c6a2bdc10ced5846.html,,ip-ffs__data-documentation__fcdee80764__chunk_6
ip-ffs,ip-ffs__var__clm-ip-initl-ms-drg-cd,contains,https://resdac.org/cms-data/variables/claim-inpatient-initial-ms-drg-code,data/raw/html/variable_page/92c195cd523b247b85cdf0ef4cb627a21b308700.html,,ip-ffs__data-documentation__fcdee80764__chunk_13
ip-ffs,ip-ffs__var__clm-ip-low-vol-pmt-amt,contains,https://resdac.org/cms-data/variables/claim-inpatient-low-volume-payment-amount,data/raw/html/variable_page/5e2f924c0b95679d7413ed0be9a0e1934e7f20c9.html,,ip-ffs__data-documentation__fcdee80764__chunk_40
ip-ffs,ip-ffs__var__clm-mco-pd-sw,contains,https://resdac.org/cms-data/variables/claim-mco-paid-switch,data/raw/html/variable_page/8d976aba706159838b184f427a9cf514335ea07b.html,,ip-ffs__data-documentation__fcdee80764__chunk_5
ip-ffs,ip-ffs__var__clm-mdcl-rec,contains,https://resdac.org/cms-data/variables/claim-medical-record-number-ffs,data/raw/html/variable_page/b2e5fc90c77e198aa4afa50be9fa5def1a6580cc.html,,ip-ffs__data-documentation__fcdee80764__chunk_39
ip-ffs,ip-ffs__var__clm-mdcr-non-pmt-rsn-cd,contains,https://resdac.org/cms-data/variables/claim-medicare-non-payment-reason-code,data/raw/html/variable_page/d740866108affabd0c6683f4288829600d3c4af7.html,,ip-ffs__data-documentation__fcdee80764__chunk_2
ip-ffs,ip-ffs__var__clm-model-4-readmsn-ind-cd,contains,https://resdac.org/cms-data/variables/claim-model-4-readmission-indicator-code,data/raw/html/variable_page/b9a5da5325ed9f3a8c4c31a58ecae34e71793025.html,,ip-ffs__data-documentation__fcdee80764__chunk_42
ip-ffs,ip-ffs__var__clm-model-reimbrsmt-amt,contains,https://resdac.org/cms-data/files/ip-ffs/data-documentation,data/raw/html/documentation_page/fcdee80764dd59910f6190a9dd2c63ce3d8c2906.html,,ip-ffs__data-documentation__fcdee80764__chunk_49
ip-ffs,ip-ffs__var__clm-next-gnrtn-aco-ind-cd1,contains,https://resdac.org/cms-data/variables/claim-next-generation-ng-accountable-care-organization-aco-indicator-code-population-based-payment-pbp,data/raw/html/variable_page/ae99c2db0488f1e89b5f87430680de8f8329a8b1.html,,ip-ffs__data-documentation__fcdee80764__chunk_46
ip-ffs,ip-ffs__var__clm-next-gnrtn-aco-ind-cd2,contains,https://resdac.org/cms-data/variables/claim-next-generation-ng-accountable-care-organization-aco-indicator-code,data/raw/html/variable_page/531afb00cf1e8e2cbad9e0534b10f12c0b7141c8.html,,ip-ffs__data-documentation__fcdee80764__chunk_46
ip-ffs,ip-ffs__var__clm-next-gnrtn-aco-ind-cd3,contains,https://resdac.org/cms-data/variables/claim-next-generation-ng-accountable-care-organization-aco-indicator-code-post,data/raw/html/variable_page/f049110b3b59bfeb3c69dba86142eb08207daf1d.html,,ip-ffs__data-documentation__fcdee80764__chunk_47
ip-ffs,ip-ffs__var__clm-next-gnrtn-aco-ind-cd4,contains,https://resdac.org/cms-data/variables/claim-next-generation-ng-accountable-care-organization-aco-indicator-code-3-day,data/raw/html/variable_page/a11dc318a06cc9546b30f6400cd4d50b879722a2.html,,ip-ffs__data-documentation__fcdee80764__chunk_47
ip-ffs,ip-ffs__var__clm-next-gnrtn-aco-ind-cd5,contains,https://resdac.org/cms-data/variables/claim-next-generation-ng-accountable-care-organization-aco-indicator-code-capitation,data/raw/html/variable_page/694416660044fe79f8f792ead71335b536fb9311.html,,ip-ffs__data-documentation__fcdee80764__chunk_47
ip-ffs,ip-ffs__var__clm-non-utlztn-days-cnt,contains,https://resdac.org/cms-data/variables/claim-medicare-non-utilization-days-count,data/raw/html/variable_page/892af8458df5303d1803f527b04b46e4cff88e91.html,,ip-ffs__data-documentation__fcdee80764__chunk_11
ip-ffs,ip-ffs__var__clm-op-pps-ind,contains,https://www2.ccwdata.org/documents/10280/19022436/codebook-ffs-claims.pdf,data/raw/assets/pdf/a4af628b5ad494c93baa8921ab4d55ef29217d67.pdf,388,ip-ffs__codebook-ffs-claims_pdf__a4af628b5a__p388__chunk_2
ip-ffs,ip-ffs__var__clm-pass-thru-per-diem-amt,contains,https://resdac.org/cms-data/variables/claim-medicare-payment-amount,data/raw/html/variable_page/716084f30f61feb7dd283fb58f923d85434f44f7.html,,ip-ffs__data-documentation__fcdee80764__chunk_7
ip-ffs,ip-ffs__var__clm-pmt-amt,contains,https://resdac.org/cms-data/variables/claim-pass-thru-diem-amount,data/raw/html/variable_page/3d03beaac9b03c502905678de639a67172057a1e.html,,ip-ffs__data-documentation__fcdee80764__chunk_2
ip-ffs,ip-ffs__var__clm-poa-ind-sw1,contains,https://resdac.org/cms-data/variables/claim-diagnosis-code-i-diagnosis-present-admission-poa-indicator-code-ffs,data/raw/html/variable_page/e1a33c0dfa469cfdd9eeaaeb8957c7c10c5aa453.html,,ip-ffs__data-documentation__fcdee80764__chunk_14
ip-ffs,ip-ffs__var__clm-poa-ind-sw10,contains,https://resdac.org/cms-data/variables/claim-diagnosis-code-x-diagnosis-present-admission-poa-indicator-code-ffs,data/raw/html/variable_page/be26af36a8c34ab511fd0ea974ffb38cee1dea72.html,,ip-ffs__data-documentation__fcdee80764__chunk_18
ip-ffs,ip-ffs__var__clm-poa-ind-sw11,contains,https://resdac.org/cms-data/variables/claim-diagnosis-code-xi-diagnosis-present-admission-poa-indicator-code-ffs,data/raw/html/variable_page/188df714515eda9ee8b3771a8aa7661a30204b49.html,,ip-ffs__data-documentation__fcdee80764__chunk_18
ip-ffs,ip-ffs__var__clm-poa-ind-sw12,contains,https://resdac.org/cms-data/variables/claim-diagnosis-code-xii-diagnosis-present-admission-poa-indicator-code-ffs,data/raw/html/variable_page/7f135c5340d2cf54a937cf1608093fe416b336c5.html,,ip-ffs__data-documentation__fcdee80764__chunk_19
ip-ffs,ip-ffs__var__clm-poa-ind-sw13,contains,https://resdac.org/cms-data/variables/claim-diagnosis-code-xiii-diagnosis-present-admission-poa-indicator-code-ffs,data/raw/html/variable_page/6f8aff78233e5e8c310b4ef1edca5227409ca63a.html,,ip-ffs__data-documentation__fcdee80764__chunk_19
ip-ffs,ip-ffs__var__clm-poa-ind-sw14,contains,https://resdac.org/cms-data/variables/claim-diagnosis-code-xiv-diagnosis-present-admission-poa-indicator-code-ffs,data/raw/html/variable_page/aa6de0cd96d234232c1276fcfeba72c713fcbe93.html,,ip-ffs__data-documentation__fcdee80764__chunk_19
ip-ffs,ip-ffs__var__clm-poa-ind-sw15,contains,https://resdac.org/cms-data/variables/claim-diagnosis-code-xv-diagnosis-present-admission-poa-indicator-code-ffs,data/raw/html/variable_page/0f7c3955501675b2a71f94cfdd0d6800619c91f0.html,,ip-ffs__data-documentation__fcdee80764__chunk_20
ip-ffs,ip-ffs__var__clm-poa-ind-sw16,contains,https://resdac.org/cms-data/variables/claim-diagnosis-code-xvi-diagnosis-present-admission-poa-indicator-code,data/raw/html/variable_page/020568f8746ea608668dd09de36747361ff581ae.html,,ip-ffs__data-documentation__fcdee80764__chunk_20
ip-ffs,ip-ffs__var__clm-poa-ind-sw17,contains,https://resdac.org/cms-data/variables/claim-diagnosis-code-xvii-diagnosis-present-admission-poa-indicator-code-ffs,data/raw/html/variable_page/b7e144d4b626fa25f8bb1355b552b2842ffa850f.html,,ip-ffs__data-documentation__fcdee80764__chunk_21
ip-ffs,ip-ffs__var__clm-poa-ind-sw18,contains,https://resdac.org/cms-data/variables/claim-diagnosis-code-xviii-diagnosis-present-admission-poa-indicator-code-ffs,data/raw/html/variable_page/c913e876346c60d0496c6430575db9594b3fd675.html,,ip-ffs__data-documentation__fcdee80764__chunk_21
ip-ffs,ip-ffs__var__clm-poa-ind-sw19,contains,https://resdac.org/cms-data/variables/claim-diagnosis-code-xix-diagnosis-present-admission-poa-indicator-code-ffs,data/raw/html/variable_page/92c4eac83f3127496244ac7aa5aa38baeede14bd.html,,ip-ffs__data-documentation__fcdee80764__chunk_22
ip-ffs,ip-ffs__var__clm-poa-ind-sw2,contains,https://resdac.org/cms-data/variables/claim-diagnosis-code-ii-diagnosis-present-admission-poa-indicator-code-ffs,data/raw/html/variable_page/ff73ea359afe68207c7e0f81a1a45bae77038c33.html,,ip-ffs__data-documentation__fcdee80764__chunk_14
ip-ffs,ip-ffs__var__clm-poa-ind-sw20,contains,https://resdac.org/cms-data/variables/claim-diagnosis-code-xx-diagnosis-present-admission-poa-indicator-code,data/raw/html/variable_page/82f2ecc1ccd35b4dd456beb7e654c57b5b24e77a.html,,ip-ffs__data-documentation__fcdee80764__chunk_22
ip-ffs,ip-ffs__var__clm-poa-ind-sw21,contains,https://resdac.org/cms-data/variables/claim-diagnosis-code-xxi-diagnosis-present-admission-poa-indicator-code-ffs,data/raw/html/variable_page/e6ca53817d7155373d283ec4f51b8ed581b32755.html,,ip-ffs__data-documentation__fcdee80764__chunk_23
ip-ffs,ip-ffs__var__clm-poa-ind-sw22,contains,https://resdac.org/cms-data/variables/claim-diagnosis-code-xxii-diagnosis-present-admission-poa-indicator-code-ffs,data/raw/html/variable_page/2123ea52dd31784f8cd340f3e8046518b110121e.html,,ip-ffs__data-documentation__fcdee80764__chunk_23
ip-ffs,ip-ffs__var__clm-poa-ind-sw23,contains,https://resdac.org/cms-data/variables/claim-diagnosis-code-xxiii-diagnosis-present-admission-poa-indicator-code-ffs,data/raw/html/variable_page/4724a4e2fac7c5598c4742a85d4551d604d0c0e6.html,,ip-ffs__data-documentation__fcdee80764__chunk_24
ip-ffs,ip-ffs__var__clm-poa-ind-sw24,contains,https://resdac.org/cms-data/variables/claim-diagnosis-code-xxiv-diagnosis-present-admission-poa-indicator-code-ffs,data/raw/html/variable_page/38dab136c415f9f82327e77fd1c52ba03cebb1c6.html,,ip-ffs__data-documentation__fcdee80764__chunk_24
ip-ffs,ip-ffs__var__clm-poa-ind-sw25,contains,https://resdac.org/cms-data/variables/claim-diagnosis-code-xxv-diagnosis-present-admission-poa-indicator-code-ffs,data/raw/html/variable_page/fe7fc00f94d2afcea94adf372d2008a826b6a178.html,,ip-ffs__data-documentation__fcdee80764__chunk_25
ip-ffs,ip-ffs__var__clm-poa-ind-sw3,contains,https://resdac.org/cms-data/variables/claim-diagnosis-code-iii-diagnosis-present-admission-poa-indicator-code-ffs,data/raw/html/variable_page/5d7c170669453a57a003b11a2a4c46ee0ce4a9b4.html,,ip-ffs__data-documentation__fcdee80764__chunk_15
ip-ffs,ip-ffs__var__clm-poa-ind-sw4,contains,https://resdac.org/cms-data/variables/claim-diagnosis-code-iv-diagnosis-present-admission-poa-indicator-code-ffs,data/raw/html/variable_page/a1b7b95a98a72e96f635cfd812668f681bf516b3.html,,ip-ffs__data-documentation__fcdee80764__chunk_15
ip-ffs,ip-ffs__var__clm-poa-ind-sw5,contains,https://resdac.org/cms-data/variables/claim-diagnosis-code-v-diagnosis-present-admission-indicator-poa-code-ffs,data/raw/html/variable_page/c6513ed965c23245e58ffd5fea926991c049a868.html,,ip-ffs__data-documentation__fcdee80764__chunk_15
ip-ffs,ip-ffs__var__clm-poa-ind-sw6,contains,https://resdac.org/cms-data/variables/claim-diagnosis-code-vi-diagnosis-present-admission-poa-indicator-code-ffs,data/raw/html/variable_page/e2f1abadfb273ef09330f0178e3c67adc5ce34bb.html,,ip-ffs__data-documentation__fcdee80764__chunk_16
ip-ffs,ip-ffs__var__clm-poa-ind-sw7,contains,https://resdac.org/cms-data/variables/claim-diagnosis-code-vii-diagnosis-present-admission-poa-indicator-code-ffs,data/raw/html/variable_page/81b9d50a863af4a83cb81c9341a40ed4a2e2a12f.html,,ip-ffs__data-documentation__fcdee80764__chunk_16
ip-ffs,ip-ffs__var__clm-poa-ind-sw8,contains,https://resdac.org/cms-data/variables/claim-diagnosis-code-viii-diagnosis-present-admission-poa-indicator-code-ffs,data/raw/html/variable_page/d2efd6094720292c70bc74e1b5a5e9e65eb7dc1f.html,,ip-ffs__data-documentation__fcdee80764__chunk_17
ip-ffs,ip-ffs__var__clm-poa-ind-sw9,contains,https://resdac.org/cms-data/variables/claim-diagnosis-code-ix-diagnosis-present-admission-poa-indicator-code-ffs,data/raw/html/variable_page/183bd219c71492e4949c014faf11ea39be3d2bf8.html,,ip-ffs__data-documentation__fcdee80764__chunk_17
ip-ffs,ip-ffs__var__clm-pps-cptl-drg-wt-num,contains,https://resdac.org/cms-data/variables/claim-pps-capital-drg-weight-number,data/raw/html/variable_page/7cb055330fd6b974a58eb14566274bbb93f08ef5.html,,ip-ffs__data-documentation__fcdee80764__chunk_10
ip-ffs,ip-ffs__var__clm-pps-cptl-dsprprtnt-shr-amt,contains,https://resdac.org/cms-data/variables/operating-disproportionate-share-dsh-amount,data/raw/html/variable_page/62230c212e0c1f0b2edab5fac0d9422cddc3ceda.html,,ip-ffs__data-documentation__fcdee80764__chunk_9
ip-ffs,ip-ffs__var__clm-pps-cptl-excptn-amt,contains,https://resdac.org/cms-data/files/ip-ffs/data-documentation,data/raw/html/documentation_page/fcdee80764dd59910f6190a9dd2c63ce3d8c2906.html,,ip-ffs__data-documentation__fcdee80764__chunk_10
ip-ffs,ip-ffs__var__clm-pps-cptl-fsp-amt,contains,https://resdac.org/cms-data/files/ip-ffs/data-documentation,data/raw/html/documentation_page/fcdee80764dd59910f6190a9dd2c63ce3d8c2906.html,,ip-ffs__data-documentation__fcdee80764__chunk_9
ip-ffs,ip-ffs__var__clm-pps-cptl-ime-amt,contains,https://resdac.org/cms-data/variables/operating-indirect-medical-education-ime-amount,data/raw/html/variable_page/25bf00f25270600eb19732bca137afd84c07c92a.html,,ip-ffs__data-documentation__fcdee80764__chunk_9
ip-ffs,ip-ffs__var__clm-pps-cptl-outlier-amt,contains,https://resdac.org/cms-data/files/ip-ffs/data-documentation,data/raw/html/documentation_page/fcdee80764dd59910f6190a9dd2c63ce3d8c2906.html,,ip-ffs__data-documentation__fcdee80764__chunk_9
ip-ffs,ip-ffs__var__clm-pps-ind-cd,contains,https://resdac.org/cms-data/variables/claim-pps-indicator-code,data/raw/html/variable_page/be74f08b4ca2da3d5e5a515e2dcf9609a03e9fba.html,,ip-ffs__data-documentation__fcdee80764__chunk_6
ip-ffs,ip-ffs__var__clm-pps-old-cptl-hld-hrmls-amt,contains,https://resdac.org/cms-data/variables/claim-pps-old-capital-hold-harmless-amount,data/raw/html/variable_page/6725d1c6efa306ebdcb75e349c288c2b5fcc6875.html,,ip-ffs__data-documentation__fcdee80764__chunk_10
ip-ffs,ip-ffs__var__clm-prcr-rtrn-cd,contains,https://resdac.org/cms-data/variables/claim-pricer-return-code,data/raw/html/variable_page/88d894fc3c7a329e5931abfcabcef77fb22d1374.html,,ip-ffs__data-documentation__fcdee80764__chunk_39
ip-ffs,ip-ffs__var__clm-prcr-vrsn-cd,contains,https://resdac.org/cms-data/variables/claim-pricer-version-code,data/raw/html/variable_page/1047485731efc56abb10951f6c94f56ad31729ad.html,,ip-ffs__data-documentation__fcdee80764__chunk_40
ip-ffs,ip-ffs__var__clm-rlt-cond-cd,contains,https://resdac.org/cms-data/variables/claim-related-condition-code-sequence,data/raw/html/variable_page/53d2231e3d34a44d32e05bddc47971c3e72a6831.html,108,ip-ffs__codebook-ffs-claims_pdf__a4af628b5a__p108__chunk_2
ip-ffs,ip-ffs__var__clm-rp-ind-cd,contains,https://resdac.org/cms-data/variables/claim-representative-payee-rp-indicator-code,data/raw/html/variable_page/0111cc0311ffe239207f23334e0daf77353b0c08.html,,ip-ffs__data-documentation__fcdee80764__chunk_48
ip-ffs,ip-ffs__var__clm-rsdl-pymt-ind-cd,contains,https://resdac.org/cms-data/variables/claim-residual-payment-indicator-code,data/raw/html/variable_page/9c7082c889b6f540c7104f3c7865bc1965688c4e.html,,ip-ffs__data-documentation__fcdee80764__chunk_48
ip-ffs,ip-ffs__var__clm-site-ntrl-pymt-cst-amt,contains,https://resdac.org/cms-data/variables/claim-site-neutral-payment-based-cost-amount,data/raw/html/variable_page/c3687fc6fb5c1c1cdc32c4739eca43509d7afd21.html,,ip-ffs__data-documentation__fcdee80764__chunk_45
ip-ffs,ip-ffs__var__clm-site-ntrl-pymt-ipps-amt,contains,https://resdac.org/cms-data/variables/claim-site-neutral-payment-based-inpatient-prospective-payment-system-ipps,data/raw/html/variable_page/f5939198ad44f2c1059b6f960a34925d9b4dddc3.html,,ip-ffs__data-documentation__fcdee80764__chunk_45
ip-ffs,ip-ffs__var__clm-src-ip-admsn-cd,contains,https://resdac.org/cms-data/variables/claim-source-inpatient-admission-code-ffs,data/raw/html/variable_page/001cc7ea3645d2478633a844a37c377e96f4ae09.html,,ip-ffs__data-documentation__fcdee80764__chunk_6
ip-ffs,ip-ffs__var__clm-srvc-clsfctn-type-cd,contains,https://resdac.org/cms-data/variables/claim-service-classification-type-code-ffs,data/raw/html/variable_page/f89aac11784f011066bc0de3137c1b2c0cdb59ec.html,,ip-ffs__data-documentation__fcdee80764__chunk_1
ip-ffs,ip-ffs__var__clm-srvc-fac-zip-cd,contains,https://resdac.org/cms-data/variables/claim-service-facility-zip-code-where-service-was-provided,data/raw/html/variable_page/c2fb48ef1078e732a197e0df1a5950b95cdff56b.html,,ip-ffs__data-documentation__fcdee80764__chunk_40
ip-ffs,ip-ffs__var__clm-ss-outlier-std-pymt-amt,contains,https://resdac.org/cms-data/variables/claim-short-stay-outlier-sso-standard-payment-amount,data/raw/html/variable_page/43669273af6619fe5d41330cccb6fffc19fb5dc2.html,,ip-ffs__data-documentation__fcdee80764__chunk_44
ip-ffs,ip-ffs__var__clm-thru-dt,contains,https://resdac.org/cms-data/variables/patient-discharge-status-code-ffs,data/raw/html/variable_page/909a971a8d0ff217fe8ca63c942a5108c80e5e75.html,,ip-ffs__data-documentation__fcdee80764__chunk_0
ip-ffs,ip-ffs__var__clm-tot-chrg-amt,contains,https://resdac.org/cms-data/variables/claim-total-charge-amount,data/raw/html/variable_page/7f61ac3a1a342217964f53e6bfd51b17ec893a04.html,,ip-ffs__data-documentation__fcdee80764__chunk_6
ip-ffs,ip-ffs__var__clm-tot-pps-cptl-amt,contains,https://resdac.org/cms-data/variables/claim-total-pps-capital-amount,data/raw/html/variable_page/276f01d5087b13522508091e6e640021058ba008.html,,ip-ffs__data-documentation__fcdee80764__chunk_8
ip-ffs,ip-ffs__var__clm-trtmt-authrztn-num,contains,https://resdac.org/cms-data/variables/claim-treatment-authorization-number,data/raw/html/variable_page/910c425b4c2779228030d2698a96597bf53a4054.html,,ip-ffs__data-documentation__fcdee80764__chunk_39
ip-ffs,ip-ffs__var__clm-uncompd-care-pmt-amt,contains,https://resdac.org/cms-data/variables/claim-uncompensated-care-payment-amount,data/raw/html/variable_page/4e4ab97626b9839109d4cdae6803028e2f881048.html,,ip-ffs__data-documentation__fcdee80764__chunk_43
ip-ffs,ip-ffs__var__clm-utlztn-day-cnt,contains,https://resdac.org/cms-data/variables/claim-medicare-utilization-day-count,data/raw/html/variable_page/a385cb94f9ce139880afcc854aa18452da70ae20.html,,ip-ffs__data-documentation__fcdee80764__chunk_10
ip-ffs,ip-ffs__var__clm-val-cd,contains,https://resdac.org/cms-data/variables/claim-value-amount,data/raw/html/variable_page/694b9f956c40c24d5e58e64d697de5fb204655f9.html,108,ip-ffs__codebook-ffs-claims_pdf__a4af628b5a__p108__chunk_2
ip-ffs,ip-ffs__var__clm-vbp-adjstmt-pct,contains,https://resdac.org/cms-data/variables/claim-vbp-adjustment-percent,data/raw/html/variable_page/fbe3ead03fd20d286441c59fae035a95fe8f6bb2.html,,ip-ffs__data-documentation__fcdee80764__chunk_42
ip-ffs,ip-ffs__var__clm-vbp-adjstmt-pmt-amt,contains,https://resdac.org/cms-data/variables/claim-value-based-purchasing-adjustment-payment-amount-0,data/raw/html/variable_page/c97ba0d95681539021f362e590503a8eec3baeea.html,,ip-ffs__data-documentation__fcdee80764__chunk_43
ip-ffs,ip-ffs__var__clm-vbp-prtcpnt-ind-cd,contains,https://resdac.org/cms-data/variables/claim-value-based-purchasing-vbp-participant-indicator-code,data/raw/html/variable_page/3aaa717ce2f398913337136878efee841c515d12.html,,ip-ffs__data-documentation__fcdee80764__chunk_42
ip-ffs,ip-ffs__var__dmerc-oxgn-initl-dt-cd,contains,https://www2.ccwdata.org/documents/10280/19022436/codebook-ffs-claims.pdf,data/raw/assets/pdf/a4af628b5ad494c93baa8921ab4d55ef29217d67.pdf,178,ip-ffs__codebook-ffs-claims_pdf__a4af628b5a__p178__chunk_0
ip-ffs,ip-ffs__var__dob-dt,contains,https://resdac.org/cms-data/variables/date-birth-claim,data/raw/html/variable_page/69b98fdd381a3112e7aa54e240ebfb13845a9689.html,,ip-ffs__data-documentation__fcdee80764__chunk_38
ip-ffs,ip-ffs__var__dsh-op-clm-val-amt,contains,https://resdac.org/cms-data/files/ip-ffs/data-documentation,data/raw/html/documentation_page/fcdee80764dd59910f6190a9dd2c63ce3d8c2906.html,,ip-ffs__data-documentation__fcdee80764__chunk_38
ip-ffs,ip-ffs__var__ehr-pgm-rdctn-ind-sw,contains,https://resdac.org/cms-data/variables/claim-electronic-health-records-ehr-program-reduction-indicator-switch,data/raw/html/variable_page/e9dffbcb996a7051855fc37f0406a98fa8723d83.html,,ip-ffs__data-documentation__fcdee80764__chunk_45
ip-ffs,ip-ffs__var__ehr-pymt-adjstmt-amt,contains,https://resdac.org/cms-data/variables/claim-electronic-health-record-ehr-payment-adjustment-amount,data/raw/html/variable_page/40885ae0feb32d89a3aa57aefbebed2dd06edaef.html,,ip-ffs__data-documentation__fcdee80764__chunk_44
ip-ffs,ip-ffs__var__finl-std-amt,contains,https://resdac.org/cms-data/files/ip-ffs/data-documentation,data/raw/html/documentation_page/fcdee80764dd59910f6190a9dd2c63ce3d8c2906.html,,ip-ffs__data-documentation__fcdee80764__chunk_44
ip-ffs,ip-ffs__var__fi-clm-actn-cd,contains,https://resdac.org/cms-data/variables/fi-or-mac-claim-action-code,data/raw/html/variable_page/da445dfed8531a4fb3923865b1460cb903dcb530.html,,ip-ffs__data-documentation__fcdee80764__chunk_2
ip-ffs,ip-ffs__var__fi-clm-proc-dt,contains,https://resdac.org/cms-data/variables/fi-claim-process-date,data/raw/html/variable_page/3fb55742da88ead1cf049edcb54a8d8694130180.html,,ip-ffs__data-documentation__fcdee80764__chunk_0
ip-ffs,ip-ffs__var__fi-num,contains,https://resdac.org/cms-data/variables/fi-or-mac-number,data/raw/html/variable_page/e2cb5261d195e4e228d1f714ee572f4c08795085.html,,ip-ffs__data-documentation__fcdee80764__chunk_2
ip-ffs,ip-ffs__var__fst-dgns-e-cd,contains,https://resdac.org/cms-data/variables/first-claim-diagnosis-e-code-ffs,data/raw/html/variable_page/114509522f88f30e7c0cf8eb7d2d664cc89eb67b.html,,ip-ffs__data-documentation__fcdee80764__chunk_25
ip-ffs,ip-ffs__var__hac-pgm-rdctn-ind-sw,contains,https://resdac.org/cms-data/variables/claim-hospital-acquired-condition-hac-program-reduction-indicator-switch,data/raw/html/variable_page/370c75481628a0609e33df7cc2970c1baaf1d488.html,,ip-ffs__data-documentation__fcdee80764__chunk_45
ip-ffs,ip-ffs__var__icd-dgns-cd1,contains,https://resdac.org/cms-data/variables/claim-principal-diagnosis-code-ffs,data/raw/html/variable_page/ad7d861ddc79d4c73b00fddbd7808c508fa026e6.html,,ip-ffs__data-documentation__fcdee80764__chunk_13
ip-ffs,ip-ffs__var__icd-dgns-cd10,contains,https://resdac.org/cms-data/variables/claim-diagnosis-code-x-ffs,data/raw/html/variable_page/b549b31171cf4417985a7df400f0ea565a87e07c.html,,ip-ffs__data-documentation__fcdee80764__chunk_17
ip-ffs,ip-ffs__var__icd-dgns-cd11,contains,https://resdac.org/cms-data/variables/claim-diagnosis-code-xi-ffs,data/raw/html/variable_page/a195f80386d9b06137e38bd13242cdaa15fa6091.html,,ip-ffs__data-documentation__fcdee80764__chunk_18
ip-ffs,ip-ffs__var__icd-dgns-cd12,contains,https://resdac.org/cms-data/variables/claim-diagnosis-code-xii-ffs,data/raw/html/variable_page/b3ea2e7447a88ba6f9a5f828f99e0aacd5aa73cb.html,,ip-ffs__data-documentation__fcdee80764__chunk_18
ip-ffs,ip-ffs__var__icd-dgns-cd13,contains,https://resdac.org/cms-data/variables/claim-diagnosis-code-xiii-ffs,data/raw/html/variable_page/f8baf0f286e0c8bc6f92e6e57e1ae35ce9acde62.html,,ip-ffs__data-documentation__fcdee80764__chunk_19
ip-ffs,ip-ffs__var__icd-dgns-cd14,contains,https://resdac.org/cms-data/variables/claim-diagnosis-code-xiv-ffs,data/raw/html/variable_page/b1af0ce8cfc1078d878b9f1ee9a35f823333b393.html,,ip-ffs__data-documentation__fcdee80764__chunk_19
ip-ffs,ip-ffs__var__icd-dgns-cd15,contains,https://resdac.org/cms-data/variables/claim-diagnosis-code-xv-ffs,data/raw/html/variable_page/26927492b7ec7de0acc4940d08e5afac7e111057.html,,ip-ffs__data-documentation__fcdee80764__chunk_20
ip-ffs,ip-ffs__var__icd-dgns-cd16,contains,https://resdac.org/cms-data/variables/claim-diagnosis-code-xvi-ffs,data/raw/html/variable_page/2174e8c0731decd04e16de9446691440953e58cf.html,,ip-ffs__data-documentation__fcdee80764__chunk_20
ip-ffs,ip-ffs__var__icd-dgns-cd17,contains,https://resdac.org/cms-data/variables/claim-diagnosis-code-xvii-ffs,data/raw/html/variable_page/eb2a7f765cfd53a59f0b267184452706b05b9a6a.html,,ip-ffs__data-documentation__fcdee80764__chunk_21
ip-ffs,ip-ffs__var__icd-dgns-cd18,contains,https://resdac.org/cms-data/variables/claim-diagnosis-code-xviii-ffs,data/raw/html/variable_page/8237f3505f3746ec7b4644d3962f78d74bdd294a.html,,ip-ffs__data-documentation__fcdee80764__chunk_21
ip-ffs,ip-ffs__var__icd-dgns-cd19,contains,https://resdac.org/cms-data/variables/claim-diagnosis-code-xix-ffs,data/raw/html/variable_page/f717fe68280a2cfe1cdcbef78dec577e2e3b0955.html,,ip-ffs__data-documentation__fcdee80764__chunk_21
ip-ffs,ip-ffs__var__icd-dgns-cd2,contains,https://resdac.org/cms-data/variables/claim-diagnosis-code-ii-ffs,data/raw/html/variable_page/2f285ff3d715f7e55df9654a26a8f8c9a8b50f63.html,,ip-ffs__data-documentation__fcdee80764__chunk_14
ip-ffs,ip-ffs__var__icd-dgns-cd20,contains,https://resdac.org/cms-data/variables/claim-diagnosis-code-xx-ffs,data/raw/html/variable_page/b6dc58c95dc90df5959319f5de2cca25c04e70b5.html,,ip-ffs__data-documentation__fcdee80764__chunk_22
ip-ffs,ip-ffs__var__icd-dgns-cd21,contains,https://resdac.org/cms-data/variables/claim-diagnosis-code-xxi-ffs,data/raw/html/variable_page/7a5350f6810babdd634148297a578b9a92dcae9a.html,,ip-ffs__data-documentation__fcdee80764__chunk_22
ip-ffs,ip-ffs__var__icd-dgns-cd22,contains,https://resdac.org/cms-data/variables/claim-diagnosis-code-xxii-ffs,data/raw/html/variable_page/10aaa05f96973abc119bd0595ad58ab98a256917.html,,ip-ffs__data-documentation__fcdee80764__chunk_23
ip-ffs,ip-ffs__var__icd-dgns-cd23,contains,https://resdac.org/cms-data/variables/claim-diagnosis-code-xxiii-ffs,data/raw/html/variable_page/6ca148e7cd4da28abfb737842bdf7048d6331d0d.html,,ip-ffs__data-documentation__fcdee80764__chunk_23
ip-ffs,ip-ffs__var__icd-dgns-cd24,contains,https://resdac.org/cms-data/variables/claim-diagnosis-code-xxiv-ffs,data/raw/html/variable_page/81b6691fdfb6afc9198edb171d8dfaeca6d65a62.html,,ip-ffs__data-documentation__fcdee80764__chunk_24
ip-ffs,ip-ffs__var__icd-dgns-cd25,contains,https://resdac.org/cms-data/variables/claim-diagnosis-code-xxv-ffs,data/raw/html/variable_page/7857cb195704c2c995ded55397aacc8f48810185.html,,ip-ffs__data-documentation__fcdee80764__chunk_24
ip-ffs,ip-ffs__var__icd-dgns-cd3,contains,https://resdac.org/cms-data/variables/claim-diagnosis-code-iii-ffs,data/raw/html/variable_page/c4855455facd338af112b3426145db9f28d843de.html,,ip-ffs__data-documentation__fcdee80764__chunk_14
ip-ffs,ip-ffs__var__icd-dgns-cd4,contains,https://resdac.org/cms-data/variables/claim-diagnosis-code-iv-ffs,data/raw/html/variable_page/b45d506b0e3c37c5f633d7d8bf19b1af93ff159d.html,,ip-ffs__data-documentation__fcdee80764__chunk_15
ip-ffs,ip-ffs__var__icd-dgns-cd5,contains,https://resdac.org/cms-data/variables/claim-diagnosis-code-v-ffs,data/raw/html/variable_page/a2142bd7a007e273c4b50fec2c2088e0439836fa.html,,ip-ffs__data-documentation__fcdee80764__chunk_15
ip-ffs,ip-ffs__var__icd-dgns-cd6,contains,https://resdac.org/cms-data/variables/claim-diagnosis-code-vi-ffs,data/raw/html/variable_page/8896bfb47721666c353e179c1f57d10155a827a5.html,,ip-ffs__data-documentation__fcdee80764__chunk_16
ip-ffs,ip-ffs__var__icd-dgns-cd7,contains,https://resdac.org/cms-data/variables/claim-diagnosis-code-vii-ffs,data/raw/html/variable_page/85ba7909476ee6e9ef5b89e1ef89f432c7bd3edd.html,,ip-ffs__data-documentation__fcdee80764__chunk_16
ip-ffs,ip-ffs__var__icd-dgns-cd8,contains,https://resdac.org/cms-data/variables/claim-diagnosis-code-viii-ffs,data/raw/html/variable_page/1588f2733894ba2d5da021d9d54f5970c3cd61aa.html,,ip-ffs__data-documentation__fcdee80764__chunk_17
ip-ffs,ip-ffs__var__icd-dgns-cd9,contains,https://resdac.org/cms-data/variables/claim-diagnosis-code-ix-ffs,data/raw/html/variable_page/0f2556c81e5041805bf41b4828d13b5760efab1f.html,,ip-ffs__data-documentation__fcdee80764__chunk_17
ip-ffs,ip-ffs__var__icd-dgns-e-cd1,contains,https://resdac.org/cms-data/variables/claim-diagnosis-e-code-i-ffs,data/raw/html/variable_page/6066cc5a964ac400e9424778b715eaf46b4a42f5.html,,ip-ffs__data-documentation__fcdee80764__chunk_25
ip-ffs,ip-ffs__var__icd-dgns-e-cd10,contains,https://resdac.org/cms-data/variables/claim-diagnosis-e-code-x-ffs,data/raw/html/variable_page/d29e0f255cad3fe8a5766053041e53a34872f78c.html,,ip-ffs__data-documentation__fcdee80764__chunk_29
ip-ffs,ip-ffs__var__icd-dgns-e-cd11,contains,https://resdac.org/cms-data/variables/claim-diagnosis-e-code-xi,data/raw/html/variable_page/1506056a1144cd838762942358b2f6d2efa557e7.html,,ip-ffs__data-documentation__fcdee80764__chunk_29
ip-ffs,ip-ffs__var__icd-dgns-e-cd12,contains,https://resdac.org/cms-data/variables/claim-diagnosis-e-code-xii,data/raw/html/variable_page/063785d14c66d5b28aa90beff1b101110cdcfbe5.html,,ip-ffs__data-documentation__fcdee80764__chunk_30
ip-ffs,ip-ffs__var__icd-dgns-e-cd2,contains,https://resdac.org/cms-data/variables/claim-diagnosis-e-code-ii-ffs,data/raw/html/variable_page/22adb61c54e91b84ef7e26cfe59a230957c5818f.html,,ip-ffs__data-documentation__fcdee80764__chunk_25
ip-ffs,ip-ffs__var__icd-dgns-e-cd3,contains,https://resdac.org/cms-data/variables/claim-diagnosis-e-code-iii-ffs,data/raw/html/variable_page/6e6cf2405a02e910f024fdebdc9c46edc8db3342.html,,ip-ffs__data-documentation__fcdee80764__chunk_26
ip-ffs,ip-ffs__var__icd-dgns-e-cd4,contains,https://resdac.org/cms-data/variables/claim-diagnosis-e-code-iv-ffs,data/raw/html/variable_page/422967ea44d3bba99d629fd99214675cceeacb1d.html,,ip-ffs__data-documentation__fcdee80764__chunk_26
ip-ffs,ip-ffs__var__icd-dgns-e-cd5,contains,https://resdac.org/cms-data/variables/claim-diagnosis-e-code-v-ffs,data/raw/html/variable_page/725ee1f47c9d39aacf0f9617c72f40a9ab639117.html,,ip-ffs__data-documentation__fcdee80764__chunk_27
ip-ffs,ip-ffs__var__icd-dgns-e-cd6,contains,https://resdac.org/cms-data/variables/claim-diagnosis-e-code-vi-ffs,data/raw/html/variable_page/7a31bae902e413bc3d1057c356bee47627368b45.html,,ip-ffs__data-documentation__fcdee80764__chunk_27
ip-ffs,ip-ffs__var__icd-dgns-e-cd7,contains,https://resdac.org/cms-data/variables/claim-diagnosis-e-code-vii-ffs,data/raw/html/variable_page/596ecd0a3038fa5605510c5ea9712ad332f81a48.html,,ip-ffs__data-documentation__fcdee80764__chunk_28
ip-ffs,ip-ffs__var__icd-dgns-e-cd8,contains,https://resdac.org/cms-data/variables/claim-diagnosis-e-code-viii-ffs,data/raw/html/variable_page/383c1156fe6317c07f3c4aadeef1f69fac10aa66.html,,ip-ffs__data-documentation__fcdee80764__chunk_28
ip-ffs,ip-ffs__var__icd-dgns-e-cd9,contains,https://resdac.org/cms-data/variables/claim-diagnosis-e-code-ix-ffs,data/raw/html/variable_page/746b3d284c7ff4cd6294fc3adf6fd5acb47d82fa.html,,ip-ffs__data-documentation__fcdee80764__chunk_29
ip-ffs,ip-ffs__var__icd-prcdr-cd1,contains,https://resdac.org/cms-data/variables/claim-procedure-code-i-ffs,data/raw/html/variable_page/b810c497405edb79a708ddd321e497238e1024fd.html,,ip-ffs__data-documentation__fcdee80764__chunk_30
ip-ffs,ip-ffs__var__icd-prcdr-cd10,contains,https://resdac.org/cms-data/variables/claim-procedure-code-x-ffs,data/raw/html/variable_page/91e1b33c36efa30603364bc054249a4fde26df4c.html,,ip-ffs__data-documentation__fcdee80764__chunk_33
ip-ffs,ip-ffs__var__icd-prcdr-cd11,contains,https://resdac.org/cms-data/variables/claim-procedure-code-xi-ffs,data/raw/html/variable_page/bcb314796838da7c5a95cb91b601e5675e4a5d37.html,,ip-ffs__data-documentation__fcdee80764__chunk_33
ip-ffs,ip-ffs__var__icd-prcdr-cd12,contains,https://resdac.org/cms-data/variables/claim-procedure-code-xii-ffs,data/raw/html/variable_page/1a069f845d153c5d705d0d3130ee362d5b1769d4.html,,ip-ffs__data-documentation__fcdee80764__chunk_34
ip-ffs,ip-ffs__var__icd-prcdr-cd13,contains,https://resdac.org/cms-data/variables/claim-procedure-code-xiii-ffs,data/raw/html/variable_page/68dba0a118026aa00baa9ee53a96f8a41f9b5ada.html,,ip-ffs__data-documentation__fcdee80764__chunk_34
ip-ffs,ip-ffs__var__icd-prcdr-cd14,contains,https://resdac.org/cms-data/variables/claim-procedure-code-xiv,data/raw/html/variable_page/fb5a4262c461867b8afe0ef014c1518359c7b15d.html,,ip-ffs__data-documentation__fcdee80764__chunk_34
ip-ffs,ip-ffs__var__icd-prcdr-cd15,contains,https://resdac.org/cms-data/variables/claim-procedure-code-xv,data/raw/html/variable_page/e4f67b29c65d2af86724d2e00101ec86491a49df.html,,ip-ffs__data-documentation__fcdee80764__chunk_35
ip-ffs,ip-ffs__var__icd-prcdr-cd16,contains,https://resdac.org/cms-data/variables/claim-procedure-code-xvi,data/raw/html/variable_page/acd884835e2a9366f004666c9da96a8a173e7883.html,,ip-ffs__data-documentation__fcdee80764__chunk_35
ip-ffs,ip-ffs__var__icd-prcdr-cd17,contains,https://resdac.org/cms-data/variables/claim-procedure-code-xvii,data/raw/html/variable_page/88f9f8b902e1e62a2825081d62d9dd775ad8cd52.html,,ip-ffs__data-documentation__fcdee80764__chunk_35
ip-ffs,ip-ffs__var__icd-prcdr-cd18,contains,https://resdac.org/cms-data/variables/claim-procedure-code-xviii,data/raw/html/variable_page/6e004565e7b51d0b377cb04d6ee00ed7446accbd.html,,ip-ffs__data-documentation__fcdee80764__chunk_36
ip-ffs,ip-ffs__var__icd-prcdr-cd19,contains,https://resdac.org/cms-data/variables/claim-procedure-code-xix,data/raw/html/variable_page/35b66b6ff28c85f77bcabb2f31d9aaef081e1c7c.html,,ip-ffs__data-documentation__fcdee80764__chunk_36
ip-ffs,ip-ffs__var__icd-prcdr-cd2,contains,https://resdac.org/cms-data/variables/claim-procedure-code-ii-ffs,data/raw/html/variable_page/d47821d649649ded9f7935c640717a04c9028aec.html,,ip-ffs__data-documentation__fcdee80764__chunk_31
ip-ffs,ip-ffs__var__icd-prcdr-cd20,contains,https://resdac.org/cms-data/variables/claim-procedure-code-xx,data/raw/html/variable_page/ca3134fa6a5b11038a9b8f6bec4ee678fc6a0dc2.html,,ip-ffs__data-documentation__fcdee80764__chunk_36
ip-ffs,ip-ffs__var__icd-prcdr-cd21,contains,https://resdac.org/cms-data/variables/claim-procedure-code-xxi,data/raw/html/variable_page/022facf6f1bdca0220089466ac431b15d4c34a43.html,,ip-ffs__data-documentation__fcdee80764__chunk_36
ip-ffs,ip-ffs__var__icd-prcdr-cd22,contains,https://resdac.org/cms-data/variables/claim-procedure-code-xxii,data/raw/html/variable_page/4c0d31d38dacf0e52d6803982115cdc8fc20801b.html,,ip-ffs__data-documentation__fcdee80764__chunk_37
ip-ffs,ip-ffs__var__icd-prcdr-cd23,contains,https://resdac.org/cms-data/variables/claim-procedure-code-xxiii,data/raw/html/variable_page/9824be930b311ff3968b9feff9e64f16381353e3.html,,ip-ffs__data-documentation__fcdee80764__chunk_37
ip-ffs,ip-ffs__var__icd-prcdr-cd24,contains,https://resdac.org/cms-data/variables/claim-procedure-code-xxiv,data/raw/html/variable_page/69f55816607c603225571f96a294073d2ce3d808.html,,ip-ffs__data-documentation__fcdee80764__chunk_37
ip-ffs,ip-ffs__var__icd-prcdr-cd25,contains,https://resdac.org/cms-data/variables/claim-procedure-code-xxv,data/raw/html/variable_page/cd6103f301bf11b864c5dd44bb286165e6e3ac53.html,,ip-ffs__data-documentation__fcdee80764__chunk_38
ip-ffs,ip-ffs__var__icd-prcdr-cd3,contains,https://resdac.org/cms-data/variables/claim-procedure-code-iii-ffs,data/raw/html/variable_page/a12f79ced8c7a6e6ef440f90e570f5611337587f.html,,ip-ffs__data-documentation__fcdee80764__chunk_31
ip-ffs,ip-ffs__var__icd-prcdr-cd4,contains,https://resdac.org/cms-data/variables/claim-procedure-code-iv-ffs,data/raw/html/variable_page/54a0365f6ea55d28964a249d2c8faf59305f15de.html,,ip-ffs__data-documentation__fcdee80764__chunk_31
ip-ffs,ip-ffs__var__icd-prcdr-cd5,contains,https://resdac.org/cms-data/variables/claim-procedure-code-v-ffs,data/raw/html/variable_page/c8b94fa8fe7983f41b2773deb542af63a87120ee.html,,ip-ffs__data-documentation__fcdee80764__chunk_32
ip-ffs,ip-ffs__var__icd-prcdr-cd6,contains,https://resdac.org/cms-data/variables/claim-procedure-code-vi-ffs,data/raw/html/variable_page/67a8dfcb2640b3c2180ae75c9095c3b65dfb9c53.html,,ip-ffs__data-documentation__fcdee80764__chunk_32
ip-ffs,ip-ffs__var__icd-prcdr-cd7,contains,https://resdac.org/cms-data/variables/claim-procedure-code-vii-ffs,data/raw/html/variable_page/b6ec8bf33d12307ace55aee449accd0097602eec.html,,ip-ffs__data-documentation__fcdee80764__chunk_32
ip-ffs,ip-ffs__var__icd-prcdr-cd8,contains,https://resdac.org/cms-data/variables/claim-procedure-code-viii-ffs,data/raw/html/variable_page/1e96d025d69610f0f3712031c8476c27db94b16b.html,,ip-ffs__data-documentation__fcdee80764__chunk_33
ip-ffs,ip-ffs__var__icd-prcdr-cd9,contains,https://resdac.org/cms-data/variables/claim-procedure-code-ix-ffs,data/raw/html/variable_page/ae1bf8f7b6c99c2ed1983d08b60e4c5706fc5eaf.html,,ip-ffs__data-documentation__fcdee80764__chunk_33
ip-ffs,ip-ffs__var__ime-op-clm-val-amt,contains,https://resdac.org/cms-data/files/ip-ffs/data-documentation,data/raw/html/documentation_page/fcdee80764dd59910f6190a9dd2c63ce3d8c2906.html,,ip-ffs__data-documentation__fcdee80764__chunk_38
ip-ffs,ip-ffs__var__line-othr-apld-ind-cd1,contains,https://www2.ccwdata.org/documents/10280/19022436/codebook-ffs-claims.pdf,data/raw/assets/pdf/a4af628b5ad494c93baa8921ab4d55ef29217d67.pdf,3,ip-ffs__codebook-ffs-claims_pdf__a4af628b5a__p3__chunk_3
ip-ffs,ip-ffs__var__ltch-dschrg-pymt-adjstmt-amt,contains,https://resdac.org/cms-data/variables/ltch-discharge-payment-adjustment-amount,data/raw/html/variable_page/87fcdeef500d1c14c31a650ffd3fb4424a6ef26a.html,,ip-ffs__data-documentation__fcdee80764__chunk_49
ip-ffs,ip-ffs__var__ms-drg-grpr-vrsn-cd,contains,https://resdac.org/cms-data/variables/ms-drg-grouper-version-code,data/raw/html/variable_page/a5e776b7d7fefb06e8e5a515fe764423fadfaf4c.html,,ip-ffs__data-documentation__fcdee80764__chunk_12
ip-ffs,ip-ffs__var__nch-actv-or-cvrd-lvl-care-thru,contains,https://resdac.org/cms-data/variables/nch-active-or-covered-level-care-thru-date,data/raw/html/variable_page/8909a64a782b888e506a6a4e91d9062b27718e61.html,,ip-ffs__data-documentation__fcdee80764__chunk_12
ip-ffs,ip-ffs__var__nch-bene-blood-ddctbl-lblty-am,contains,https://resdac.org/cms-data/variables/nch-beneficiary-blood-deductible-liability-amount,data/raw/html/variable_page/1860b6825096476b57efd98122a83b503e460661.html,,ip-ffs__data-documentation__fcdee80764__chunk_8
ip-ffs,ip-ffs__var__nch-bene-dschrg-dt,contains,https://resdac.org/cms-data/files/ip-ffs/data-documentation,data/raw/html/documentation_page/fcdee80764dd59910f6190a9dd2c63ce3d8c2906.html,,ip-ffs__data-documentation__fcdee80764__chunk_12
ip-ffs,ip-ffs__var__nch-bene-ip-ddctbl-amt,contains,https://resdac.org/cms-data/variables/nch-beneficiary-inpatient-or-other-part-deductible-amount,data/raw/html/variable_page/f52457d5d9d3de5de7df7d4b1152399067bdc99a.html,,ip-ffs__data-documentation__fcdee80764__chunk_7
ip-ffs,ip-ffs__var__nch-bene-mdcr-bnfts-exhtd-dt-i,contains,https://resdac.org/cms-data/variables/nch-beneficiary-medicare-benefits-exhausted-date,data/raw/html/variable_page/ab296ccfc84b907ce304c7a2d39a1d4df7282b21.html,,ip-ffs__data-documentation__fcdee80764__chunk_12
ip-ffs,ip-ffs__var__nch-bene-pta-coinsrnc-lblty-am,contains,https://resdac.org/cms-data/variables/nch-beneficiary-part-coinsurance-liability-amount,data/raw/html/variable_page/852731aba2b287f957e70aa5992baae39c9fa902.html,,ip-ffs__data-documentation__fcdee80764__chunk_7
ip-ffs,ip-ffs__var__nch-blood-pnts-frnshd-qty,contains,https://resdac.org/cms-data/variables/nch-blood-pints-furnished-quantity,data/raw/html/variable_page/325148b023c474720c426379ff05fbe1c95be2be.html,,ip-ffs__data-documentation__fcdee80764__chunk_11
ip-ffs,ip-ffs__var__nch-clm-type-cd,contains,https://resdac.org/cms-data/variables/nch-claim-type-code,data/raw/html/variable_page/e3d7728c48c11b3a62505589ff8deb65e42b66cc.html,,ip-ffs__data-documentation__fcdee80764__chunk_0
ip-ffs,ip-ffs__var__nch-drg-outlier-aprvd-pmt-amt,contains,https://resdac.org/cms-data/variables/nch-drg-outlier-approved-payment-amount,data/raw/html/variable_page/d67a2eec488c4c8b3fe8103604ab14a8496fc237.html,,ip-ffs__data-documentation__fcdee80764__chunk_13
ip-ffs,ip-ffs__var__nch-ip-ncvrd-chrg-amt,contains,https://resdac.org/cms-data/variables/nch-inpatient-or-other-part-non-covered-charge-amount,data/raw/html/variable_page/680216330949c6535c2c35af72a851c4139a3ca8.html,,ip-ffs__data-documentation__fcdee80764__chunk_8
ip-ffs,ip-ffs__var__nch-ip-tot-ddctn-amt,contains,https://resdac.org/cms-data/variables/nch-inpatient-or-other-part-total-deductiblecoinsurance-amount,data/raw/html/variable_page/a0615e2894181120bbf0f3780bd8adca940c4389.html,,ip-ffs__data-documentation__fcdee80764__chunk_8
ip-ffs,ip-ffs__var__nch-near-line-rec-ident-cd,contains,https://resdac.org/cms-data/variables/nch-near-line-record-identification-code-ric,data/raw/html/variable_page/e2a65d5ccbf09b134831997edc04f893982c342b.html,,ip-ffs__data-documentation__fcdee80764__chunk_0
ip-ffs,ip-ffs__var__nch-prmry-pyr-cd,contains,https://resdac.org/cms-data/variables/nch-primary-payer-code-if-not-medicare,data/raw/html/variable_page/b317a9a6ccf8ed6ecabb8cfe040aec5f316f1cc4.html,,ip-ffs__data-documentation__fcdee80764__chunk_2
ip-ffs,ip-ffs__var__nch-prmry-pyr-clm-pd-amt,contains,https://resdac.org/cms-data/variables/nch-primary-payer-if-not-medicare-claim-paid-amount,data/raw/html/variable_page/2b019e3401e5d10ae77ff71e42eb87e40c8519df.html,,ip-ffs__data-documentation__fcdee80764__chunk_2
ip-ffs,ip-ffs__var__nch-profnl-cmpnt-chrg-amt,contains,https://resdac.org/cms-data/variables/professional-component-charge-amount,data/raw/html/variable_page/f529d0867564fa7bc7a982cf3fea3ff3023b09a6.html,,ip-ffs__data-documentation__fcdee80764__chunk_8
ip-ffs,ip-ffs__var__nch-ptnt-stus-ind-cd,contains,https://resdac.org/cms-data/files/ip-ffs/data-documentation,data/raw/html/documentation_page/fcdee80764dd59910f6190a9dd2c63ce3d8c2906.html,,ip-ffs__data-documentation__fcdee80764__chunk_7
ip-ffs,ip-ffs__var__nch-vrfd-ncvrd-stay-from-dt,contains,https://resdac.org/cms-data/variables/nch-verified-non-covered-stay-date,data/raw/html/variable_page/ed7ede1a6fa0eb08a743d2a67cd7b7cf98a01b5c.html,,ip-ffs__data-documentation__fcdee80764__chunk_11
ip-ffs,ip-ffs__var__nch-vrfd-ncvrd-stay-thru-dt,contains,https://resdac.org/cms-data/variables/nch-verified-non-covered-stay-through-date,data/raw/html/variable_page/81982b305e8792808c3734a9162cd47664d0cbef.html,,ip-ffs__data-documentation__fcdee80764__chunk_11
ip-ffs,ip-ffs__var__nch-wkly-proc-dt,contains,https://resdac.org/cms-data/variables/nch-weekly-claim-processing-date,data/raw/html/variable_page/2c4fc50a162db7e581e0a12caf0ebc4f2b60bf39.html,,ip-ffs__data-documentation__fcdee80764__chunk_0
ip-ffs,ip-ffs__var__op-physn-npi,contains,https://resdac.org/cms-data/variables/claim-operating-physician-npi-number-ffs,data/raw/html/variable_page/71453b90edf9cb3f1bc8d156b32bf5cd04491e42.html,,ip-ffs__data-documentation__fcdee80764__chunk_4
ip-ffs,ip-ffs__var__op-physn-spclty-cd,contains,https://resdac.org/cms-data/variables/claim-operating-physician-specialty-code,data/raw/html/variable_page/a35ed051bd27b521da1d0e22f5239602bf4d43ef.html,,ip-ffs__data-documentation__fcdee80764__chunk_4
ip-ffs,ip-ffs__var__op-physn-upin,contains,https://resdac.org/cms-data/variables/claim-operating-physician-upin-number,data/raw/html/variable_page/fb6444e96240e7b3e3b4a37f11f8cda726e121a1.html,,ip-ffs__data-documentation__fcdee80764__chunk_4
ip-ffs,ip-ffs__var__org-npi-num,contains,https://resdac.org/cms-data/variables/organization-or-group-npi-number,data/raw/html/variable_page/e8247733716c1754f88e37f2ee97ab727459759f.html,,ip-ffs__data-documentation__fcdee80764__chunk_3
ip-ffs,ip-ffs__var__ot-physn-npi,contains,https://resdac.org/cms-data/variables/claim-other-physician-npi-number-ffs,data/raw/html/variable_page/023c022aea73887cc232e2301736aea58005996e.html,,ip-ffs__data-documentation__fcdee80764__chunk_4
ip-ffs,ip-ffs__var__ot-physn-spclty-cd,contains,https://resdac.org/cms-data/variables/claim-other-physician-specialty-code,data/raw/html/variable_page/3280d1644860439cfdef4ef30a51a3150cb10b36.html,,ip-ffs__data-documentation__fcdee80764__chunk_5
ip-ffs,ip-ffs__var__ot-physn-upin,contains,https://resdac.org/cms-data/variables/claim-other-physician-upin-number,data/raw/html/variable_page/f9c753ba8a72dd11a66309b65f2e5b1f2055c5cf.html,,ip-ffs__data-documentation__fcdee80764__chunk_4
ip-ffs,ip-ffs__var__owng-prvdr-tin-num,contains,https://resdac.org/cms-data/variables/owning-provider-tax-identification-number-tin,data/raw/html/variable_page/51718ccc243b50322a19f74b83577ab614bfa759.html,,ip-ffs__data-documentation__fcdee80764__chunk_1
ip-ffs,ip-ffs__var__pps-std-val-pymt-amt,contains,https://resdac.org/cms-data/variables/standard-payment-amount-0,data/raw/html/variable_page/705b3612f5e63f91580b65b5c51ebf69fee35972.html,,ip-ffs__data-documentation__fcdee80764__chunk_44
ip-ffs,ip-ffs__var__prcdr-dt1,contains,https://resdac.org/cms-data/files/ip-ffs/data-documentation,data/raw/html/documentation_page/fcdee80764dd59910f6190a9dd2c63ce3d8c2906.html,,ip-ffs__data-documentation__fcdee80764__chunk_30
ip-ffs,ip-ffs__var__prcdr-dt10,contains,https://resdac.org/cms-data/variables/claim-procedure-code-x-date-ffs,data/raw/html/variable_page/c125b91c92e9e531eda47865cb19171d64d204ca.html,,ip-ffs__data-documentation__fcdee80764__chunk_33
ip-ffs,ip-ffs__var__prcdr-dt11,contains,https://resdac.org/cms-data/variables/claim-procedure-code-xi-date-ffs,data/raw/html/variable_page/b07010bffe383703fd101eb2079bb95ae8d96189.html,,ip-ffs__data-documentation__fcdee80764__chunk_34
ip-ffs,ip-ffs__var__prcdr-dt12,contains,https://resdac.org/cms-data/variables/claim-procedure-code-xii-date-ffs,data/raw/html/variable_page/f482a8ca6707e49580bbb68c4b19661d83c8433d.html,,ip-ffs__data-documentation__fcdee80764__chunk_34
ip-ffs,ip-ffs__var__prcdr-dt13,contains,https://resdac.org/cms-data/variables/claim-procedure-code-xiii-date-ffs,data/raw/html/variable_page/706ffd02acc59d7353628ceb6469f0715eec79ce.html,,ip-ffs__data-documentation__fcdee80764__chunk_34
ip-ffs,ip-ffs__var__prcdr-dt14,contains,https://resdac.org/cms-data/variables/claim-procedure-code-xiv-date,data/raw/html/variable_page/60251f9a801ee9a27338bb4e02852039ccf3d034.html,,ip-ffs__data-documentation__fcdee80764__chunk_35
ip-ffs,ip-ffs__var__prcdr-dt15,contains,https://resdac.org/cms-data/variables/claim-procedure-code-xv-date,data/raw/html/variable_page/257b485b7f3eb0c40d2053369834eddb599dea74.html,,ip-ffs__data-documentation__fcdee80764__chunk_35
ip-ffs,ip-ffs__var__prcdr-dt16,contains,https://resdac.org/cms-data/variables/claim-procedure-code-xvi-date,data/raw/html/variable_page/0616228673a47c3b6b9ab821e9a537ad85bc0857.html,,ip-ffs__data-documentation__fcdee80764__chunk_35
ip-ffs,ip-ffs__var__prcdr-dt17,contains,https://resdac.org/cms-data/variables/claim-procedure-code-xvii-date,data/raw/html/variable_page/8fbcc779debe810be013be86264650593727c649.html,,ip-ffs__data-documentation__fcdee80764__chunk_35
ip-ffs,ip-ffs__var__prcdr-dt18,contains,https://resdac.org/cms-data/variables/claim-procedure-code-xviii-date,data/raw/html/variable_page/a101a9fa1cf47c26856923de331f46cdbeca0391.html,,ip-ffs__data-documentation__fcdee80764__chunk_36
ip-ffs,ip-ffs__var__prcdr-dt19,contains,https://resdac.org/cms-data/variables/claim-procedure-code-xix-date,data/raw/html/variable_page/60d61ec909163da1da58f1aad0b59b45da5bfb44.html,,ip-ffs__data-documentation__fcdee80764__chunk_36
ip-ffs,ip-ffs__var__prcdr-dt2,contains,https://resdac.org/cms-data/variables/claim-procedure-code-ii-date-ffs,data/raw/html/variable_page/4252951724a5fc796b3d53eca972dba27ca5cd5a.html,,ip-ffs__data-documentation__fcdee80764__chunk_31
ip-ffs,ip-ffs__var__prcdr-dt20,contains,https://resdac.org/cms-data/variables/claim-procedure-code-xx-date,data/raw/html/variable_page/ad2b1d7db6c407873a65921609ec9e162fb5b5da.html,,ip-ffs__data-documentation__fcdee80764__chunk_36
ip-ffs,ip-ffs__var__prcdr-dt21,contains,https://resdac.org/cms-data/variables/claim-procedure-code-xxi-date,data/raw/html/variable_page/89ecb8c4ffaccb05e19df0b1ebe124150dcf0431.html,,ip-ffs__data-documentation__fcdee80764__chunk_37
ip-ffs,ip-ffs__var__prcdr-dt22,contains,https://resdac.org/cms-data/variables/claim-procedure-code-xxii-date,data/raw/html/variable_page/61a1ed78bea5ae1036d91de3ef74709688399a9a.html,,ip-ffs__data-documentation__fcdee80764__chunk_37
ip-ffs,ip-ffs__var__prcdr-dt23,contains,https://resdac.org/cms-data/variables/claim-procedure-code-xxiii-date,data/raw/html/variable_page/731a5b517c426318e183d4d9a06c149a82957313.html,,ip-ffs__data-documentation__fcdee80764__chunk_37
ip-ffs,ip-ffs__var__prcdr-dt24,contains,https://resdac.org/cms-data/variables/claim-procedure-code-xxiv-date,data/raw/html/variable_page/7043ffbb1f566eec2a2e6a1eb1c320e2797e9a07.html,,ip-ffs__data-documentation__fcdee80764__chunk_37
ip-ffs,ip-ffs__var__prcdr-dt25,contains,https://resdac.org/cms-data/variables/claim-procedure-code-xxv-date,data/raw/html/variable_page/6965d468589fc842eba76b9f7ffc05dc6d06f233.html,,ip-ffs__data-documentation__fcdee80764__chunk_38
ip-ffs,ip-ffs__var__prcdr-dt3,contains,https://resdac.org/cms-data/variables/claim-procedure-code-iii-date-ffs,data/raw/html/variable_page/19c80cefea33734e70dfa13fa9cb3d9cc5f1242f.html,,ip-ffs__data-documentation__fcdee80764__chunk_31
ip-ffs,ip-ffs__var__prcdr-dt4,contains,https://resdac.org/cms-data/variables/claim-procedure-code-iv-date-ffs,data/raw/html/variable_page/dcdf8e7403da23d2a3f2ab90d2d3fb1cc3d80a8b.html,,ip-ffs__data-documentation__fcdee80764__chunk_31
ip-ffs,ip-ffs__var__prcdr-dt5,contains,https://resdac.org/cms-data/variables/claim-procedure-code-v-date-ffs,data/raw/html/variable_page/94b9176cebac432c90491136c198bf89f5df8b3d.html,,ip-ffs__data-documentation__fcdee80764__chunk_32
ip-ffs,ip-ffs__var__prcdr-dt6,contains,https://resdac.org/cms-data/variables/claim-procedure-code-vi-date-ffs,data/raw/html/variable_page/f814e0fe5c9878f73714b17bf2cbde9a186c3cdc.html,,ip-ffs__data-documentation__fcdee80764__chunk_32
ip-ffs,ip-ffs__var__prcdr-dt7,contains,https://resdac.org/cms-data/variables/claim-procedure-code-vii-date-ffs,data/raw/html/variable_page/7a2a64b5dfdcf1031364d6c9c546482d56726ef0.html,,ip-ffs__data-documentation__fcdee80764__chunk_32
ip-ffs,ip-ffs__var__prcdr-dt8,contains,https://resdac.org/cms-data/variables/claim-procedure-code-viii-date-ffs,data/raw/html/variable_page/afc977b2ed8ad90462821dca24e07e07039c7934.html,,ip-ffs__data-documentation__fcdee80764__chunk_33
ip-ffs,ip-ffs__var__prcdr-dt9,contains,https://resdac.org/cms-data/variables/claim-procedure-code-ix-date-ffs,data/raw/html/variable_page/19f0d4aaf5e80256cbca129ad3d22ac17841da21.html,,ip-ffs__data-documentation__fcdee80764__chunk_33
ip-ffs,ip-ffs__var__prncpal-dgns-cd,contains,https://resdac.org/cms-data/variables/claim-admitting-diagnosis-code-ffs,data/raw/html/variable_page/1cc5018d7bc8d9270dd7f8a504177c4875e0be91.html,,ip-ffs__data-documentation__fcdee80764__chunk_13
ip-ffs,ip-ffs__var__prvdr-full-ccn-num,contains,https://resdac.org/cms-data/files/ip-ffs/data-documentation,data/raw/html/documentation_page/fcdee80764dd59910f6190a9dd2c63ce3d8c2906.html,,ip-ffs__data-documentation__fcdee80764__chunk_1
ip-ffs,ip-ffs__var__prvdr-num,contains,https://resdac.org/cms-data/variables/provider-number,data/raw/html/variable_page/688c63400acc0dfaa76fe29417ac5e1641f360b0.html,,ip-ffs__data-documentation__fcdee80764__chunk_1
ip-ffs,ip-ffs__var__prvdr-state-cd,contains,https://resdac.org/cms-data/variables/nch-provider-ssa-state-code,data/raw/html/variable_page/51b49cc085d78a4b01d479d262d048edc53cc046.html,,ip-ffs__data-documentation__fcdee80764__chunk_3
ip-ffs,ip-ffs__var__prvdr-vldtn-type-cd,contains,https://resdac.org/cms-data/variables/provider-validation-type-code,data/raw/html/variable_page/b24c008e9ff17a9e5818a21ed874962c1be003ce.html,,ip-ffs__data-documentation__fcdee80764__chunk_48
ip-ffs,ip-ffs__var__ptnt-dschrg-stus-cd,contains,https://resdac.org/cms-data/variables/nch-patient-status-indicator-code,data/raw/html/variable_page/9d5a781857c9f2b597547a490c153fa4275de737.html,,ip-ffs__data-documentation__fcdee80764__chunk_6
ip-ffs,ip-ffs__var__rev-cntr-tot-chrg-amt,contains,https://resdac.org/cms-data/variables/revenue-center-total-charge-amount,data/raw/html/variable_page/13857ceebfda926be1181b69ce336462d3303db4.html,276,ip-ffs__codebook-ffs-claims_pdf__a4af628b5a__p276__chunk_2
ip-ffs,ip-ffs__var__rfrg-spclty-cd,contains,https://resdac.org/cms-data/variables/claim-referring-physician-specialty-code,data/raw/html/variable_page/1cbfb8175933c84946c2283e84978bb02b820052.html,,ip-ffs__data-documentation__fcdee80764__chunk_5
ip-ffs,ip-ffs__var__rfr-physn-npi,contains,https://resdac.org/cms-data/variables/claim-referring-physician-npi-number,data/raw/html/variable_page/819e70e5dd4d211911223a924bb0ee19974988c1.html,,ip-ffs__data-documentation__fcdee80764__chunk_5
ip-ffs,ip-ffs__var__rndrng-physn-npi,contains,https://resdac.org/cms-data/variables/rendering-physician-npi-ffs,data/raw/html/variable_page/7599b431246712b6448a443663f7364254cd04db.html,,ip-ffs__data-documentation__fcdee80764__chunk_5
ip-ffs,ip-ffs__var__rndrng-physn-spclty-cd,contains,https://resdac.org/cms-data/variables/claim-or-revenue-center-rendering-physician-specialty-code,data/raw/html/variable_page/186ff3424eb9e479fb2f32a24454e8d69453bbca.html,,ip-ffs__data-documentation__fcdee80764__chunk_5
ip-ffs,ip-ffs__var__rr-brd-exclsn-ind-sw,contains,https://resdac.org/cms-data/variables/railroad-board-exclusion-indicator-switch,data/raw/html/variable_page/8fe27c72e8f915938d2f08038aafa8caa40705c7.html,,ip-ffs__data-documentation__fcdee80764__chunk_48
ip-ffs,ip-ffs__var__srvc-loc-npi-num,contains,https://resdac.org/cms-data/variables/claim-service-location-npi-number,data/raw/html/variable_page/ff34d059fe733dc6f31e10ab6365e69268d5aeee.html,,ip-ffs__data-documentation__fcdee80764__chunk_3
max-ip,max-ip__var__adjust-cd,contains,https://resdac.org/cms-data/variables/adjustment-code,data/raw/html/variable_page/fe222a43747c99cdac7aee098b4d3b8e5f1f571e.html,,max-ip__data-documentation__515e0f4b8a__chunk_3
max-ip,max-ip__var__admsn-dt,contains,https://resdac.org/cms-data/variables/admission-date-max,data/raw/html/variable_page/b83f583b7f0ae25c7ce31d089ed068d8a442ec70.html,,max-ip__data-documentation__515e0f4b8a__chunk_4
max-ip,max-ip__var__bene-id,contains,https://resdac.org/cms-data/variables/encrypted-723-ccw-beneficiary-id,data/raw/html/variable_page/54b8b6a3274c3ba2fd1c38cc750a9937cb4bb902.html,,max-ip__data-documentation__515e0f4b8a__chunk_0
max-ip,max-ip__var__chrg-amt,contains,https://resdac.org/cms-data/variables/charge-amount,data/raw/html/variable_page/1441e29276625e875a8effd9b0d046aa644da34a.html,,max-ip__data-documentation__515e0f4b8a__chunk_4
max-ip,max-ip__var__diag-cd-1,contains,https://resdac.org/cms-data/variables/principle-diagnosis-code,data/raw/html/variable_page/229af1874105cfee4853cf36208471d26f3a6840.html,,max-ip__data-documentation__515e0f4b8a__chunk_5
max-ip,max-ip__var__diag-cd-2,contains,https://resdac.org/cms-data/variables/diagnosis-codes-2nd-diagnosis,data/raw/html/variable_page/6a7c3fabeedaec3d746f6c8bac6f1e330a0c21fa.html,,max-ip__data-documentation__515e0f4b8a__chunk_5
max-ip,max-ip__var__diag-cd-3,contains,https://resdac.org/cms-data/variables/diagnosis-codes-3rd-diagnosis,data/raw/html/variable_page/06d1093cf77372b996388fbdac5494f2fb4bef90.html,,max-ip__data-documentation__515e0f4b8a__chunk_5
max-ip,max-ip__var__diag-cd-4,contains,https://resdac.org/cms-data/variables/diagnosis-codes-4th-diagnosis,data/raw/html/variable_page/f950a3cdb8d51513f13513ac02b12c9431c13c5d.html,,max-ip__data-documentation__515e0f4b8a__chunk_5
max-ip,max-ip__var__diag-cd-5,contains,https://resdac.org/cms-data/variables/diagnosis-codes-5th-diagnosis,data/raw/html/variable_page/701d770ff21a7e122d56b25ced29a05364703996.html,,max-ip__data-documentation__515e0f4b8a__chunk_5
max-ip,max-ip__var__diag-cd-6,contains,https://resdac.org/cms-data/variables/diagnosis-codes-6th-diagnosis,data/raw/html/variable_page/8bcf843b41a867dd52c5875bf8649caa259c6cb7.html,,max-ip__data-documentation__515e0f4b8a__chunk_5
max-ip,max-ip__var__diag-cd-7,contains,https://resdac.org/cms-data/variables/diagnosis-codes-7th-diagnosis,data/raw/html/variable_page/dba0d2c8fe7d97b7ab38e53f802b89561ae52d5a.html,,max-ip__data-documentation__515e0f4b8a__chunk_6
max-ip,max-ip__var__diag-cd-8,contains,https://resdac.org/cms-data/variables/diagnosis-codes-8th-diagnosis,data/raw/html/variable_page/837dd69ddd450904032c5d43c619c61ca2a7688e.html,,max-ip__data-documentation__515e0f4b8a__chunk_6
max-ip,max-ip__var__diag-cd-9,contains,https://resdac.org/cms-data/variables/diagnosis-codes-9th-diagnosis,data/raw/html/variable_page/6e24eba38e9b25e7b1d430352bb7d8fc8bc53285.html,,max-ip__data-documentation__515e0f4b8a__chunk_6
max-ip,max-ip__var__drg-rel-group,contains,https://resdac.org/cms-data/variables/diagnosis-related-group-drg,data/raw/html/variable_page/6a104c1f044ae75b389da9b3ce2edc27c4ddf22b.html,,max-ip__data-documentation__515e0f4b8a__chunk_8
max-ip,max-ip__var__drg-rel-group-ind,contains,https://resdac.org/cms-data/variables/diagnosis-related-group-drg-indicator,data/raw/html/variable_page/a290f376bb5744a5fc5470c65f1b0b12f18f63a1.html,,max-ip__data-documentation__515e0f4b8a__chunk_8
max-ip,max-ip__var__el-dob,contains,https://resdac.org/cms-data/variables/birth-date,data/raw/html/variable_page/2a236f877c97f8fd21341935eb4e0dcfd67c024b.html,,max-ip__data-documentation__515e0f4b8a__chunk_0
max-ip,max-ip__var__el-max-elgblty-cd-ltst,contains,https://resdac.org/cms-data/variables/max-eligibility-most-recent,data/raw/html/variable_page/a55b9ca6c5b950fea3015d031ff4ddc8d40ee62d.html,,max-ip__data-documentation__515e0f4b8a__chunk_1
max-ip,max-ip__var__el-max-elgblty-cd-mo,contains,https://resdac.org/cms-data/variables/max-eligibility-mo-svc,data/raw/html/variable_page/99e4d794a74be6e35af33a5fc6455113db071d5a.html,,max-ip__data-documentation__515e0f4b8a__chunk_1
max-ip,max-ip__var__el-mdcr-ann-xovr-99,contains,https://resdac.org/cms-data/variables/crossover-code-annual,data/raw/html/variable_page/b8f68da563c1991e6540c05284bd556c1ce6f2de.html,,max-ip__data-documentation__515e0f4b8a__chunk_2
max-ip,max-ip__var__el-mdcr-ann-xovr-old,contains,https://resdac.org/cms-data/variables/medicare-crossover-code-annual-old-values,data/raw/html/variable_page/1a42d93d5765a1adf6f0fc1ebec09d4c9e18e817.html,,max-ip__data-documentation__515e0f4b8a__chunk_2
max-ip,max-ip__var__el-mdcr-xovr-clm-bsd-cd,contains,https://resdac.org/cms-data/variables/crossover-code-claims-only,data/raw/html/variable_page/2cf148f7c6e0e95f52005fe9f2b649332f809153.html,,max-ip__data-documentation__515e0f4b8a__chunk_2
max-ip,max-ip__var__el-race-ethncy-cd,contains,https://resdac.org/cms-data/variables/raceethnicity-msis,data/raw/html/variable_page/7d89f8673fa7f73fd79457c078d783cfad6a24ba.html,,max-ip__data-documentation__515e0f4b8a__chunk_0
max-ip,max-ip__var__el-sex-cd,contains,https://resdac.org/cms-data/variables/sex-max,data/raw/html/variable_page/e44a527493b49feb3954a0aa02ea66004b86f981.html,,max-ip__data-documentation__515e0f4b8a__chunk_0
max-ip,max-ip__var__el-ss-elgblty-cd-ltst,contains,https://resdac.org/cms-data/variables/state-specific-eligibility-most-recent,data/raw/html/variable_page/086e0c67282466a40b30807aac6349ed04722a84.html,,max-ip__data-documentation__515e0f4b8a__chunk_1
max-ip,max-ip__var__el-ss-elgblty-cd-mo,contains,https://resdac.org/cms-data/variables/state-specific-eligibility-mo-svc,data/raw/html/variable_page/042eda369f43376bbe2296192cb504764181b0d1.html,,max-ip__data-documentation__515e0f4b8a__chunk_1
max-ip,max-ip__var__ethnicity-code,contains,https://resdac.org/cms-data/variables/ethnicity-hispanic-msis,data/raw/html/variable_page/efff93b339f637326a64180e0f51f8197dbd8f22.html,,max-ip__data-documentation__515e0f4b8a__chunk_1
max-ip,max-ip__var__icd-dgns-vrsn-cd1,contains,https://resdac.org/cms-data/variables/claim-diagnosis-code-1-diagnosis-version-code-icd-9-or-icd-10-encounter,data/raw/html/variable_page/1323b7c5272bbf63702f5ff11296a087ac1b7fba.html,,max-ip__data-documentation__515e0f4b8a__chunk_5
max-ip,max-ip__var__max-tos,contains,https://resdac.org/cms-data/variables/max-type-service-tos,data/raw/html/variable_page/c4bcf72836c8a85347611e160b33ea7355bbb903.html,,max-ip__data-documentation__515e0f4b8a__chunk_2
max-ip,max-ip__var__mdcd-cvrd-ip-days,contains,https://resdac.org/cms-data/variables/medicaid-covered-inpatient-days,data/raw/html/variable_page/5a950168c19170329242d38b762cd56ac5e398ae.html,,max-ip__data-documentation__515e0f4b8a__chunk_8
max-ip,max-ip__var__mdcd-pymt-amt,contains,https://resdac.org/cms-data/variables/medicaid-payment-amount,data/raw/html/variable_page/8567e8c815f2fe383076737807578bcde414618d.html,,max-ip__data-documentation__515e0f4b8a__chunk_3
max-ip,max-ip__var__mdcr-coinsur-pymt-amt,contains,https://resdac.org/cms-data/variables/medicare-coinsurance-payment-amount,data/raw/html/variable_page/cc45ad560d98249644ab843491d70f93a0ddfd98.html,,max-ip__data-documentation__515e0f4b8a__chunk_4
max-ip,max-ip__var__mdcr-ded-pymt-amt,contains,https://resdac.org/cms-data/variables/medicare-deductible-payment-amount,data/raw/html/variable_page/c5543e542a9175fc4b6991e92ffefad38554e2d4.html,,max-ip__data-documentation__515e0f4b8a__chunk_4
max-ip,max-ip__var__msis-id,contains,https://resdac.org/cms-data/variables/encrypted-msis-identification-number,data/raw/html/variable_page/1defe64688e17977a652b82939f29d0fc4ac5542.html,,max-ip__data-documentation__515e0f4b8a__chunk_0
max-ip,max-ip__var__msis-top,contains,https://resdac.org/cms-data/variables/msis-type-program-top,data/raw/html/variable_page/1fa4cc1ed25fd77bfefa61fe8556f6ef5f2cfdc9.html,,max-ip__data-documentation__515e0f4b8a__chunk_2
max-ip,max-ip__var__msis-tos,contains,https://resdac.org/cms-data/variables/msis-type-service-tos,data/raw/html/variable_page/71f407cb51567550c47bde7f736819aa4feec1ee.html,,max-ip__data-documentation__515e0f4b8a__chunk_2
max-ip,max-ip__var__msng-elg-data,contains,https://resdac.org/cms-data/variables/missing-eligibility-data,data/raw/html/variable_page/4fda285dc07d417bfd920f8a0b99a1a6ffeb357b.html,,max-ip__data-documentation__515e0f4b8a__chunk_2
max-ip,max-ip__var__patient-status-cd,contains,https://resdac.org/cms-data/variables/patient-status,data/raw/html/variable_page/2b1ff2823189bc6233bb6a0e64d96b1d5aac40fb.html,,max-ip__data-documentation__515e0f4b8a__chunk_8
max-ip,max-ip__var__php-id,contains,https://resdac.org/cms-data/variables/managed-care-plan-identification-code,data/raw/html/variable_page/6c07d1afcbbc0aefa067c066e2949ab16d9db097.html,,max-ip__data-documentation__515e0f4b8a__chunk_3
max-ip,max-ip__var__php-type,contains,https://resdac.org/cms-data/variables/managed-care-type-plan-code,data/raw/html/variable_page/469c6f9414f574340903a3621edf447d40621361.html,,max-ip__data-documentation__515e0f4b8a__chunk_3
max-ip,max-ip__var__php-val,contains,https://resdac.org/cms-data/variables/prepaid-plan-value,data/raw/html/variable_page/2f09426984b741b709fb5899d36a55f15d234f04.html,,max-ip__data-documentation__515e0f4b8a__chunk_4
max-ip,max-ip__var__prcdr-cd-1,contains,https://resdac.org/cms-data/variables/principle-procedure-code,data/raw/html/variable_page/10a20e105bacf45ea4ae8f93845f073167ac5382.html,,max-ip__data-documentation__515e0f4b8a__chunk_6
max-ip,max-ip__var__prcdr-cd-2,contains,https://resdac.org/cms-data/variables/procedure-code-2nd-procedure,data/raw/html/variable_page/cf969b01c5be70549731caad8c97869fa5350272.html,,max-ip__data-documentation__515e0f4b8a__chunk_7
max-ip,max-ip__var__prcdr-cd-3,contains,https://resdac.org/cms-data/variables/procedure-code-3rd-procedure,data/raw/html/variable_page/3e55e4b82fae9dbf89a246d9edaaf2bd31188af1.html,,max-ip__data-documentation__515e0f4b8a__chunk_7
max-ip,max-ip__var__prcdr-cd-4,contains,https://resdac.org/cms-data/variables/procedure-code-4th-procedure,data/raw/html/variable_page/6f6b9e4d5804ef845999e487161e3f606f9967c5.html,,max-ip__data-documentation__515e0f4b8a__chunk_7
max-ip,max-ip__var__prcdr-cd-5,contains,https://resdac.org/cms-data/variables/procedure-code-5th-procedure,data/raw/html/variable_page/236d9c116f6e8bc4e71bd6bd1c68408d71919b59.html,,max-ip__data-documentation__515e0f4b8a__chunk_7
max-ip,max-ip__var__prcdr-cd-6,contains,https://resdac.org/cms-data/variables/procedure-code-6th-procedure,data/raw/html/variable_page/5850fef0bc95cb0faca66dc46405a29e7eccab73.html,,max-ip__data-documentation__515e0f4b8a__chunk_8
max-ip,max-ip__var__prcdr-cd-sys-1,contains,https://resdac.org/cms-data/variables/procedure-code-system-principal,data/raw/html/variable_page/89ed0a057c6a9d947d569a08e6882f1729a914f3.html,,max-ip__data-documentation__515e0f4b8a__chunk_6
max-ip,max-ip__var__prcdr-cd-sys-2,contains,https://resdac.org/cms-data/variables/procedure-code-system-2nd-procedure,data/raw/html/variable_page/0bdfda9e393973bfd8ab7a343631e01002e26213.html,,max-ip__data-documentation__515e0f4b8a__chunk_6
max-ip,max-ip__var__prcdr-cd-sys-3,contains,https://resdac.org/cms-data/variables/procedure-code-system-3rd-procedure,data/raw/html/variable_page/ca0dbb1702b01a70037aaf8d754d9b320112d712.html,,max-ip__data-documentation__515e0f4b8a__chunk_7
max-ip,max-ip__var__prcdr-cd-sys-4,contains,https://resdac.org/cms-data/variables/procedure-code-system-4th-procedure,data/raw/html/variable_page/f71c859c28a908ab812cdd3b60a00911fe0c0d8c.html,,max-ip__data-documentation__515e0f4b8a__chunk_7
max-ip,max-ip__var__prcdr-cd-sys-5,contains,https://resdac.org/cms-data/variables/procedure-code-system-5th-procedure,data/raw/html/variable_page/d6a1f5c8e4305933f5ee4bab907d22264e06381b.html,,max-ip__data-documentation__515e0f4b8a__chunk_7
max-ip,max-ip__var__prcdr-cd-sys-6,contains,https://resdac.org/cms-data/variables/procedure-code-system-6th-procedure,data/raw/html/variable_page/eba55978f59fb4fe2254fc041504d617b8ce5567.html,,max-ip__data-documentation__515e0f4b8a__chunk_8
max-ip,max-ip__var__prncpl-prcdr-dt,contains,https://resdac.org/cms-data/variables/principle-procedure-date,data/raw/html/variable_page/cd99a6ad2fbc534fe3eae7f679ed03a0e6955276.html,,max-ip__data-documentation__515e0f4b8a__chunk_6
max-ip,max-ip__var__prvdr-id-nmbr,contains,https://resdac.org/cms-data/variables/billing-provider-identification-number-max,data/raw/html/variable_page/2302a9a864e7179c3a25dab4fb2a5a387c3b6dad.html,,max-ip__data-documentation__515e0f4b8a__chunk_3
max-ip,max-ip__var__pymt-dt,contains,https://resdac.org/cms-data/variables/paymentadjudication-date,data/raw/html/variable_page/6641eb80ac7abfd6e8adacc436a6652341b9cd46.html,,max-ip__data-documentation__515e0f4b8a__chunk_4
max-ip,max-ip__var__race-code-1,contains,https://resdac.org/cms-data/variables/race-white-msis,data/raw/html/variable_page/2f6e79234b091c7671be581ba8dde84a72037f19.html,,max-ip__data-documentation__515e0f4b8a__chunk_0
max-ip,max-ip__var__race-code-2,contains,https://resdac.org/cms-data/variables/race-black-msis,data/raw/html/variable_page/01ffcde40c0004191486f0f421dc32c1e828e40c.html,,max-ip__data-documentation__515e0f4b8a__chunk_0
max-ip,max-ip__var__race-code-3,contains,https://resdac.org/cms-data/variables/race-am-indianalaskan-msis,data/raw/html/variable_page/a8e86fa1507f891d7a984bdbb1ccc925697b85be.html,,max-ip__data-documentation__515e0f4b8a__chunk_0
max-ip,max-ip__var__race-code-4,contains,https://resdac.org/cms-data/variables/race-asian-msis,data/raw/html/variable_page/002b4fc6f6bab7cfa6d5c22d05ed79eb4421b198.html,,max-ip__data-documentation__515e0f4b8a__chunk_0
max-ip,max-ip__var__race-code-5,contains,https://resdac.org/cms-data/variables/race-hawaiianpac-islands-msis,data/raw/html/variable_page/19d720479b8646bea70cccc921adbf9e16ab627a.html,,max-ip__data-documentation__515e0f4b8a__chunk_1
max-ip,max-ip__var__rcpnt-dlvry-cd,contains,https://resdac.org/cms-data/variables/delivery-code-max-ip,data/raw/html/variable_page/56a2e1c4e751891c3b1f2e33101bf100ba6d298a.html,,max-ip__data-documentation__515e0f4b8a__chunk_8
max-ip,max-ip__var__srvc-bgn-dt,contains,https://resdac.org/cms-data/variables/beginning-date-service,data/raw/html/variable_page/15d82bb0bd9ab00692583bfec9fddc71247ac6d3.html,,max-ip__data-documentation__515e0f4b8a__chunk_4
max-ip,max-ip__var__srvc-end-dt,contains,https://resdac.org/cms-data/variables/ending-date-service,data/raw/html/variable_page/76a9f24ad343468b7b6613d97be729dcdf40ce8c.html,,max-ip__data-documentation__515e0f4b8a__chunk_4
max-ip,max-ip__var__state-cd,contains,https://resdac.org/cms-data/variables/state,data/raw/html/variable_page/c1bc6ef3fa8b91eb3a3c6253f6b2e7e5a2a45c0c.html,,max-ip__data-documentation__515e0f4b8a__chunk_0
max-ip,max-ip__var__tp-pymt-amt,contains,https://resdac.org/cms-data/variables/third-party-payment-amount,data/raw/html/variable_page/ee62fc5062c904ca412f62e1e99bf20c730e3fad.html,,max-ip__data-documentation__515e0f4b8a__chunk_3
max-ip,max-ip__var__type-clm-cd,contains,https://resdac.org/cms-data/variables/type-claim,data/raw/html/variable_page/012c1579a0eb5dc7ad9a393f7d94924886475f5e.html,,max-ip__data-documentation__515e0f4b8a__chunk_3
max-ip,max-ip__var__ub-92-rev-cd-chgs-1,contains,https://resdac.org/cms-data/variables/ub-92-revenue-code-charge-1st,data/raw/html/variable_page/437ff4f8163a572866b9bd057ebb39110cecfc88.html,,max-ip__data-documentation__515e0f4b8a__chunk_9
max-ip,max-ip__var__ub-92-rev-cd-chgs-10,contains,https://resdac.org/cms-data/variables/ub-92-revenue-code-charge-10th,data/raw/html/variable_page/b773855f7fe66c434fabcc002c2a0fe1980f97dd.html,,max-ip__data-documentation__515e0f4b8a__chunk_13
max-ip,max-ip__var__ub-92-rev-cd-chgs-11,contains,https://resdac.org/cms-data/variables/ub-92-revenue-code-charge-11th,data/raw/html/variable_page/d15b5e28673cadd1ec8609bc1696bdb799345350.html,,max-ip__data-documentation__515e0f4b8a__chunk_13
max-ip,max-ip__var__ub-92-rev-cd-chgs-12,contains,https://resdac.org/cms-data/variables/ub-92-revenue-code-charge-12th,data/raw/html/variable_page/73580a3176accb386657b5de7648d3d5d4520dda.html,,max-ip__data-documentation__515e0f4b8a__chunk_14
max-ip,max-ip__var__ub-92-rev-cd-chgs-13,contains,https://resdac.org/cms-data/variables/ub-92-revenue-code-charge-13th,data/raw/html/variable_page/2043ffc2be56e2d4a0122444500b5580a03c295f.html,,max-ip__data-documentation__515e0f4b8a__chunk_14
max-ip,max-ip__var__ub-92-rev-cd-chgs-14,contains,https://resdac.org/cms-data/variables/ub-92-revenue-code-charge-14th,data/raw/html/variable_page/9c2e21275440865d16f2a7e253925d6c44a69b5c.html,,max-ip__data-documentation__515e0f4b8a__chunk_15
max-ip,max-ip__var__ub-92-rev-cd-chgs-15,contains,https://resdac.org/cms-data/variables/ub-92-revenue-code-charge-15th,data/raw/html/variable_page/2fa56ffd2ddef7eea5df69a6692cd1d64e2034d2.html,,max-ip__data-documentation__515e0f4b8a__chunk_15
max-ip,max-ip__var__ub-92-rev-cd-chgs-16,contains,https://resdac.org/cms-data/variables/ub-92-revenue-code-charge-16th,data/raw/html/variable_page/d2434b2dc27ffb027e50f8515184467f5b4cbe11.html,,max-ip__data-documentation__515e0f4b8a__chunk_16
max-ip,max-ip__var__ub-92-rev-cd-chgs-17,contains,https://resdac.org/cms-data/variables/ub-92-revenue-code-charge-17th,data/raw/html/variable_page/8ef8d3bc3bdae9924fbdbce9b2d9be64fb3c434a.html,,max-ip__data-documentation__515e0f4b8a__chunk_16
max-ip,max-ip__var__ub-92-rev-cd-chgs-18,contains,https://resdac.org/cms-data/variables/ub-92-revenue-code-charge-18th,data/raw/html/variable_page/355322ca9f914612c6aae0bb5222eec836796a0f.html,,max-ip__data-documentation__515e0f4b8a__chunk_17
max-ip,max-ip__var__ub-92-rev-cd-chgs-19,contains,https://resdac.org/cms-data/variables/ub-92-revenue-code-charge-19th,data/raw/html/variable_page/3cfe542bd915a640063c6e3b9f947c7d888fbece.html,,max-ip__data-documentation__515e0f4b8a__chunk_17
max-ip,max-ip__var__ub-92-rev-cd-chgs-2,contains,https://resdac.org/cms-data/variables/ub-92-revenue-code-charge-2nd,data/raw/html/variable_page/f4b8b6f2c0ff7b72e1445014c81d6a10a4205813.html,,max-ip__data-documentation__515e0f4b8a__chunk_9
max-ip,max-ip__var__ub-92-rev-cd-chgs-20,contains,https://resdac.org/cms-data/variables/ub-92-revenue-code-charge-20th,data/raw/html/variable_page/ab9eb5917fae118928cfbd7fbe590296692730c2.html,,max-ip__data-documentation__515e0f4b8a__chunk_17
max-ip,max-ip__var__ub-92-rev-cd-chgs-21,contains,https://resdac.org/cms-data/variables/ub-92-revenue-code-charge-21st,data/raw/html/variable_page/c196e68b38e6ceccff3440811a6ba6cf562e0213.html,,max-ip__data-documentation__515e0f4b8a__chunk_18
max-ip,max-ip__var__ub-92-rev-cd-chgs-22,contains,https://resdac.org/cms-data/variables/ub-92-revenue-code-charge-22nd,data/raw/html/variable_page/6e9b48947e2670dc4371f7d261e7df2ec45ec9db.html,,max-ip__data-documentation__515e0f4b8a__chunk_18
max-ip,max-ip__var__ub-92-rev-cd-chgs-23,contains,https://resdac.org/cms-data/variables/ub-92-revenue-code-charge-23rd,data/raw/html/variable_page/a10a1c9e9827bcd9af524a61adb9929a9fdde9bd.html,,max-ip__data-documentation__515e0f4b8a__chunk_19
max-ip,max-ip__var__ub-92-rev-cd-chgs-3,contains,https://resdac.org/cms-data/variables/ub-92-revenue-code-charge-3rd,data/raw/html/variable_page/db254b003647a205a5b0366404a79ccd971b226b.html,,max-ip__data-documentation__515e0f4b8a__chunk_10
max-ip,max-ip__var__ub-92-rev-cd-chgs-4,contains,https://resdac.org/cms-data/variables/ub-92-revenue-code-charge-4th,data/raw/html/variable_page/27a2dc8ec7bb965e53b78bdf61c51d4d3cc89109.html,,max-ip__data-documentation__515e0f4b8a__chunk_10
max-ip,max-ip__var__ub-92-rev-cd-chgs-5,contains,https://resdac.org/cms-data/variables/ub-92-revenue-code-charge-5th,data/raw/html/variable_page/654923ae9ca78337e4dfea8741707bd68050b778.html,,max-ip__data-documentation__515e0f4b8a__chunk_11
max-ip,max-ip__var__ub-92-rev-cd-chgs-6,contains,https://resdac.org/cms-data/variables/ub-92-revenue-code-charge-6th,data/raw/html/variable_page/0250b9c828a0b58912da1a3f7929d57f6743719b.html,,max-ip__data-documentation__515e0f4b8a__chunk_11
max-ip,max-ip__var__ub-92-rev-cd-chgs-7,contains,https://resdac.org/cms-data/variables/ub-92-revenue-code-charge-7th,data/raw/html/variable_page/28ae134d58b85ecec222be3ff2ba14bb76ec68e3.html,,max-ip__data-documentation__515e0f4b8a__chunk_11
max-ip,max-ip__var__ub-92-rev-cd-chgs-8,contains,https://resdac.org/cms-data/variables/ub-92-revenue-code-charge-8th,data/raw/html/variable_page/5a1a373cc11a755e6125d69d9b313773595af47c.html,,max-ip__data-documentation__515e0f4b8a__chunk_12
max-ip,max-ip__var__ub-92-rev-cd-chgs-9,contains,https://resdac.org/cms-data/variables/ub-92-revenue-code-charge-9th,data/raw/html/variable_page/191d46dd9fa31e0ad122be51d4649ded2497a29e.html,,max-ip__data-documentation__515e0f4b8a__chunk_12
max-ip,max-ip__var__ub-92-rev-cd-gp-1,contains,https://resdac.org/cms-data/variables/ub-92-revenue-code-1st,data/raw/html/variable_page/ab05e9838d5f5f4f17005e16f840d52a7fc2c5f6.html,,max-ip__data-documentation__515e0f4b8a__chunk_9
max-ip,max-ip__var__ub-92-rev-cd-gp-10,contains,https://resdac.org/cms-data/variables/ub-92-revenue-code-10th,data/raw/html/variable_page/05dd0f1d8c0cd60763d7872d862296b9cb27e24c.html,,max-ip__data-documentation__515e0f4b8a__chunk_13
max-ip,max-ip__var__ub-92-rev-cd-gp-11,contains,https://resdac.org/cms-data/variables/ub-92-revenue-code-11th,data/raw/html/variable_page/c6ea5ee28304ab6a2a094d9ed739efa78f0d0c8c.html,,max-ip__data-documentation__515e0f4b8a__chunk_13
max-ip,max-ip__var__ub-92-rev-cd-gp-12,contains,https://resdac.org/cms-data/variables/ub-92-revenue-code-12th,data/raw/html/variable_page/9beca7a6a277e8a05bf3492196d8bfbf7e82ffb8.html,,max-ip__data-documentation__515e0f4b8a__chunk_14
max-ip,max-ip__var__ub-92-rev-cd-gp-13,contains,https://resdac.org/cms-data/variables/ub-92-revenue-code-13th,data/raw/html/variable_page/cabe0eb0227f270c4883130d46e316f36128435c.html,,max-ip__data-documentation__515e0f4b8a__chunk_14
max-ip,max-ip__var__ub-92-rev-cd-gp-14,contains,https://resdac.org/cms-data/variables/ub-92-revenue-code-14th,data/raw/html/variable_page/e212c52238c0fbbae2ac000f2b9fae3e9d1095c9.html,,max-ip__data-documentation__515e0f4b8a__chunk_15
max-ip,max-ip__var__ub-92-rev-cd-gp-15,contains,https://resdac.org/cms-data/variables/ub-92-revenue-code-15th,data/raw/html/variable_page/cd8225bba4a54bbd392910f4b1bba9fe8f8fac26.html,,max-ip__data-documentation__515e0f4b8a__chunk_15
max-ip,max-ip__var__ub-92-rev-cd-gp-16,contains,https://resdac.org/cms-data/variables/ub-92-revenue-code-16th,data/raw/html/variable_page/dcb087384a585375cf4aaba4955ec5295f281d3b.html,,max-ip__data-documentation__515e0f4b8a__chunk_15
max-ip,max-ip__var__ub-92-rev-cd-gp-17,contains,https://resdac.org/cms-data/variables/ub-92-revenue-code-17th,data/raw/html/variable_page/c83014a36b710bd76be0b790c297abeb50d9fe26.html,,max-ip__data-documentation__515e0f4b8a__chunk_16
max-ip,max-ip__var__ub-92-rev-cd-gp-18,contains,https://resdac.org/cms-data/variables/ub-92-revenue-code-18th,data/raw/html/variable_page/c6ff5ed732fceaf1115de9ce15cf9138327be45a.html,,max-ip__data-documentation__515e0f4b8a__chunk_16
max-ip,max-ip__var__ub-92-rev-cd-gp-19,contains,https://resdac.org/cms-data/variables/ub-92-revenue-code-19th,data/raw/html/variable_page/3b361a250b63c8fffcfe7c78c52029c234b55ded.html,,max-ip__data-documentation__515e0f4b8a__chunk_17
max-ip,max-ip__var__ub-92-rev-cd-gp-2,contains,https://resdac.org/cms-data/variables/ub-92-revenue-code-2nd,data/raw/html/variable_page/4cc96112f37e718faaaf634c97f198e5f8d758fc.html,,max-ip__data-documentation__515e0f4b8a__chunk_9
max-ip,max-ip__var__ub-92-rev-cd-gp-20,contains,https://resdac.org/cms-data/variables/ub-92-revenue-code-20th,data/raw/html/variable_page/0b2d90ef30fef8d5b4d7265a45836b472cdab220.html,,max-ip__data-documentation__515e0f4b8a__chunk_17
max-ip,max-ip__var__ub-92-rev-cd-gp-21,contains,https://resdac.org/cms-data/variables/ub-92-revenue-code-21st,data/raw/html/variable_page/3f5d19aaf27325598bd90319bfa0a9a6765173b8.html,,max-ip__data-documentation__515e0f4b8a__chunk_18
max-ip,max-ip__var__ub-92-rev-cd-gp-22,contains,https://resdac.org/cms-data/variables/ub-92-revenue-code-22nd,data/raw/html/variable_page/797b577ef578f8d0e54949771c3927e251a36bf8.html,,max-ip__data-documentation__515e0f4b8a__chunk_18
max-ip,max-ip__var__ub-92-rev-cd-gp-23,contains,https://resdac.org/cms-data/variables/ub-92-revenue-code-23rd,data/raw/html/variable_page/e47b424377c3a6e117768e335096e87785cddb0c.html,,max-ip__data-documentation__515e0f4b8a__chunk_19
max-ip,max-ip__var__ub-92-rev-cd-gp-3,contains,https://resdac.org/cms-data/variables/ub-92-revenue-code-3rd,data/raw/html/variable_page/ffd9f81214bb43ff25d058bd1230b02b3e2739d5.html,,max-ip__data-documentation__515e0f4b8a__chunk_9
max-ip,max-ip__var__ub-92-rev-cd-gp-4,contains,https://resdac.org/cms-data/variables/ub-92-revenue-code-4th,data/raw/html/variable_page/7e55b4c53335ca6c143019a8e6a57ed1f695035c.html,,max-ip__data-documentation__515e0f4b8a__chunk_10
max-ip,max-ip__var__ub-92-rev-cd-gp-5,contains,https://resdac.org/cms-data/variables/ub-92-revenue-code-5th,data/raw/html/variable_page/42a991afd27168088f82149eb314d34e502ac6eb.html,,max-ip__data-documentation__515e0f4b8a__chunk_10
max-ip,max-ip__var__ub-92-rev-cd-gp-6,contains,https://resdac.org/cms-data/variables/ub-92-revenue-code-6th,data/raw/html/variable_page/8061dfa22abba20234924f784ebd4a386f477cc4.html,,max-ip__data-documentation__515e0f4b8a__chunk_11
max-ip,max-ip__var__ub-92-rev-cd-gp-7,contains,https://resdac.org/cms-data/variables/ub-92-revenue-code-7th,data/raw/html/variable_page/5f21a7d115c2e597e03542f0ed0eed3870e0c55e.html,,max-ip__data-documentation__515e0f4b8a__chunk_11
max-ip,max-ip__var__ub-92-rev-cd-gp-8,contains,https://resdac.org/cms-data/variables/ub-92-revenue-code-8th,data/raw/html/variable_page/11f834d35a04bf9bc5f37b6142cfe19259341514.html,,max-ip__data-documentation__515e0f4b8a__chunk_12
max-ip,max-ip__var__ub-92-rev-cd-gp-9,contains,https://resdac.org/cms-data/variables/ub-92-revenue-code-9th,data/raw/html/variable_page/7335a70d7a49b277dc9d22517e1c853ca13e164f.html,,max-ip__data-documentation__515e0f4b8a__chunk_12
max-ip,max-ip__var__ub-92-rev-cd-units-1,contains,https://resdac.org/cms-data/variables/ub-92-revenue-code-units-1st,data/raw/html/variable_page/a641662328c7b44d7c8c00a1588b939b18931bca.html,,max-ip__data-documentation__515e0f4b8a__chunk_9
max-ip,max-ip__var__ub-92-rev-cd-units-10,contains,https://resdac.org/cms-data/variables/ub-92-revenue-code-units-10th,data/raw/html/variable_page/df608b73ba79a95003099020299055d92da7baf2.html,,max-ip__data-documentation__515e0f4b8a__chunk_13
max-ip,max-ip__var__ub-92-rev-cd-units-11,contains,https://resdac.org/cms-data/variables/ub-92-revenue-code-units-11th,data/raw/html/variable_page/809edcfe27f492e0dbd1c28044cb9b0a874dd7bd.html,,max-ip__data-documentation__515e0f4b8a__chunk_13
max-ip,max-ip__var__ub-92-rev-cd-units-12,contains,https://resdac.org/cms-data/variables/ub-92-revenue-code-units-12th,data/raw/html/variable_page/1bc0b1c35cd2d2172862d9f82f70bdcb03bec2e1.html,,max-ip__data-documentation__515e0f4b8a__chunk_14
max-ip,max-ip__var__ub-92-rev-cd-units-13,contains,https://resdac.org/cms-data/variables/ub-92-revenue-code-units-13th,data/raw/html/variable_page/14532ee1d2f1232ebdad9966f6240d04fd61b682.html,,max-ip__data-documentation__515e0f4b8a__chunk_14
max-ip,max-ip__var__ub-92-rev-cd-units-14,contains,https://resdac.org/cms-data/variables/ub-92-revenue-code-units-14th,data/raw/html/variable_page/70c5b329653bf3f188eaa85077e2fddef381153c.html,,max-ip__data-documentation__515e0f4b8a__chunk_15
max-ip,max-ip__var__ub-92-rev-cd-units-15,contains,https://resdac.org/cms-data/variables/ub-92-revenue-code-units-15th,data/raw/html/variable_page/26aa023c53ca8a56c6f9d1de82a2cb0e25a2685d.html,,max-ip__data-documentation__515e0f4b8a__chunk_15
max-ip,max-ip__var__ub-92-rev-cd-units-16,contains,https://resdac.org/cms-data/variables/ub-92-revenue-code-units-16th,data/raw/html/variable_page/ab0d39b8682e3443517b6375bbd72850949a3405.html,,max-ip__data-documentation__515e0f4b8a__chunk_16
max-ip,max-ip__var__ub-92-rev-cd-units-17,contains,https://resdac.org/cms-data/variables/ub-92-revenue-code-units-17th,data/raw/html/variable_page/997fb7510b02567b2e8edffde76389d0ae3af896.html,,max-ip__data-documentation__515e0f4b8a__chunk_16
max-ip,max-ip__var__ub-92-rev-cd-units-18,contains,https://resdac.org/cms-data/variables/ub-92-revenue-code-units-18th,data/raw/html/variable_page/a3cc60c3eacfde92a82b8e1333d51d9f51d1e873.html,,max-ip__data-documentation__515e0f4b8a__chunk_17
max-ip,max-ip__var__ub-92-rev-cd-units-19,contains,https://resdac.org/cms-data/variables/ub-92-revenue-code-units-19th,data/raw/html/variable_page/17d96e7fe852a39a757d9589ab7ea170c9f6f3af.html,,max-ip__data-documentation__515e0f4b8a__chunk_17
max-ip,max-ip__var__ub-92-rev-cd-units-2,contains,https://resdac.org/cms-data/variables/ub-92-revenue-code-units-2nd,data/raw/html/variable_page/ce0c741c2b5d97f7b7e1ab4697ad71c66c84639f.html,,max-ip__data-documentation__515e0f4b8a__chunk_9
max-ip,max-ip__var__ub-92-rev-cd-units-20,contains,https://resdac.org/cms-data/variables/ub-92-revenue-code-units-20th,data/raw/html/variable_page/ee957e21fa7df52421b674d18d3d9e827cdb093d.html,,max-ip__data-documentation__515e0f4b8a__chunk_18
max-ip,max-ip__var__ub-92-rev-cd-units-21,contains,https://resdac.org/cms-data/variables/ub-92-revenue-code-units-21st,data/raw/html/variable_page/9d07b748d0c1b69da7dc2ad9e54dc3f1e6e92095.html,,max-ip__data-documentation__515e0f4b8a__chunk_18
max-ip,max-ip__var__ub-92-rev-cd-units-22,contains,https://resdac.org/cms-data/variables/ub-92-revenue-code-units-22nd,data/raw/html/variable_page/4e9be8cb246bd8af62b6c538c62c273821d4ef89.html,,max-ip__data-documentation__515e0f4b8a__chunk_19
max-ip,max-ip__var__ub-92-rev-cd-units-23,contains,https://resdac.org/cms-data/variables/ub-92-revenue-code-units-23rd,data/raw/html/variable_page/17ff8bd3f5439319c0d05d50502f77dfb06499aa.html,,max-ip__data-documentation__515e0f4b8a__chunk_19
max-ip,max-ip__var__ub-92-rev-cd-units-3,contains,https://resdac.org/cms-data/variables/ub-92-revenue-code-units-3rd,data/raw/html/variable_page/702d091e9a46e8a15ef92352dc23080288a3a4e3.html,,max-ip__data-documentation__515e0f4b8a__chunk_10
max-ip,max-ip__var__ub-92-rev-cd-units-4,contains,https://resdac.org/cms-data/variables/ub-92-revenue-code-units-4th,data/raw/html/variable_page/34d43eb1185b1dbc034dbe78cffb64935ac1c7b0.html,,max-ip__data-documentation__515e0f4b8a__chunk_10
max-ip,max-ip__var__ub-92-rev-cd-units-5,contains,https://resdac.org/cms-data/variables/ub-92-revenue-code-units-5th,data/raw/html/variable_page/f66f824f4d193632e558e67c9c180d896e3088f3.html,,max-ip__data-documentation__515e0f4b8a__chunk_11
max-ip,max-ip__var__ub-92-rev-cd-units-6,contains,https://resdac.org/cms-data/variables/ub-92-revenue-code-units-6th,data/raw/html/variable_page/aa19cd4f281adc3ce982c0fdf180e9ddda63cac2.html,,max-ip__data-documentation__515e0f4b8a__chunk_11
max-ip,max-ip__var__ub-92-rev-cd-units-7,contains,https://resdac.org/cms-data/variables/ub-92-revenue-code-units-7th,data/raw/html/variable_page/146b8339654b0ff8070a02f91e6f1e6cffafc162.html,,max-ip__data-documentation__515e0f4b8a__chunk_12
max-ip,max-ip__var__ub-92-rev-cd-units-8,contains,https://resdac.org/cms-data/variables/ub-92-revenue-code-units-8th,data/raw/html/variable_page/08c7e45723c22d53ecad8926c99412820d281f1b.html,,max-ip__data-documentation__515e0f4b8a__chunk_12
max-ip,max-ip__var__ub-92-rev-cd-units-9,contains,https://resdac.org/cms-data/variables/ub-92-revenue-code-units-9th,data/raw/html/variable_page/e48fd356e2daa48734cb2f164490bd4982a56eaf.html,,max-ip__data-documentation__515e0f4b8a__chunk_13
max-ip,max-ip__var__updt-dt,contains,https://resdac.org/cms-data/variables/max-file-update-date,data/raw/html/variable_page/2de72cbed1ff83e389a3d3a638ea0c92a344e1bc.html,,max-ip__data-documentation__515e0f4b8a__chunk_19
max-ip,max-ip__var__yr-num,contains,https://resdac.org/cms-data/variables/year-max-record,data/raw/html/variable_page/41089b893027b7bb31e3b34c114c3cc60ade99f9.html,,max-ip__data-documentation__515e0f4b8a__chunk_0
mbisg,mbisg__var__bene-id,contains,https://resdac.org/cms-data/variables/encrypted-ccw-beneficiary-id,data/raw/html/variable_page/69950b21ed36af6e7ed6c908dc18142a50445d3c.html,,mbisg__data-documentation__38b915f246__chunk_1
mbisg,mbisg__var__mbisg-vrsn,contains,https://resdac.org/cms-data/variables/version-mbisg-algorithm,data/raw/html/variable_page/95aea11ac65ca0bf890ad5ba5befb093bb114c27.html,,mbisg__data-documentation__38b915f246__chunk_1
mbisg,mbisg__var__re-clsfctn,contains,https://resdac.org/cms-data/variables/re-classification-highest-probability,data/raw/html/variable_page/b2d56518b579fa313305112af7e8b412d7ac135b.html,,mbisg__data-documentation__38b915f246__chunk_2
mbisg,mbisg__var__re-prblty-aanhpi,contains,https://resdac.org/cms-data/variables/re-probability-asian-american-and-native-hawaiian-or-other-pacific-islander,data/raw/html/variable_page/b136fe0c7d9d40c83dd3a592c30df989e5edcd2c.html,,mbisg__data-documentation__38b915f246__chunk_1
mbisg,mbisg__var__re-prblty-aian,contains,https://resdac.org/cms-data/variables/re-probability-american-indian-or-alaska-native,data/raw/html/variable_page/5497fcc6ea401f3b0246441de455235494c64c64.html,,mbisg__data-documentation__38b915f246__chunk_1
mbisg,mbisg__var__re-prblty-black,contains,https://resdac.org/cms-data/variables/re-probability-black,data/raw/html/variable_page/8e2a053dabd292cc410ed1c28a184d7bc0a07b86.html,,mbisg__data-documentation__38b915f246__chunk_2
mbisg,mbisg__var__re-prblty-hspnc,contains,https://resdac.org/cms-data/variables/re-probability-hispanic,data/raw/html/variable_page/52ca449f23294e3a310cd2f3b42e3933b3f18125.html,,mbisg__data-documentation__38b915f246__chunk_2
mbisg,mbisg__var__re-prblty-multiracial,contains,https://resdac.org/cms-data/variables/re-probability-multiracial,data/raw/html/variable_page/4b012456ed22f87238769e553e6d970f5a3b98e5.html,,mbisg__data-documentation__38b915f246__chunk_2
mbisg,mbisg__var__re-prblty-wht,contains,https://resdac.org/cms-data/variables/re-probability-white,data/raw/html/variable_page/2c1d9f1451487418a93cad612dfc8ec250b3d403.html,,mbisg__data-documentation__38b915f246__chunk_2
mbisg,mbisg__var__rfrnc-dt,contains,https://resdac.org/cms-data/variables/data-file-reference-date,data/raw/html/variable_page/b33e888206801281c08e39ca9111573df9df1b8c.html,,mbisg__data-documentation__38b915f246__chunk_1
mbisg,mbisg__var__spnsh-prefnc-ctgry,contains,https://resdac.org/cms-data/variables/predicted-spanish-preference-category,data/raw/html/variable_page/f5f1d106771a508186a990e08a1900848fee759c.html,,mbisg__data-documentation__38b915f246__chunk_2
mbsf-27-cc,mbsf-27-cc__var__bene-id,contains,https://resdac.org/cms-data/variables/encrypted-ccw-beneficiary-id,data/raw/html/variable_page/69950b21ed36af6e7ed6c908dc18142a50445d3c.html,26,mbsf-27-cc__codebook-mbsf-cc_pdf__67b8f2251b__p26__chunk_1
mbsf-30-cc,mbsf-30-cc__var__bene-id,contains,https://resdac.org/cms-data/variables/encrypted-ccw-beneficiary-id,data/raw/html/variable_page/69950b21ed36af6e7ed6c908dc18142a50445d3c.html,18,mbsf-30-cc__codebook-mbsf-chronic_pdf__0f9abc3685__p18__chunk_1
mbsf-base,mbsf-base__var__bene-id,contains,https://resdac.org/cms-data/variables/encrypted-ccw-beneficiary-id,data/raw/html/variable_page/69950b21ed36af6e7ed6c908dc18142a50445d3c.html,15,mbsf-base__codebook-mbsf-abcd_pdf__3ce60d9c5a__p15__chunk_1
mbsf-base,mbsf-base__var__pbp-id,contains,https://www2.ccwdata.org/documents/10280/19022436/codebook-mbsf-abcd.pdf,data/raw/assets/pdf/3ce60d9c5a3b97f691686c5fdd76b1f633f07612.pdf,46,mbsf-base__codebook-mbsf-abcd_pdf__3ce60d9c5a__p46__chunk_2
mbsf-base,mbsf-base__var__sample-group,contains,https://resdac.org/cms-data/variables/medicare-sample-group-indicator,data/raw/html/variable_page/806e4d036fb187c7a473a41e9f16059450223144.html,34,mbsf-base__codebook-mbsf-abcd_pdf__3ce60d9c5a__p34__chunk_1
mbsf-base-v2,mbsf-base-v2__var__bene-id,contains,https://www2.ccwdata.org/documents/10280/19022436/codebook-mbsf-abcd-v2.pdf,data/raw/assets/pdf/88dec20615b0691efc1812370c27a4f1825aa109.pdf,16,mbsf-base-v2__codebook-mbsf-abcd-v2_pdf__88dec20615__p16__chunk_1
mbsf-base-v2,mbsf-base-v2__var__pbp-id,contains,https://www2.ccwdata.org/documents/10280/19022436/codebook-mbsf-abcd-v2.pdf,data/raw/assets/pdf/88dec20615b0691efc1812370c27a4f1825aa109.pdf,46,mbsf-base-v2__codebook-mbsf-abcd-v2_pdf__88dec20615__p46__chunk_2
mbsf-base-v2,mbsf-base-v2__var__sample-group,contains,https://www2.ccwdata.org/documents/10280/19022436/codebook-mbsf-abcd-v2.pdf,data/raw/assets/pdf/88dec20615b0691efc1812370c27a4f1825aa109.pdf,33,mbsf-base-v2__codebook-mbsf-abcd-v2_pdf__88dec20615__p33__chunk_1
mbsf-cost-and-use,mbsf-cost-and-use__var__bene-id,contains,https://resdac.org/cms-data/variables/encrypted-ccw-beneficiary-id,data/raw/html/variable_page/69950b21ed36af6e7ed6c908dc18142a50445d3c.html,22,mbsf-cost-and-use__codebook-mbsf-cu_pdf__b8f25df8d8__p22__chunk_1
mbsf-cost-and-use,mbsf-cost-and-use__var__carr-line-mtus-cd,contains,https://www2.ccwdata.org/documents/10280/19022436/codebook-mbsf-cu.pdf,data/raw/assets/pdf/b8f25df8d81906f5defd1b315d22b81093ed2f5d.pdf,16,mbsf-cost-and-use__codebook-mbsf-cu_pdf__b8f25df8d8__p16__chunk_1
mbsf-cost-and-use,mbsf-cost-and-use__var__clm-hha-tot-visit-cnt,contains,https://resdac.org/cms-data/variables/home-health-visits,data/raw/html/variable_page/e3227f0dd1953cda35a51ce159a13ea39ba2396e.html,38,mbsf-cost-and-use__codebook-mbsf-cu_pdf__b8f25df8d8__p38__chunk_0
mbsf-cost-and-use,mbsf-cost-and-use__var__line-cms-type-srvc-cd,contains,https://resdac.org/cms-data/variables/ambulatory-surgery-center-primary-payer-amount,data/raw/html/variable_page/822044c34bd76d1da5cdd9b97700561460e8fc30.html,19,mbsf-cost-and-use__codebook-mbsf-cu_pdf__b8f25df8d8__p19__chunk_0
mbsf-cost-and-use,mbsf-cost-and-use__var__prvdr-num,contains,https://www2.ccwdata.org/documents/10280/19022436/codebook-mbsf-cu.pdf,data/raw/assets/pdf/b8f25df8d81906f5defd1b315d22b81093ed2f5d.pdf,10,mbsf-cost-and-use__codebook-mbsf-cu_pdf__b8f25df8d8__p10__chunk_4
mbsf-ndi,mbsf-ndi__var__bene-id,contains,https://resdac.org/cms-data/variables/encrypted-ccw-beneficiary-id,data/raw/html/variable_page/69950b21ed36af6e7ed6c908dc18142a50445d3c.html,7,mbsf-ndi__codebook-mbsf-ndi_pdf__ce6bdf20b0__p7__chunk_1
medpar,medpar__var__acmdtns-tot-chrg-amt,contains,https://resdac.org/cms-data/variables/total-charge-all-accommodations,data/raw/html/variable_page/bc94f2d50efc435595f50defad16786bf7f53d09.html,,medpar__data-documentation__776a51d77c__chunk_13
medpar,medpar__var__aco-id-num,contains,https://resdac.org/cms-data/variables/accountable-care-organization-aco-identification-number,data/raw/html/variable_page/5cc02c522e0fa20f7dea6ff403304fb00823df46.html,,medpar__data-documentation__776a51d77c__chunk_72
medpar,medpar__var__actv-xref-ind,contains,https://resdac.org/cms-data/variables/medpar-active-cross-reference-indicator,data/raw/html/variable_page/9f9cee9310b0a771343d83408e1855ce3fc66964.html,,medpar__data-documentation__776a51d77c__chunk_4
medpar,medpar__var__admsn-day-cd,contains,https://resdac.org/cms-data/variables/code-indicating-day-week-beneficiary-was-admitted-facility,data/raw/html/variable_page/27cc2a993afacf3107138ed149dbc1e3eff1eaca.html,,medpar__data-documentation__776a51d77c__chunk_6
medpar,medpar__var__admsn-death-day-cnt,contains,https://resdac.org/cms-data/variables/days-date-admitted-facility-date-death,data/raw/html/variable_page/cc2d42fc121111d4deb549edcead678eed6809d0.html,,medpar__data-documentation__776a51d77c__chunk_7
medpar,medpar__var__admsn-dt,contains,https://resdac.org/cms-data/variables/date-beneficiary-admitted-inpatient-care-or-date-care-started,data/raw/html/variable_page/9cf060cf06894210fea29919277e04e4ac2f3778.html,,medpar__data-documentation__776a51d77c__chunk_6
medpar,medpar__var__admtg-dgns-cd,contains,https://resdac.org/cms-data/variables/initial-diagnosis-time-admission,data/raw/html/variable_page/63de4d4fc73cf43c6e97a5f962468dc9ffd4529a.html,,medpar__data-documentation__776a51d77c__chunk_26
medpar,medpar__var__admtg-dgns-vrsn-cd,contains,https://resdac.org/cms-data/files/medpar/data-documentation,data/raw/html/documentation_page/776a51d77c856d4766b5eb9e5457d692139041ce.html,,medpar__data-documentation__776a51d77c__chunk_26
medpar,medpar__var__amblnc-chrg-amt,contains,https://resdac.org/cms-data/variables/ambulance-charge-amount,data/raw/html/variable_page/3747725c0a9c09291f45c875ea26fdc5273c7212.html,,medpar__data-documentation__776a51d77c__chunk_19
medpar,medpar__var__ansthsa-chrg-amt,contains,https://resdac.org/cms-data/variables/anesthesia-charge-amount,data/raw/html/variable_page/be101632ca75494a1eac645cce58d8b5ec0ebcc7.html,,medpar__data-documentation__776a51d77c__chunk_18
medpar,medpar__var__base-oprtg-drg-amt,contains,https://resdac.org/cms-data/variables/base-operating-drg-amount,data/raw/html/variable_page/f912bc011f8ce3ebe5e0f0ce61353bb827891d50.html,,medpar__data-documentation__776a51d77c__chunk_65
medpar,medpar__var__bene-age-cnt,contains,https://resdac.org/cms-data/variables/age-date-admission,data/raw/html/variable_page/51875cf3707c6780764707a2a1d6049b2018461a.html,,medpar__data-documentation__776a51d77c__chunk_0
medpar,medpar__var__bene-blood-ddctbl-amt,contains,https://resdac.org/cms-data/variables/beneficiarys-liability-blood-deductible-stay,data/raw/html/variable_page/8365fbc16f1d3ccba02585025fd0b15ab5e6ed8d.html,,medpar__data-documentation__776a51d77c__chunk_10
medpar,medpar__var__bene-death-dt,contains,https://resdac.org/cms-data/variables/date-beneficiary-died,data/raw/html/variable_page/5a7c406c82329f9f193e582f59c13cdf625bda50.html,,medpar__data-documentation__776a51d77c__chunk_7
medpar,medpar__var__bene-death-dt-vrfy-cd,contains,https://resdac.org/cms-data/variables/death-date-verification-code,data/raw/html/variable_page/893e09f15b50ead722cb3058357d59c48505830f.html,,medpar__data-documentation__776a51d77c__chunk_7
medpar,medpar__var__bene-dschrg-stus-cd,contains,https://resdac.org/cms-data/files/medpar/data-documentation,data/raw/html/documentation_page/776a51d77c856d4766b5eb9e5457d692139041ce.html,,medpar__data-documentation__776a51d77c__chunk_2
medpar,medpar__var__bene-id,contains,https://resdac.org/cms-data/variables/ccw-encrypted-beneficiary-id-number,data/raw/html/variable_page/9fcc3c0f0ed861814179c9c1c8b54176d968d110.html,,medpar__data-documentation__776a51d77c__chunk_0
medpar,medpar__var__bene-ident-cd,contains,https://resdac.org/cms-data/variables/bic-reported-first-claim-included-stay,data/raw/html/variable_page/5b44802aa9213a8824d5bfbc3159842e1ae0ac27.html,,medpar__data-documentation__776a51d77c__chunk_0
medpar,medpar__var__bene-ip-ddctbl-amt,contains,https://resdac.org/cms-data/variables/beneficiarys-liability-deductible-stay,data/raw/html/variable_page/6cef24658a7943ce9f6b169fe98d2a9bb0e6aca3.html,,medpar__data-documentation__776a51d77c__chunk_10
medpar,medpar__var__bene-lrd-use-cnt,contains,https://resdac.org/cms-data/variables/lifetime-reserve-days-lrd-used-beneficiary-stay,data/raw/html/variable_page/573957858c2eaae80104461bb21dc03f83f71b85.html,,medpar__data-documentation__776a51d77c__chunk_9
medpar,medpar__var__bene-mdcr-bnft-exhst-dt,contains,https://resdac.org/cms-data/variables/beneficiary-medicare-benefit-exhausted-date,data/raw/html/variable_page/5b94ac94205d8eaf74df1af8159e3a9c07ddb7dc.html,,medpar__data-documentation__776a51d77c__chunk_4
medpar,medpar__var__bene-mdcr-stus-cd,contains,https://resdac.org/cms-data/files/medpar/data-documentation,data/raw/html/documentation_page/776a51d77c856d4766b5eb9e5457d692139041ce.html,,medpar__data-documentation__776a51d77c__chunk_1
medpar,medpar__var__bene-mlg-cntct-zip-cd,contains,https://resdac.org/cms-data/variables/zip-code-beneficiarys-residence,data/raw/html/variable_page/b092ad857799a82db4ec2c9d2ecfddc23fcadc3c.html,,medpar__data-documentation__776a51d77c__chunk_1
medpar,medpar__var__bene-prmry-pyr-amt,contains,https://resdac.org/cms-data/variables/primary-payer-paid-amount,data/raw/html/variable_page/d48ff80e3bb56eff8338aa9cc166bf9c4e1da3a5.html,,medpar__data-documentation__776a51d77c__chunk_10
medpar,medpar__var__bene-prmry-pyr-cd,contains,https://resdac.org/cms-data/variables/primary-payer-responsibility-code,data/raw/html/variable_page/2b73343067926ab4cde88d89ff87801b594e79d4.html,,medpar__data-documentation__776a51d77c__chunk_10
medpar,medpar__var__bene-pta-coinsrnc-amt,contains,https://resdac.org/cms-data/variables/beneficiarys-liability-part-coinsurance-stay,data/raw/html/variable_page/c20e390861303605cb40e11776442df044e13c9a.html,,medpar__data-documentation__776a51d77c__chunk_9
medpar,medpar__var__bene-race-cd,contains,https://resdac.org/cms-data/variables/race-beneficiary,data/raw/html/variable_page/1e29b4c462d56c3cfa080020e593c7327c160d91.html,,medpar__data-documentation__776a51d77c__chunk_0
medpar,medpar__var__bene-rsdnc-ssa-cnty-cd,contains,https://resdac.org/cms-data/variables/ssa-standard-county-code-beneficiarys-residence,data/raw/html/variable_page/1855ed8a30e005c46209f0af6d139b4e32989068.html,,medpar__data-documentation__776a51d77c__chunk_1
medpar,medpar__var__bene-rsdnc-ssa-state-cd,contains,https://resdac.org/cms-data/variables/ssa-standard-state-code-beneficiarys-residence,data/raw/html/variable_page/9c104bc6478bb6a20d23f8d9a5f2d421218711c2.html,,medpar__data-documentation__776a51d77c__chunk_1
medpar,medpar__var__bene-sex-cd,contains,https://resdac.org/cms-data/variables/sex-beneficiary,data/raw/html/variable_page/7f836cccc4fdce7ae8476d9e93e44783966a40a0.html,,medpar__data-documentation__776a51d77c__chunk_0
medpar,medpar__var__blood-admin-chrg-amt,contains,https://resdac.org/cms-data/variables/blood-storage-and-processing-charge-amount,data/raw/html/variable_page/15f267b9bbf99c009d372f8dec4179587fed50bb.html,,medpar__data-documentation__776a51d77c__chunk_17
medpar,medpar__var__blood-chrg-amt,contains,https://resdac.org/cms-data/variables/blood-charge-amount,data/raw/html/variable_page/646d0b7ae3faa58d30aa1c2344a68abd6d89bce5.html,,medpar__data-documentation__776a51d77c__chunk_17
medpar,medpar__var__blood-pt-frnsh-qty,contains,https://resdac.org/cms-data/variables/blood-pints-furnished-quantity,data/raw/html/variable_page/dc649f6827c68f16f3f79ce58d13c80ee64d3928.html,,medpar__data-documentation__776a51d77c__chunk_17
medpar,medpar__var__bndld-adjstmt-amt,contains,https://resdac.org/cms-data/variables/bundled-payment-adjustment-amount,data/raw/html/variable_page/1630169dca146e7b599cde4857994607e306590d.html,,medpar__data-documentation__776a51d77c__chunk_65
medpar,medpar__var__bndld-model-dscnt-pct,contains,https://resdac.org/cms-data/variables/bundled-payment-model-discount-percent,data/raw/html/variable_page/687beda30233489998d2fb2d615c6564d1b22b66.html,,medpar__data-documentation__776a51d77c__chunk_63
medpar,medpar__var__care-imprvmt-model-1-cd,contains,https://resdac.org/cms-data/variables/care-improvement-model-1-code,data/raw/html/variable_page/33a9ac5d6b9e74dccb6ebefd636b1f27905e35be.html,,medpar__data-documentation__776a51d77c__chunk_62
medpar,medpar__var__care-imprvmt-model-2-cd,contains,https://resdac.org/cms-data/variables/care-improvement-model-2-code,data/raw/html/variable_page/333bc45092d84c1712c787dc4657a8c9d7ef7d04.html,,medpar__data-documentation__776a51d77c__chunk_62
medpar,medpar__var__care-imprvmt-model-3-cd,contains,https://resdac.org/cms-data/variables/care-improvement-model-3-code,data/raw/html/variable_page/159c6a8060589c1e7db72586528e9705fa4d217c.html,,medpar__data-documentation__776a51d77c__chunk_62
medpar,medpar__var__care-imprvmt-model-4-cd,contains,https://resdac.org/cms-data/variables/care-improvement-model-4-code,data/raw/html/variable_page/6cfe93083c14da645b40e3bd702d7cdedc4e7a9c.html,,medpar__data-documentation__776a51d77c__chunk_62
medpar,medpar__var__cell-gene-thrpy-prcdrs-tot-amt,contains,https://resdac.org/cms-data/variables/cellgene-therapy-procedures-total-charge-amount,data/raw/html/variable_page/c19e53a3bc3f7a89919c60712ba56eb7e13ff4cb.html,,medpar__data-documentation__776a51d77c__chunk_78
medpar,medpar__var__cell-thrpy-drugs-tot-amt,contains,https://resdac.org/cms-data/variables/cell-therapy-drugs-total-charge-amount,data/raw/html/variable_page/05577e2280df32d4d5fd36a53326bc381b78476a.html,,medpar__data-documentation__776a51d77c__chunk_78
medpar,medpar__var__clm-full-std-pymt-amt,contains,https://resdac.org/cms-data/variables/claim-full-standard-payment-amount,data/raw/html/variable_page/7620bf76a3e10a7e93514ee5727f4b773416e458.html,,medpar__data-documentation__776a51d77c__chunk_69
medpar,medpar__var__clm-ip-initl-ms-drg-cd,contains,https://resdac.org/cms-data/variables/medpar-claim-inpatient-initial-ms-drg-code,data/raw/html/variable_page/184feedd99f018bce865d52c850f9804aa59de6b.html,,medpar__data-documentation__776a51d77c__chunk_11
medpar,medpar__var__clm-model-reimbrsmt-amt,contains,https://resdac.org/cms-data/files/medpar/data-documentation,data/raw/html/documentation_page/776a51d77c856d4766b5eb9e5457d692139041ce.html,,medpar__data-documentation__776a51d77c__chunk_72
medpar,medpar__var__clm-ngaco-ind-1-cd,contains,https://resdac.org/cms-data/variables/claim-next-generation-ng-accountable-care-organization-aco-indicator-code-1,data/raw/html/variable_page/4611d6caec9f6d77d425d5dfde24711c35711129.html,,medpar__data-documentation__776a51d77c__chunk_69
medpar,medpar__var__clm-ngaco-ind-2-cd,contains,https://resdac.org/cms-data/variables/claim-next-generation-ng-accountable-care-organization-aco-indicator-code-2,data/raw/html/variable_page/91fbb3cc7e2ecfc0d840e8bdf154053dcde0d046.html,,medpar__data-documentation__776a51d77c__chunk_70
medpar,medpar__var__clm-ngaco-ind-3-cd,contains,https://resdac.org/cms-data/variables/claim-next-generation-ng-accountable-care-organization-aco-indicator-code-3,data/raw/html/variable_page/993c3d18ee6a006c1f97ec30d9c36383e5946525.html,,medpar__data-documentation__776a51d77c__chunk_70
medpar,medpar__var__clm-ngaco-ind-4-cd,contains,https://resdac.org/cms-data/variables/claim-next-generation-ng-accountable-care-organization-aco-indicator-code-4,data/raw/html/variable_page/5a3367107c758666af3936bb509f20373ab1643b.html,,medpar__data-documentation__776a51d77c__chunk_70
medpar,medpar__var__clm-ngaco-ind-5-cd,contains,https://resdac.org/cms-data/variables/claim-next-generation-ng-accountable-care-organization-aco-indicator-code-5,data/raw/html/variable_page/135a5b623e771ba88ebf15e90a3ee5cc4265bcc7.html,,medpar__data-documentation__776a51d77c__chunk_71
medpar,medpar__var__clm-ptnt-rltnshp-cd,contains,https://resdac.org/cms-data/variables/claim-patient-relationship-code,data/raw/html/variable_page/084190e49a453dc5c26ae92b06275ba6c35fd581.html,,medpar__data-documentation__776a51d77c__chunk_61
medpar,medpar__var__clm-rlt-cond-cd,contains,https://www2.ccwdata.org/documents/10280/19022436/Codebook-MedPAR.pdf,data/raw/assets/pdf/01880a8f130acdc0b26ba14dd05f81632589ce24.pdf,61,medpar__codebook-medpar_pdf__01880a8f13__p61__chunk_3
medpar,medpar__var__clm-rp-ind-cd,contains,https://resdac.org/cms-data/variables/medpar-claim-representative-payee-rp-indicator-code,data/raw/html/variable_page/025fb3775c62c5c31fbdf37f29a2f80369ad2dec.html,,medpar__data-documentation__776a51d77c__chunk_71
medpar,medpar__var__clm-rsdl-pymt-ind-cd,contains,https://resdac.org/cms-data/variables/medpar-claim-residual-payment-indicator-code,data/raw/html/variable_page/d1fbd91e20c446b4645e24ab15ddf7968363b377.html,,medpar__data-documentation__776a51d77c__chunk_71
medpar,medpar__var__clm-site-ntrl-pymt-cst-amt,contains,https://resdac.org/cms-data/variables/claim-site-neutral-payment-based-cost-amount,data/raw/html/variable_page/c3687fc6fb5c1c1cdc32c4739eca43509d7afd21.html,,medpar__data-documentation__776a51d77c__chunk_68
medpar,medpar__var__clm-site-ntrl-pymt-ipps-amt,contains,https://resdac.org/cms-data/variables/claim-site-neutral-payment-based-ipps-amount,data/raw/html/variable_page/8a0334f4af079d29c0b02a564c4a36e190f34539.html,,medpar__data-documentation__776a51d77c__chunk_69
medpar,medpar__var__clm-ss-outlier-std-pymt-amt,contains,https://resdac.org/cms-data/variables/claim-short-stay-outlier-sso-standard-payment-amount,data/raw/html/variable_page/43669273af6619fe5d41330cccb6fffc19fb5dc2.html,,medpar__data-documentation__776a51d77c__chunk_69
medpar,medpar__var__clm-val-cd,contains,https://www2.ccwdata.org/documents/10280/19022436/Codebook-MedPAR.pdf,data/raw/assets/pdf/01880a8f130acdc0b26ba14dd05f81632589ce24.pdf,61,medpar__codebook-medpar_pdf__01880a8f13__p61__chunk_3
medpar,medpar__var__clncl-tril-sw,contains,https://resdac.org/cms-data/variables/other-clinical-trial-switch,data/raw/html/variable_page/649b487f7ea2cd240a4a02c7862592fcdb404c61.html,,medpar__data-documentation__776a51d77c__chunk_26
medpar,medpar__var__clnc-visit-chrg-amt,contains,https://resdac.org/cms-data/variables/clinic-visit-charge-amount,data/raw/html/variable_page/f5b9738b43b44d059f195a021a20031faa140a09.html,,medpar__data-documentation__776a51d77c__chunk_20
medpar,medpar__var__crdc-cathrztn-amt,contains,https://resdac.org/cms-data/variables/cardiac-catheterization-lab-amount,data/raw/html/variable_page/dfdaed2cd15c515afaca7e701896c41d25a1d1d3.html,,medpar__data-documentation__776a51d77c__chunk_78
medpar,medpar__var__crdlgy-chrg-amt,contains,https://resdac.org/cms-data/variables/cardiology-charge-amount,data/raw/html/variable_page/4a51f12875691dae7bc785cb19b17b9caa000de5.html,,medpar__data-documentation__776a51d77c__chunk_18
medpar,medpar__var__cred-rcvd-rplcd-dvc-sw,contains,https://resdac.org/cms-data/variables/credit-received-replaced-device,data/raw/html/variable_page/bbf0d5522f41e68b21abf3c3700298d1e0f6d3dd.html,,medpar__data-documentation__776a51d77c__chunk_64
medpar,medpar__var__crnry-care-chrg-amt,contains,https://resdac.org/cms-data/variables/coronary-care-charge-amount,data/raw/html/variable_page/79f5915bb7cb78a476cf1f3fc27ebfa74a6c9975.html,,medpar__data-documentation__776a51d77c__chunk_15
medpar,medpar__var__crnry-care-day-cnt,contains,https://resdac.org/cms-data/variables/coronary-care-day-count,data/raw/html/variable_page/78b1410eef9f1da1284583744d68583f31602174.html,,medpar__data-documentation__776a51d77c__chunk_14
medpar,medpar__var__crnry-care-ind-cd,contains,https://resdac.org/cms-data/variables/coronary-care-unit-ccu-indicator-code,data/raw/html/variable_page/0a7cd066b6a4517f79aba9ebe9c3f8efba1bd29e.html,,medpar__data-documentation__776a51d77c__chunk_21
medpar,medpar__var__dgns-10-cd,contains,https://resdac.org/cms-data/variables/medpar-icd-9-cm-diagnosis-code-10,data/raw/html/variable_page/4523a72940b268814c8cc99fc1ad8dfebb172359.html,,medpar__data-documentation__776a51d77c__chunk_33
medpar,medpar__var__dgns-11-cd,contains,https://resdac.org/cms-data/variables/medpar-icd-9-cm-diagnosis-code-11,data/raw/html/variable_page/eb8651b1874e35ae1caac445977f4ff9fc297495.html,,medpar__data-documentation__776a51d77c__chunk_33
medpar,medpar__var__dgns-12-cd,contains,https://resdac.org/cms-data/variables/medpar-icd-9-cm-diagnosis-code-12,data/raw/html/variable_page/cab9d2dd8caca33b150439226cb30d0c9370b0c5.html,,medpar__data-documentation__776a51d77c__chunk_34
medpar,medpar__var__dgns-13-cd,contains,https://resdac.org/cms-data/variables/medpar-icd-9-cm-diagnosis-code-13,data/raw/html/variable_page/c2ae5e198ec00edba1344b8155ecce5f973a8693.html,,medpar__data-documentation__776a51d77c__chunk_34
medpar,medpar__var__dgns-14-cd,contains,https://resdac.org/cms-data/variables/medpar-icd-9-cm-diagnosis-code-14,data/raw/html/variable_page/62f7efc6a3f45e10959fa9583dfbc7f9918d0c16.html,,medpar__data-documentation__776a51d77c__chunk_34
medpar,medpar__var__dgns-15-cd,contains,https://resdac.org/cms-data/variables/medpar-icd-9-cm-diagnosis-code-15,data/raw/html/variable_page/41c4ce6971e85da1954a83a294c402e1bf460cc0.html,,medpar__data-documentation__776a51d77c__chunk_34
medpar,medpar__var__dgns-16-cd,contains,https://resdac.org/cms-data/variables/medpar-icd-9-cm-diagnosis-code-16,data/raw/html/variable_page/96d1f490676e381d41df510b404c1579026357b1.html,,medpar__data-documentation__776a51d77c__chunk_34
medpar,medpar__var__dgns-17-cd,contains,https://resdac.org/cms-data/variables/medpar-icd-9-cm-diagnosis-code-17,data/raw/html/variable_page/3c534a105d80cc67cbd513c32c5da2388e2daf7e.html,,medpar__data-documentation__776a51d77c__chunk_34
medpar,medpar__var__dgns-18-cd,contains,https://resdac.org/cms-data/variables/medpar-icd-9-cm-diagnosis-code-18,data/raw/html/variable_page/66c1f38c50e8893714f53407c07f6eae1e9c06f1.html,,medpar__data-documentation__776a51d77c__chunk_34
medpar,medpar__var__dgns-19-cd,contains,https://resdac.org/cms-data/variables/medpar-icd-9-cm-diagnosis-code-19,data/raw/html/variable_page/94ce715fec5861c218157ff7e539b21e1ed046aa.html,,medpar__data-documentation__776a51d77c__chunk_35
medpar,medpar__var__dgns-1-cd,contains,https://resdac.org/cms-data/variables/medpar-principal-diagnosis-code,data/raw/html/variable_page/2ec452ffb11e8fe8d53b222a1bfc8fc9a8255d81.html,,medpar__data-documentation__776a51d77c__chunk_32
medpar,medpar__var__dgns-20-cd,contains,https://resdac.org/cms-data/variables/medpar-icd-9-cm-diagnosis-code-20,data/raw/html/variable_page/5cf113ddc520b7c9ac00f39251d3671b5c8dd195.html,,medpar__data-documentation__776a51d77c__chunk_35
medpar,medpar__var__dgns-21-cd,contains,https://resdac.org/cms-data/variables/medpar-icd-9-cm-diagnosis-code-21,data/raw/html/variable_page/394b78bd51d7b2f62a51426b9010dcf1059e2f58.html,,medpar__data-documentation__776a51d77c__chunk_35
medpar,medpar__var__dgns-22-cd,contains,https://resdac.org/cms-data/variables/medpar-icd-9-cm-diagnosis-code-22,data/raw/html/variable_page/1a959b8bd476c727e9e3e95a2dea5be7b950cbfb.html,,medpar__data-documentation__776a51d77c__chunk_35
medpar,medpar__var__dgns-23-cd,contains,https://resdac.org/cms-data/variables/medpar-icd-9-cm-diagnosis-code-23,data/raw/html/variable_page/d4506175c1991c08b6df9f8dd66e4a0b26876fbf.html,,medpar__data-documentation__776a51d77c__chunk_35
medpar,medpar__var__dgns-24-cd,contains,https://resdac.org/cms-data/variables/medpar-icd-9-cm-diagnosis-code-24,data/raw/html/variable_page/ae2011207835bafa0e79fbe5d1394da46f7c8b22.html,,medpar__data-documentation__776a51d77c__chunk_35
medpar,medpar__var__dgns-25-cd,contains,https://resdac.org/cms-data/variables/medpar-icd-9-cm-diagnosis-code-25,data/raw/html/variable_page/08c61fe1a384d761dba63278a7a6fa541143d60d.html,,medpar__data-documentation__776a51d77c__chunk_36
medpar,medpar__var__dgns-2-cd,contains,https://resdac.org/cms-data/variables/medpar-diagnosis-code-2,data/raw/html/variable_page/58e03add8aefe5c4dd077bc615c9e55b1d788581.html,,medpar__data-documentation__776a51d77c__chunk_32
medpar,medpar__var__dgns-3-cd,contains,https://resdac.org/cms-data/variables/medpar-diagnosis-code-3,data/raw/html/variable_page/e198ba2f731c04b94fdb2e2381b64b79c6219f62.html,,medpar__data-documentation__776a51d77c__chunk_32
medpar,medpar__var__dgns-4-cd,contains,https://resdac.org/cms-data/variables/medpar-diagnosis-code-4,data/raw/html/variable_page/988823fab356ccf8352795736e1fb9c79eaec62d.html,,medpar__data-documentation__776a51d77c__chunk_32
medpar,medpar__var__dgns-5-cd,contains,https://resdac.org/cms-data/variables/medpar-diagnosis-code-5,data/raw/html/variable_page/38e83605624f7c3ce8300a88f68a2f53a9b28256.html,,medpar__data-documentation__776a51d77c__chunk_33
medpar,medpar__var__dgns-6-cd,contains,https://resdac.org/cms-data/variables/medpar-diagnosis-code-6,data/raw/html/variable_page/4735d8bf5376be23907da4a294e6bdc01d585f08.html,,medpar__data-documentation__776a51d77c__chunk_33
medpar,medpar__var__dgns-7-cd,contains,https://resdac.org/cms-data/variables/medpar-diagnosis-code-7,data/raw/html/variable_page/de5e72cae5f04127d55d60dd8dfd157839c10f17.html,,medpar__data-documentation__776a51d77c__chunk_33
medpar,medpar__var__dgns-8-cd,contains,https://resdac.org/cms-data/variables/medpar-diagnosis-code-8,data/raw/html/variable_page/e29da73d231e89edf4cfbbfcb7373f2440bfe785.html,,medpar__data-documentation__776a51d77c__chunk_33
medpar,medpar__var__dgns-9-cd,contains,https://resdac.org/cms-data/variables/medpar-diagnosis-code-9,data/raw/html/variable_page/dafa019ee51840787333d6c5b1099b3c527463f9.html,,medpar__data-documentation__776a51d77c__chunk_33
medpar,medpar__var__dgns-cd-cnt,contains,https://resdac.org/cms-data/variables/count-diagnosis-codes,data/raw/html/variable_page/66cccaf2f61aa5c0fd84cf34059367b45166ae71.html,,medpar__data-documentation__776a51d77c__chunk_26
medpar,medpar__var__dgns-e-10-cd,contains,https://resdac.org/cms-data/variables/diagnosis-e-code-10,data/raw/html/variable_page/92ff552debb06cab0b0c6f055f086449be7bdb3a.html,,medpar__data-documentation__776a51d77c__chunk_45
medpar,medpar__var__dgns-e-11-cd,contains,https://resdac.org/cms-data/variables/diagnosis-e-code-11,data/raw/html/variable_page/ddc8db9bff3d6ed10bc9a3568fb0689c7de730fc.html,,medpar__data-documentation__776a51d77c__chunk_45
medpar,medpar__var__dgns-e-12-cd,contains,https://resdac.org/cms-data/variables/diagnosis-e-code-12,data/raw/html/variable_page/b321e449a292973c42a5346bc0968472b2c9e902.html,,medpar__data-documentation__776a51d77c__chunk_45
medpar,medpar__var__dgns-e-1-cd,contains,https://resdac.org/cms-data/variables/diagnosis-e-code-present-admission-indicator-9,data/raw/html/variable_page/5e538dcbcde2a6c5fb8b27c9f5982a8061fd71cf.html,,medpar__data-documentation__776a51d77c__chunk_44
medpar,medpar__var__dgns-e-2-cd,contains,https://resdac.org/cms-data/variables/diagnosis-e-code-2,data/raw/html/variable_page/013f37b58758e3bfe866e96cec0ee1d8c85bef65.html,,medpar__data-documentation__776a51d77c__chunk_44
medpar,medpar__var__dgns-e-3-cd,contains,https://resdac.org/cms-data/variables/diagnosis-e-code-3,data/raw/html/variable_page/862d267c98a0574c39eecc08802c9d73869b8fc5.html,,medpar__data-documentation__776a51d77c__chunk_44
medpar,medpar__var__dgns-e-4-cd,contains,https://resdac.org/cms-data/variables/diagnosis-e-code-4,data/raw/html/variable_page/b6a03056112417f34c05e0d36fef1e3a77c36529.html,,medpar__data-documentation__776a51d77c__chunk_44
medpar,medpar__var__dgns-e-5-cd,contains,https://resdac.org/cms-data/variables/diagnosis-e-code-5,data/raw/html/variable_page/2779087e952ede8dfa02b3f953a9f9be54ae72f3.html,,medpar__data-documentation__776a51d77c__chunk_44
medpar,medpar__var__dgns-e-6-cd,contains,https://resdac.org/cms-data/variables/diagnosis-e-code-6,data/raw/html/variable_page/8a66cc13f65a1faf88a187480f91fec2f3a8b027.html,,medpar__data-documentation__776a51d77c__chunk_44
medpar,medpar__var__dgns-e-7-cd,contains,https://resdac.org/cms-data/variables/diagnosis-e-code-7,data/raw/html/variable_page/70842b91e888dfad1f77fd912f5409a365f1a21c.html,,medpar__data-documentation__776a51d77c__chunk_44
medpar,medpar__var__dgns-e-8-cd,contains,https://resdac.org/cms-data/variables/diagnosis-e-code-8,data/raw/html/variable_page/bfe0503ff36236f59d3aa4c3d77c8da558663ad3.html,,medpar__data-documentation__776a51d77c__chunk_44
medpar,medpar__var__dgns-e-9-cd,contains,https://resdac.org/cms-data/variables/diagnosis-e-code-9,data/raw/html/variable_page/370a4f41b4c5f9ba0e062774a266061b143eb21c.html,,medpar__data-documentation__776a51d77c__chunk_45
medpar,medpar__var__dgns-e-cd-cnt,contains,https://resdac.org/cms-data/variables/count-diagnosis-e-codes,data/raw/html/variable_page/251f7f34fd4716a5c7ff9a8146bcb17e6530baa5.html,,medpar__data-documentation__776a51d77c__chunk_42
medpar,medpar__var__dgns-e-vrsn-cd,contains,https://resdac.org/cms-data/variables/diagnosis-e-version-code-earlier-version,data/raw/html/variable_page/f0b03012bb0dcfceb61cf4ce3bf9b41cad105153.html,,medpar__data-documentation__776a51d77c__chunk_42
medpar,medpar__var__dgns-e-vrsn-cd-1,contains,https://resdac.org/cms-data/variables/diagnosis-e-version-code-1,data/raw/html/variable_page/247dcb2af05b14c88560023f5c4716c5747766ed.html,,medpar__data-documentation__776a51d77c__chunk_42
medpar,medpar__var__dgns-e-vrsn-cd-10,contains,https://resdac.org/cms-data/variables/diagnosis-e-version-code-10,data/raw/html/variable_page/ff90030c12b354e012d818a144bbb84a6a281f9e.html,,medpar__data-documentation__776a51d77c__chunk_43
medpar,medpar__var__dgns-e-vrsn-cd-11,contains,https://resdac.org/cms-data/variables/diagnosis-e-version-code-11,data/raw/html/variable_page/fff7c0d103ad0ec7a09358fb4b48832aff844f5c.html,,medpar__data-documentation__776a51d77c__chunk_43
medpar,medpar__var__dgns-e-vrsn-cd-12,contains,https://resdac.org/cms-data/variables/diagnosis-e-version-code-12,data/raw/html/variable_page/0237facc0109c94d27bdf0a065140ceaf1b8280a.html,,medpar__data-documentation__776a51d77c__chunk_44
medpar,medpar__var__dgns-e-vrsn-cd-2,contains,https://resdac.org/cms-data/variables/diagnosis-e-version-code-2,data/raw/html/variable_page/db27334f53561f0074ef36c43083bf3f40e33e43.html,,medpar__data-documentation__776a51d77c__chunk_42
medpar,medpar__var__dgns-e-vrsn-cd-3,contains,https://resdac.org/cms-data/variables/diagnosis-e-version-code-3,data/raw/html/variable_page/47204d896331fd1af3d25ac2fa40e178c3262119.html,,medpar__data-documentation__776a51d77c__chunk_42
medpar,medpar__var__dgns-e-vrsn-cd-4,contains,https://resdac.org/cms-data/variables/diagnosis-e-version-code-4,data/raw/html/variable_page/e1748f1b3a97e63316581aa9808e32d40ebe586d.html,,medpar__data-documentation__776a51d77c__chunk_42
medpar,medpar__var__dgns-e-vrsn-cd-5,contains,https://resdac.org/cms-data/variables/diagnosis-e-version-code-5,data/raw/html/variable_page/9aedbf44130655676d50438ec6448e42b5aed3fc.html,,medpar__data-documentation__776a51d77c__chunk_42
medpar,medpar__var__dgns-e-vrsn-cd-6,contains,https://resdac.org/cms-data/variables/diagnosis-e-version-code-6,data/raw/html/variable_page/7eb5b79445bdbaedaa52973c44c41113a0956fab.html,,medpar__data-documentation__776a51d77c__chunk_43
medpar,medpar__var__dgns-e-vrsn-cd-7,contains,https://resdac.org/cms-data/variables/diagnosis-e-version-code-7,data/raw/html/variable_page/cbdcf7e4c1382b98d25d6e7d606bcbf0ecf1e3c1.html,,medpar__data-documentation__776a51d77c__chunk_43
medpar,medpar__var__dgns-e-vrsn-cd-8,contains,https://resdac.org/cms-data/variables/diagnosis-e-version-code-8,data/raw/html/variable_page/c62636c09f751c98c623e1471d7e7d410a22bc26.html,,medpar__data-documentation__776a51d77c__chunk_43
medpar,medpar__var__dgns-e-vrsn-cd-9,contains,https://resdac.org/cms-data/variables/diagnosis-e-version-code-9,data/raw/html/variable_page/e1f9e48a51bf726332fa1376150f1a67bf27eac3.html,,medpar__data-documentation__776a51d77c__chunk_43
medpar,medpar__var__dgns-poa-cd,contains,https://resdac.org/cms-data/variables/diagnosis-code-poa-array,data/raw/html/variable_page/3adf8560fed9eaaaef265d8037b70245d7f14ff9.html,,medpar__data-documentation__776a51d77c__chunk_36
medpar,medpar__var__dgns-vrsn-cd,contains,https://resdac.org/cms-data/variables/medpar-diagnosis-version-code-icd-9-or-icd-10,data/raw/html/variable_page/a254b12704a9bc8d09e1e30283144fcf1b883f0b.html,,medpar__data-documentation__776a51d77c__chunk_27
medpar,medpar__var__dgns-vrsn-cd-1,contains,https://resdac.org/cms-data/variables/medpar-diagnosis-version-code-1-icd-9-or-icd-10,data/raw/html/variable_page/1b0f18dda3898743be52c0ac50436bdfe8ece476.html,,medpar__data-documentation__776a51d77c__chunk_27
medpar,medpar__var__dgns-vrsn-cd-10,contains,https://resdac.org/cms-data/variables/medpar-diagnosis-version-code-10-icd-9-or-icd-10,data/raw/html/variable_page/7c287df9e8317e8116b07d4a542b4bddce09cc08.html,,medpar__data-documentation__776a51d77c__chunk_29
medpar,medpar__var__dgns-vrsn-cd-11,contains,https://resdac.org/cms-data/variables/medpar-diagnosis-version-code-11-icd-9-or-icd-10,data/raw/html/variable_page/1c8b851f8bd462402eeca7e9ca54b58a247a86b7.html,,medpar__data-documentation__776a51d77c__chunk_29
medpar,medpar__var__dgns-vrsn-cd-12,contains,https://resdac.org/cms-data/variables/medpar-diagnosis-version-code-12-icd-9-or-icd-10,data/raw/html/variable_page/fb7be7a57910e84f948038a50037fbbca5fd5f56.html,,medpar__data-documentation__776a51d77c__chunk_29
medpar,medpar__var__dgns-vrsn-cd-13,contains,https://resdac.org/cms-data/variables/medpar-diagnosis-version-code-13-icd-9-or-icd-10,data/raw/html/variable_page/199e828d897159c11bc90216360089d7b9e193a1.html,,medpar__data-documentation__776a51d77c__chunk_29
medpar,medpar__var__dgns-vrsn-cd-14,contains,https://resdac.org/cms-data/variables/medpar-diagnosis-version-code-14-icd-9-or-icd-10,data/raw/html/variable_page/e0e8713acf466f5bca230e99e815f9669f4adb67.html,,medpar__data-documentation__776a51d77c__chunk_30
medpar,medpar__var__dgns-vrsn-cd-15,contains,https://resdac.org/cms-data/variables/medpar-diagnosis-version-code-15-icd-9-or-icd-10,data/raw/html/variable_page/17e7673a9460d4290d510f3eec2555371cd074da.html,,medpar__data-documentation__776a51d77c__chunk_30
medpar,medpar__var__dgns-vrsn-cd-16,contains,https://resdac.org/cms-data/variables/medpar-diagnosis-version-code-16-icd-9-or-icd-10,data/raw/html/variable_page/86253abf76c04382d67426e6e27617f1f3ac91cd.html,,medpar__data-documentation__776a51d77c__chunk_30
medpar,medpar__var__dgns-vrsn-cd-17,contains,https://resdac.org/cms-data/variables/medpar-diagnosis-version-code-17-icd-9-or-icd-10,data/raw/html/variable_page/89be8e920f699cdf6cf258431f6b26cbd3bcf5c8.html,,medpar__data-documentation__776a51d77c__chunk_30
medpar,medpar__var__dgns-vrsn-cd-18,contains,https://resdac.org/cms-data/variables/medpar-diagnosis-version-code-18-icd-9-or-icd-10,data/raw/html/variable_page/c340a5306c1e00f6361eea798a09cd25bd0be0a4.html,,medpar__data-documentation__776a51d77c__chunk_30
medpar,medpar__var__dgns-vrsn-cd-19,contains,https://resdac.org/cms-data/variables/medpar-diagnosis-version-code-19-icd-9-or-icd-10,data/raw/html/variable_page/d1782ac0bd8e61bd3e57432b0b3cb8c760df56eb.html,,medpar__data-documentation__776a51d77c__chunk_31
medpar,medpar__var__dgns-vrsn-cd-2,contains,https://resdac.org/cms-data/variables/medpar-diagnosis-version-code-2-icd-9-or-icd-10,data/raw/html/variable_page/9e5169a08acd0ebc8cc526c0d728d44c4ad08318.html,,medpar__data-documentation__776a51d77c__chunk_27
medpar,medpar__var__dgns-vrsn-cd-20,contains,https://resdac.org/cms-data/variables/medpar-diagnosis-version-code-20-icd-9-or-icd-10,data/raw/html/variable_page/3fd62e10f54167d376be848889a53dd677d51c7d.html,,medpar__data-documentation__776a51d77c__chunk_31
medpar,medpar__var__dgns-vrsn-cd-21,contains,https://resdac.org/cms-data/variables/medpar-diagnosis-version-code-21-icd-9-or-icd-10,data/raw/html/variable_page/c525a07f04e581f310bf7d704dd91469a84099cf.html,,medpar__data-documentation__776a51d77c__chunk_31
medpar,medpar__var__dgns-vrsn-cd-22,contains,https://resdac.org/cms-data/variables/medpar-diagnosis-version-code-22-icd-9-or-icd-10,data/raw/html/variable_page/da953a94e938ec35b16cb498b412354ea51d63c3.html,,medpar__data-documentation__776a51d77c__chunk_31
medpar,medpar__var__dgns-vrsn-cd-23,contains,https://resdac.org/cms-data/variables/medpar-diagnosis-version-code-23-icd-9-or-icd-10,data/raw/html/variable_page/e66137b371d217c80cbcc8bd422583fc566e1298.html,,medpar__data-documentation__776a51d77c__chunk_31
medpar,medpar__var__dgns-vrsn-cd-24,contains,https://resdac.org/cms-data/variables/medpar-diagnosis-version-code-24-icd-9-or-icd-10,data/raw/html/variable_page/6ac8e90a3636accc65042618dd8f3a3e4deff073.html,,medpar__data-documentation__776a51d77c__chunk_32
medpar,medpar__var__dgns-vrsn-cd-25,contains,https://resdac.org/cms-data/variables/medpar-diagnosis-version-code-25-icd-9-or-icd-10,data/raw/html/variable_page/93b3424a36a7bc6d9a64b801b47c9b3a1abd228e.html,,medpar__data-documentation__776a51d77c__chunk_32
medpar,medpar__var__dgns-vrsn-cd-3,contains,https://resdac.org/cms-data/variables/medpar-diagnosis-version-code-3-icd-9-or-icd-10,data/raw/html/variable_page/2d72646b2d60fb4413310811effcf4b2cb4ad990.html,,medpar__data-documentation__776a51d77c__chunk_27
medpar,medpar__var__dgns-vrsn-cd-4,contains,https://resdac.org/cms-data/variables/medpar-diagnosis-version-code-4-icd-9-or-icd-10,data/raw/html/variable_page/a595050ebf2c77c65edd7ee1b18eaa7e46294f87.html,,medpar__data-documentation__776a51d77c__chunk_27
medpar,medpar__var__dgns-vrsn-cd-5,contains,https://resdac.org/cms-data/variables/medpar-diagnosis-version-code-5-icd-9-or-icd-10,data/raw/html/variable_page/00390775656cb74eed643e1d325abb4419dace86.html,,medpar__data-documentation__776a51d77c__chunk_28
medpar,medpar__var__dgns-vrsn-cd-6,contains,https://resdac.org/cms-data/variables/medpar-diagnosis-version-code-6-icd-9-or-icd-10,data/raw/html/variable_page/a65298cde87d9e25f3c2ca8306abe84141848a82.html,,medpar__data-documentation__776a51d77c__chunk_28
medpar,medpar__var__dgns-vrsn-cd-7,contains,https://resdac.org/cms-data/variables/medpar-diagnosis-version-code-7-icd-9-or-icd-10,data/raw/html/variable_page/bbfc5ceca86806c8c05617388d00cac602ddac0f.html,,medpar__data-documentation__776a51d77c__chunk_28
medpar,medpar__var__dgns-vrsn-cd-8,contains,https://resdac.org/cms-data/variables/medpar-diagnosis-version-code-8-icd-9-or-icd-10,data/raw/html/variable_page/c06fbe119d7aeb5792d6ce620d9d367e426ab8a3.html,,medpar__data-documentation__776a51d77c__chunk_28
medpar,medpar__var__dgns-vrsn-cd-9,contains,https://resdac.org/cms-data/variables/medpar-diagnosis-version-code-9-icd-9-or-icd-10,data/raw/html/variable_page/a8ffcea90eff3484808ebd6d2dee071d04360106.html,,medpar__data-documentation__776a51d77c__chunk_28
medpar,medpar__var__dme-chrg-amt,contains,https://resdac.org/cms-data/variables/durable-medical-equipment-dme-charge-amount,data/raw/html/variable_page/0cb620d3ca948d03a154488694d9f2d26246a077.html,,medpar__data-documentation__776a51d77c__chunk_16
medpar,medpar__var__dprtmntl-tot-chrg-amt,contains,https://resdac.org/cms-data/variables/total-charge-all-ancillary-departments-related-beneficiarys-stay,data/raw/html/variable_page/da218fc8bfbab1c00d06171d54a896d083bc3a5f.html,,medpar__data-documentation__776a51d77c__chunk_13
medpar,medpar__var__drg-cd,contains,https://resdac.org/cms-data/variables/diagnosis-related-group-code-or-ms-drg-code,data/raw/html/variable_page/18337ba75f69b89aa07fdc95769a9c7eaf9e777f.html,,medpar__data-documentation__776a51d77c__chunk_10
medpar,medpar__var__drg-grpr-vrsn-cd,contains,https://resdac.org/cms-data/variables/medicare-severity-diagnosis-related-group-ms-drg-grouper-version,data/raw/html/variable_page/fc61a4612419ac26abe5fb1bacae0a81ab8a6a5f.html,,medpar__data-documentation__776a51d77c__chunk_11
medpar,medpar__var__drg-outlier-pmt-amt,contains,https://resdac.org/cms-data/variables/drg-outlier-approved-payment-amount,data/raw/html/variable_page/7933f6ccce00889559ca495e0ae1ad25e4725697.html,,medpar__data-documentation__776a51d77c__chunk_11
medpar,medpar__var__drg-outlier-stay-cd,contains,https://resdac.org/cms-data/variables/drg-cost-or-day-outlier-code,data/raw/html/variable_page/2f03a418217412bec8a9750d854f60dc94ba8603.html,,medpar__data-documentation__776a51d77c__chunk_11
medpar,medpar__var__drg-price-amt,contains,https://resdac.org/cms-data/variables/drg-price-amount,data/raw/html/variable_page/c64919a266a4c51004d089b8bcbcf05fe85c7ead.html,,medpar__data-documentation__776a51d77c__chunk_11
medpar,medpar__var__dschrg-dstntn-cd,contains,https://resdac.org/cms-data/variables/destination-upon-discharge-facility-code,data/raw/html/variable_page/5b580410099730787dd930337efc5a1db4e9aa9e.html,,medpar__data-documentation__776a51d77c__chunk_6
medpar,medpar__var__dschrg-dt,contains,https://resdac.org/cms-data/variables/date-beneficiary-was-discharged-or-died,data/raw/html/variable_page/7b697db74130b6ada4446df4c6e51d2ad6238eda.html,,medpar__data-documentation__776a51d77c__chunk_6
medpar,medpar__var__ehr-pymt-adjstmt-amt,contains,https://resdac.org/cms-data/variables/electronic-health-record-ehr-payment-adjustment-amount,data/raw/html/variable_page/9e4f878cbee59587c45fbd13823e781337d99d52.html,,medpar__data-documentation__776a51d77c__chunk_66
medpar,medpar__var__emer-use-sw,contains,https://resdac.org/cms-data/variables/emergency-use-switch,data/raw/html/variable_page/82cec49d89496137bdad2a9452de4fa50d7c5461.html,,medpar__data-documentation__776a51d77c__chunk_26
medpar,medpar__var__eqtbl-bic-cd,contains,https://resdac.org/cms-data/variables/equated-bic,data/raw/html/variable_page/d33efefe3ed9aca79b8063cbde6c4467b5b3b972.html,,medpar__data-documentation__776a51d77c__chunk_0
medpar,medpar__var__er-chrg-amt,contains,https://resdac.org/cms-data/variables/emergency-room-er-charge-amount,data/raw/html/variable_page/881bbbb21580584772eb20ce29559b69858fad60.html,,medpar__data-documentation__776a51d77c__chunk_19
medpar,medpar__var__esrd-cond-cd,contains,https://resdac.org/cms-data/variables/end-stage-renal-disease-esrd-condition-indicator-code,data/raw/html/variable_page/3fff7b01fe9bc66083e001abb0104debe41233b4.html,,medpar__data-documentation__776a51d77c__chunk_23
medpar,medpar__var__esrd-rev-setg-chrg-amt,contains,https://resdac.org/cms-data/variables/end-stage-renal-disease-esrd-charge-amount,data/raw/html/variable_page/407ed1e3538504a05ae33672d48491e99ef8caa2.html,,medpar__data-documentation__776a51d77c__chunk_20
medpar,medpar__var__esrd-setg-ind-1-cd,contains,https://resdac.org/cms-data/variables/dialysis-service-type-code-1,data/raw/html/variable_page/71371eee918a722d1c95964e5723854d31439dbe.html,,medpar__data-documentation__776a51d77c__chunk_23
medpar,medpar__var__esrd-setg-ind-2-cd,contains,https://resdac.org/cms-data/variables/dialysis-service-type-code-2,data/raw/html/variable_page/0366c151730124aab21a4c82e1e07f395c891b8b.html,,medpar__data-documentation__776a51d77c__chunk_23
medpar,medpar__var__esrd-setg-ind-3-cd,contains,https://resdac.org/cms-data/variables/dialysis-service-type-code-3,data/raw/html/variable_page/4be813a2500af371328d719da84bf232146add09.html,,medpar__data-documentation__776a51d77c__chunk_23
medpar,medpar__var__esrd-setg-ind-4-cd,contains,https://resdac.org/cms-data/variables/dialysis-service-type-code-4,data/raw/html/variable_page/8956d48b545d3122c9d69a0b0c7488a7d5a93c30.html,,medpar__data-documentation__776a51d77c__chunk_23
medpar,medpar__var__esrd-setg-ind-5-cd,contains,https://resdac.org/cms-data/variables/dialysis-service-type-code-5,data/raw/html/variable_page/67e6e054e9743a7fc5eb25be3a876f7ff1a2988b.html,,medpar__data-documentation__776a51d77c__chunk_24
medpar,medpar__var__expndd-acs-sw,contains,https://resdac.org/cms-data/variables/expanded-access-switch,data/raw/html/variable_page/67a32d32f780818837c83bedac55bbebfa1c6954.html,,medpar__data-documentation__776a51d77c__chunk_26
medpar,medpar__var__ficarr-ident-num,contains,https://resdac.org/cms-data/variables/fiscal-intermediary-fi-id-number,data/raw/html/variable_page/6a8d533bbe94531b8deb3f1d0c443cd40182518f.html,,medpar__data-documentation__776a51d77c__chunk_2
medpar,medpar__var__finl-std-amt,contains,https://resdac.org/cms-data/files/medpar/data-documentation,data/raw/html/documentation_page/776a51d77c856d4766b5eb9e5457d692139041ce.html,,medpar__data-documentation__776a51d77c__chunk_66
medpar,medpar__var__gene-thrpy-drugs-tot-amt,contains,https://resdac.org/cms-data/variables/gene-therapy-drugs-total-charge-amount,data/raw/html/variable_page/7ce3a90a4bf90802abc9279e7bb2df6d713ce7b6.html,,medpar__data-documentation__776a51d77c__chunk_79
medpar,medpar__var__gho-pd-cd,contains,https://resdac.org/cms-data/variables/code-indicating-whether-group-health-organization-gho-has-paid-provider-claims,data/raw/html/variable_page/1aeca1346bd360c48d9f1ee767bd9881f59d8c21.html,,medpar__data-documentation__776a51d77c__chunk_2
medpar,medpar__var__hac-pgm-rdctn-ind-sw,contains,https://resdac.org/cms-data/variables/hospital-acquired-conditions-hac-program-reduction-indicator,data/raw/html/variable_page/f2a55a8c17490aebf079593da09913eb3c1c7959.html,,medpar__data-documentation__776a51d77c__chunk_68
medpar,medpar__var__hac-rdctn-pmt-amt,contains,https://resdac.org/cms-data/variables/hospital-acquired-conditions-hac-reduction-payment-amount,data/raw/html/variable_page/11ce936d6c1d5d37da3d5641534e5a278c06c799.html,,medpar__data-documentation__776a51d77c__chunk_67
medpar,medpar__var__hosp-at-home-chrg-amt,contains,https://resdac.org/cms-data/variables/hospital-home-room-and-board-rb-charge-amount,data/raw/html/variable_page/2bb755bd3f8f193026de3be50b97d25b70b1bd2e.html,,medpar__data-documentation__776a51d77c__chunk_20
medpar,medpar__var__hosp-at-home-from-dt,contains,https://resdac.org/cms-data/variables/hospital-home-care-date,data/raw/html/variable_page/e08db7e6ac01c425757dfce5fa49254a41fe0b3a.html,,medpar__data-documentation__776a51d77c__chunk_20
medpar,medpar__var__hosp-at-home-thru-dt,contains,https://resdac.org/cms-data/variables/hospital-home-care-through-date,data/raw/html/variable_page/97aa9039ba1746dcb2bdf90409aa708c8a01b93d.html,,medpar__data-documentation__776a51d77c__chunk_20
medpar,medpar__var__hrr-adjstmt-amt,contains,https://resdac.org/cms-data/variables/hospital-readmission-reduction-hrr-adjustment-amount,data/raw/html/variable_page/d89ee2bc32157c6349b86b766dc88c772acab787.html,,medpar__data-documentation__776a51d77c__chunk_66
medpar,medpar__var__hrr-adjstmt-pct,contains,https://resdac.org/cms-data/variables/hospital-readmission-reduction-hrr-adjustment-percent,data/raw/html/variable_page/6b4dfc0f6573505fcf80ce8200b67a089465fda0.html,,medpar__data-documentation__776a51d77c__chunk_63
medpar,medpar__var__hrr-prtcpnt-ind-cd,contains,https://resdac.org/cms-data/variables/hospital-readmission-reduction-hrr-participant-indicator-code,data/raw/html/variable_page/40a29d5f0770642725e951d25270977f8d9ae760.html,,medpar__data-documentation__776a51d77c__chunk_63
medpar,medpar__var__icu-ind-cd,contains,https://resdac.org/cms-data/variables/intensive-care-unit-icu-indicator-code,data/raw/html/variable_page/362d455ebd27fc85c9a388a9616f469deb94d6b3.html,,medpar__data-documentation__776a51d77c__chunk_21
medpar,medpar__var__ime-amt,contains,https://resdac.org/cms-data/variables/indirect-medical-education-ime-amount,data/raw/html/variable_page/af794c4a027047305a8665a1b4d37a786f568bff.html,,medpar__data-documentation__776a51d77c__chunk_12
medpar,medpar__var__incdnt-dgnstc-srvcs-amt,contains,https://resdac.org/cms-data/variables/medicalsurgical-supplies-incident-diagnostic-services-amount,data/raw/html/variable_page/8b5d524bc22fb4506cf907251e5e262423262dfc.html,,medpar__data-documentation__776a51d77c__chunk_76
medpar,medpar__var__incdnt-rdlgy-amt,contains,https://resdac.org/cms-data/variables/medicalsurgical-supplies-incident-radiology-amount,data/raw/html/variable_page/93eb45477c3530da3dd61aaf879ce76e99cc27ed.html,,medpar__data-documentation__776a51d77c__chunk_75
medpar,medpar__var__infrmtl-enctr-ind-sw,contains,https://resdac.org/cms-data/variables/informational-encounter-indicator,data/raw/html/variable_page/eec2510998b6956c48ffc7d4608402b188390814.html,,medpar__data-documentation__776a51d77c__chunk_63
medpar,medpar__var__inhltn-thrpy-chrg-amt,contains,https://resdac.org/cms-data/variables/inhalation-therapy-charge-amount,data/raw/html/variable_page/2f7fa750362354e1555af3d1917f29c6bf5867cb.html,,medpar__data-documentation__776a51d77c__chunk_17
medpar,medpar__var__intnsv-care-chrg-amt,contains,https://resdac.org/cms-data/variables/intensive-care-charge-amount,data/raw/html/variable_page/b0a8cd20c8edbd723169ab4613b81588d3b04393.html,,medpar__data-documentation__776a51d77c__chunk_15
medpar,medpar__var__intnsv-care-day-cnt,contains,https://resdac.org/cms-data/variables/intensive-care-day-count,data/raw/html/variable_page/d0bf853685fe9ab8a408beafbe0f2bde024428f8.html,,medpar__data-documentation__776a51d77c__chunk_14
medpar,medpar__var__intraocular-lens-amt,contains,https://resdac.org/cms-data/variables/medicalsurgical-supplies-intraocular-lens-amount,data/raw/html/variable_page/e464be190b392b0b33c3a429082a5284c8cf4f36.html,,medpar__data-documentation__776a51d77c__chunk_75
medpar,medpar__var__intrnl-use-fil-dt-cd,contains,https://resdac.org/cms-data/variables/internal-use-only-fiscal-yearcalendar-year-segments,data/raw/html/variable_page/a99effc464db59d77ec7815bd4cd00f234f9e759.html,,medpar__data-documentation__776a51d77c__chunk_8
medpar,medpar__var__intrnl-use-ipsb-cd,contains,https://resdac.org/cms-data/variables/internal-use-only-ipsb-code,data/raw/html/variable_page/9ba421f91af0aa98866eaa3cdfec505bca65bfff.html,,medpar__data-documentation__776a51d77c__chunk_8
medpar,medpar__var__intrnl-use-smpl-size-cd,contains,https://resdac.org/cms-data/variables/internal-use-medpar-sample-size,data/raw/html/variable_page/733e04d8e1759000ea063972629251f3ecdc87ae.html,,medpar__data-documentation__776a51d77c__chunk_8
medpar,medpar__var__intrnl-use-ssi-data,contains,https://resdac.org/cms-data/variables/medpar-internal-use-ssi-data,data/raw/html/variable_page/06dba42734dd80c02a92df1a1fa19f4e4152ee93.html,,medpar__data-documentation__776a51d77c__chunk_7
medpar,medpar__var__intrnl-use-ssi-day-cnt,contains,https://resdac.org/cms-data/variables/medpar-internal-use-ssi-day-count,data/raw/html/variable_page/14ea9b7b654757af12790ba62a632dd72bf3a5fa.html,,medpar__data-documentation__776a51d77c__chunk_7
medpar,medpar__var__intrnl-use-ssi-ind-cd,contains,https://resdac.org/cms-data/variables/medpar-internal-use-ssi-indicator-code,data/raw/html/variable_page/795337410db25a63b70523357ad5e6563b1bfe6d.html,,medpar__data-documentation__776a51d77c__chunk_7
medpar,medpar__var__invstgtnl-dvc-amt,contains,https://resdac.org/cms-data/variables/medicalsurgical-supplies-investigational-device-amount,data/raw/html/variable_page/b34b87c3277ce6e471706c2f91eec376e7f35dec.html,,medpar__data-documentation__776a51d77c__chunk_76
medpar,medpar__var__ipps-flex-pymt-6-amt,contains,https://resdac.org/cms-data/variables/flexible-payment-amount-6th-renamed-hospital-acquired-conditions-hac-reduction,data/raw/html/variable_page/4f7ec2bc24f4f7dbe994238672c1d9077205c666.html,,medpar__data-documentation__776a51d77c__chunk_67
medpar,medpar__var__ipps-flex-pymt-7-amt,contains,https://resdac.org/cms-data/variables/flexible-payment-amount-7th-placeholder,data/raw/html/variable_page/90911b91fc29201596cf144f68a8fd1a074edd46.html,,medpar__data-documentation__776a51d77c__chunk_67
medpar,medpar__var__ip-admsn-type-cd,contains,https://resdac.org/cms-data/variables/inpatient-admission-type-code,data/raw/html/variable_page/2c30d571f5481ffbaa7e9742c7071a4826fc89f3.html,,medpar__data-documentation__776a51d77c__chunk_5
medpar,medpar__var__ip-dsprprtnt-shr-amt,contains,https://resdac.org/cms-data/variables/inpatient-disproportionate-share-dsh-amount,data/raw/html/variable_page/524c7632ac328ae303a5740f3115ae8aef43fb56.html,,medpar__data-documentation__776a51d77c__chunk_12
medpar,medpar__var__ip-low-vol-pymt-amt,contains,https://resdac.org/cms-data/variables/inpatient-low-volume-payment-amount,data/raw/html/variable_page/9d4348094447f0b32eafb806e2c59d1c56f3c3af.html,,medpar__data-documentation__776a51d77c__chunk_12
medpar,medpar__var__islet-add-on-pymt-amt,contains,https://resdac.org/cms-data/variables/islet-add-payment-amount,data/raw/html/variable_page/e39b6b7ca852fb8979fd428a0802982f263280bb.html,,medpar__data-documentation__776a51d77c__chunk_73
medpar,medpar__var__lab-chrg-amt,contains,https://resdac.org/cms-data/variables/laboratory-charge-amount,data/raw/html/variable_page/ef75982a05448e30b5b3169a5814c904de09d589.html,,medpar__data-documentation__776a51d77c__chunk_18
medpar,medpar__var__los-day-cnt,contains,https://resdac.org/cms-data/variables/days-beneficiarys-stay-hospitalsnf,data/raw/html/variable_page/ba55973da69144f5bc032e33b939d392426b25e2.html,,medpar__data-documentation__776a51d77c__chunk_8
medpar,medpar__var__ltch-dpp-adjstmt-amt,contains,https://resdac.org/cms-data/files/medpar/data-documentation,data/raw/html/documentation_page/776a51d77c856d4766b5eb9e5457d692139041ce.html,,medpar__data-documentation__776a51d77c__chunk_72
medpar,medpar__var__lthtrpsy-chrg-amt,contains,https://resdac.org/cms-data/variables/lithotripsy-charge-amount,data/raw/html/variable_page/8b670566ca64dd57ee271ae37d165d877e048b49.html,,medpar__data-documentation__776a51d77c__chunk_18
medpar,medpar__var__ltst-clm-acrtn-dt,contains,https://resdac.org/cms-data/variables/latest-claim-accretion-date,data/raw/html/variable_page/0ba3fa21cbc5eab0b1ba6c4b326151427e4f835a.html,,medpar__data-documentation__776a51d77c__chunk_4
medpar,medpar__var__ma-tchng-ind-sw,contains,https://resdac.org/cms-data/variables/ma-teaching-indicator,data/raw/html/variable_page/8c98921a1087ef5feaf9fbf4ec68f05f49690d79.html,,medpar__data-documentation__776a51d77c__chunk_64
medpar,medpar__var__mdcl-srgcl-drsng-amt,contains,https://resdac.org/cms-data/variables/medicalsurgical-dressing-amount,data/raw/html/variable_page/da229d126f43399cd8fab8569e2f49e78baff3d6.html,,medpar__data-documentation__776a51d77c__chunk_76
medpar,medpar__var__mdcl-srgcl-gnrl-amt,contains,https://resdac.org/cms-data/variables/medicalsurgical-general-amount,data/raw/html/variable_page/41bf8a48dc2aefeda7b9f3aba78613c8afc81f77.html,,medpar__data-documentation__776a51d77c__chunk_73
medpar,medpar__var__mdcl-srgcl-misc-amt,contains,https://resdac.org/cms-data/variables/medical-surgical-miscellaneous-amount,data/raw/html/variable_page/a8d5234a66d3f5d3814458b0d74335c99e618540.html,,medpar__data-documentation__776a51d77c__chunk_76
medpar,medpar__var__mdcl-srgcl-nstrl-amt,contains,https://resdac.org/cms-data/variables/medicalsurgical-non-sterile-supplies-amount,data/raw/html/variable_page/5aad224a337454c0ea22146ae74c7ee6a7864386.html,,medpar__data-documentation__776a51d77c__chunk_74
medpar,medpar__var__mdcl-srgcl-pcmkr-amt,contains,https://resdac.org/cms-data/variables/medicalsurgical-pacemaker-amount,data/raw/html/variable_page/8a49270fd8ff702a4233ba991bd9d352d14fe1be.html,,medpar__data-documentation__776a51d77c__chunk_74
medpar,medpar__var__mdcl-srgcl-strl-amt,contains,https://resdac.org/cms-data/variables/medicalsurgical-sterile-supplies-amount,data/raw/html/variable_page/fc09c2f4080c31f767b716ca4bd9f716b03119ae.html,,medpar__data-documentation__776a51d77c__chunk_74
medpar,medpar__var__mdcl-suply-chrg-amt,contains,https://resdac.org/cms-data/variables/medicalsurgical-supplies-charge-amount,data/raw/html/variable_page/a4a5b4853f24d6685be15c1fa490f4564887b3c0.html,,medpar__data-documentation__776a51d77c__chunk_16
medpar,medpar__var__mdcr-pmt-amt,contains,https://resdac.org/cms-data/variables/total-medicare-payment-amount,data/raw/html/variable_page/afcd12aef91c9d0e262465ddb140ef8973a2f861.html,,medpar__data-documentation__776a51d77c__chunk_13
medpar,medpar__var__medpar-id,contains,https://resdac.org/cms-data/variables/medpar-id-number,data/raw/html/variable_page/ae8cb0e610a8da29fe6196aad3e6204bb54a2ad0.html,,medpar__data-documentation__776a51d77c__chunk_0
medpar,medpar__var__medpar-yr-num,contains,https://resdac.org/cms-data/variables/year-medpar-record,data/raw/html/variable_page/39c4d7b8124ed77a5ca80ce1ef5e4084c3e87bf8.html,,medpar__data-documentation__776a51d77c__chunk_0
medpar,medpar__var__mri-chrg-amt,contains,https://resdac.org/cms-data/variables/magnetic-resonance-imaging-mri-charge-amount,data/raw/html/variable_page/49f18f030575d5b54c527aa8f6ff5cb212311b75.html,,medpar__data-documentation__776a51d77c__chunk_18
medpar,medpar__var__nch-clm-type-cd,contains,https://resdac.org/cms-data/variables/medpar-nch-claim-type-code,data/raw/html/variable_page/148fff35563144c2382d94c08b63c32a2a41b140.html,,medpar__data-documentation__776a51d77c__chunk_0
medpar,medpar__var__new-tchnlgy-add-on-amt,contains,https://resdac.org/cms-data/variables/new-technology-add-amount,data/raw/html/variable_page/4e06fc175f2bb0620f5101b15162c587b3539888.html,,medpar__data-documentation__776a51d77c__chunk_64
medpar,medpar__var__no-pstv-test-sw,contains,https://resdac.org/cms-data/variables/no-positive-test-switch,data/raw/html/variable_page/24e8ec6465d890105ca03d7bcd1140ee74d79cba.html,,medpar__data-documentation__776a51d77c__chunk_25
medpar,medpar__var__obsrvtn-sw,contains,https://resdac.org/cms-data/variables/observation-unit-indicator,data/raw/html/variable_page/2339f4df759dad32cc01be0d478ff81a4e7d60de.html,,medpar__data-documentation__776a51d77c__chunk_64
medpar,medpar__var__ocptnl-thrpy-chrg-amt,contains,https://resdac.org/cms-data/variables/occupational-therapy-charge-amount,data/raw/html/variable_page/21b0ef4e1087a64d340f0aceeec6269d29573408.html,,medpar__data-documentation__776a51d77c__chunk_16
medpar,medpar__var__oprtg-hsp-amt,contains,https://resdac.org/cms-data/variables/operating-hospital-amount,data/raw/html/variable_page/a3850f6ce16f0a48e702d81d2b8883b6d8c342ec.html,,medpar__data-documentation__776a51d77c__chunk_65
medpar,medpar__var__oprtg-room-amt,contains,https://resdac.org/cms-data/variables/operating-and-recovery-room-amount,data/raw/html/variable_page/aa60d61eae07c0b150ca1a911a290a700ad3153a.html,,medpar__data-documentation__776a51d77c__chunk_78
medpar,medpar__var__oprtg-room-chrg-amt,contains,https://resdac.org/cms-data/variables/operating-room-charge-amount,data/raw/html/variable_page/92747c55815cbef6fa51d7b1e7b62e0ff72d1b2a.html,,medpar__data-documentation__776a51d77c__chunk_17
medpar,medpar__var__op-srvc-chrg-amt,contains,https://resdac.org/cms-data/variables/outpatient-service-charge-amount,data/raw/html/variable_page/4d38c285046bd85ec121d2c80a0713b063c6b7e6.html,,medpar__data-documentation__776a51d77c__chunk_19
medpar,medpar__var__op-srvc-ind-cd,contains,https://resdac.org/cms-data/variables/outpatient-servicesambulatory-surgical-care-indicator-code,data/raw/html/variable_page/9f00f76f49a347ef74e1bb50382b08484e7de75f.html,,medpar__data-documentation__776a51d77c__chunk_22
medpar,medpar__var__orgn-acqstn-chrg-amt,contains,https://resdac.org/cms-data/variables/organ-acquisition-or-other-donor-bank-charge-amount,data/raw/html/variable_page/75c7a118b43f6f35100882dfab966ea2a8092afa.html,,medpar__data-documentation__776a51d77c__chunk_19
medpar,medpar__var__orgn-acqstn-ind-cd,contains,https://resdac.org/cms-data/variables/organ-acquisition-type-code,data/raw/html/variable_page/44697f591ae055a9f0561771365fbd2c2bd44aaf.html,,medpar__data-documentation__776a51d77c__chunk_23
medpar,medpar__var__org-npi-num,contains,https://resdac.org/cms-data/variables/organization-npi-number-ffs,data/raw/html/variable_page/0d12718d9fed36bb1335d06a9b15d9ca81304d61.html,,medpar__data-documentation__776a51d77c__chunk_3
medpar,medpar__var__or-labor-dlvry-amt,contains,https://resdac.org/cms-data/variables/labor-room-and-delivery-amount,data/raw/html/variable_page/7eed057237ec1c76ad29842eadce9d7e1b80f692.html,,medpar__data-documentation__776a51d77c__chunk_78
medpar,medpar__var__othr-implants-amt,contains,https://resdac.org/cms-data/variables/medicalsurgical-supplies-other-implants-amount,data/raw/html/variable_page/3c57e0643c3a634a724941999a308288555d6ca2.html,,medpar__data-documentation__776a51d77c__chunk_75
medpar,medpar__var__othr-srvc-chrg-amt,contains,https://resdac.org/cms-data/variables/other-service-charge-amount,data/raw/html/variable_page/ed92bb3f8d528311584312fef24db590dc098497.html,,medpar__data-documentation__776a51d77c__chunk_15
medpar,medpar__var__othr-suplies-dvc-amt,contains,https://resdac.org/cms-data/variables/medicalsurgical-supplies-other-device-amount,data/raw/html/variable_page/daf10c6347aa706cec8de15cde5e836a212847cc.html,,medpar__data-documentation__776a51d77c__chunk_75
medpar,medpar__var__outlier-day-cnt,contains,https://resdac.org/cms-data/variables/days-paid-outliers-either-day-or-cost-under-pps-beyond-drg-threshold,data/raw/html/variable_page/089b45b57c65780828349ec8b0e30708538a1499.html,,medpar__data-documentation__776a51d77c__chunk_9
medpar,medpar__var__oxygn-take-home-amt,contains,https://resdac.org/cms-data/variables/medicalsurgical-supplies-oxygen-take-home-amount,data/raw/html/variable_page/8a2dedd7405d83350a726ed59b12c4d0b4e143c4.html,,medpar__data-documentation__776a51d77c__chunk_75
medpar,medpar__var__pass-thru-amt,contains,https://resdac.org/cms-data/variables/pass-thru-diem-amount-stay,data/raw/html/variable_page/2c71032cce74250c077ff3a8726ee4e4c281389d.html,,medpar__data-documentation__776a51d77c__chunk_12
medpar,medpar__var__pa-ind-cd,contains,https://resdac.org/cms-data/variables/prior-authorization-indicator-code,data/raw/html/variable_page/910f33f0deb959805b2a6a484f68fe1e366ae2b6.html,,medpar__data-documentation__776a51d77c__chunk_68
medpar,medpar__var__pgm-rdctn-ind-sw,contains,https://resdac.org/cms-data/variables/electronic-health-records-ehr-program-reduction-indicator,data/raw/html/variable_page/944d1b003493d29800fe33cda56b94af8edbdec2.html,,medpar__data-documentation__776a51d77c__chunk_68
medpar,medpar__var__phrmcy-chrg-amt,contains,https://resdac.org/cms-data/variables/pharmacy-charge-amount,data/raw/html/variable_page/bccd2a0e1369d7bd804ddef1bb6cdb4488e8cf45.html,,medpar__data-documentation__776a51d77c__chunk_15
medpar,medpar__var__phrmcy-ind-cd,contains,https://resdac.org/cms-data/variables/pharmacy-indicator-code,data/raw/html/variable_page/37419f5cd9a0b41aac74e2ab76d2c848ba4ecaf5.html,,medpar__data-documentation__776a51d77c__chunk_21
medpar,medpar__var__phys-thrpy-chrg-amt,contains,https://resdac.org/cms-data/variables/physical-therapy-charge-amount,data/raw/html/variable_page/3396984511ebb5112e10680658ba052cb71726ba.html,,medpar__data-documentation__776a51d77c__chunk_16
medpar,medpar__var__poa-dgns-10-ind-cd,contains,https://resdac.org/cms-data/variables/medpar-diagnosis-present-admission-indicator-10,data/raw/html/variable_page/bb52468d741266a28b1056a9cdff3a97e24d5d5e.html,,medpar__data-documentation__776a51d77c__chunk_38
medpar,medpar__var__poa-dgns-11-ind-cd,contains,https://resdac.org/cms-data/variables/medpar-diagnosis-present-admission-indicator-11,data/raw/html/variable_page/1cc2615d0d3a121372eb57600231f9ca104779ed.html,,medpar__data-documentation__776a51d77c__chunk_38
medpar,medpar__var__poa-dgns-12-ind-cd,contains,https://resdac.org/cms-data/variables/medpar-diagnosis-present-admission-indicator-12,data/raw/html/variable_page/f4e22733477ae06b497144eb78a8bf2801a04426.html,,medpar__data-documentation__776a51d77c__chunk_39
medpar,medpar__var__poa-dgns-13-ind-cd,contains,https://resdac.org/cms-data/variables/medpar-diagnosis-present-admission-indicator-13,data/raw/html/variable_page/7f693ca89c3aeda0d931fb1c7ff410e52664fb12.html,,medpar__data-documentation__776a51d77c__chunk_39
medpar,medpar__var__poa-dgns-14-ind-cd,contains,https://resdac.org/cms-data/variables/medpar-diagnosis-present-admission-indicator-14,data/raw/html/variable_page/7e12984775a95d392bbedc99dd5f7ae47482f133.html,,medpar__data-documentation__776a51d77c__chunk_39
medpar,medpar__var__poa-dgns-15-ind-cd,contains,https://resdac.org/cms-data/variables/medpar-diagnosis-present-admission-indicator-15,data/raw/html/variable_page/ca64684749ed0042f57df020fb1eeaa1c1f3bc50.html,,medpar__data-documentation__776a51d77c__chunk_39
medpar,medpar__var__poa-dgns-16-ind-cd,contains,https://resdac.org/cms-data/variables/medpar-diagnosis-present-admission-indicator-16,data/raw/html/variable_page/23f44b485e1dde927fdaf2021e80371a89f6a10a.html,,medpar__data-documentation__776a51d77c__chunk_39
medpar,medpar__var__poa-dgns-17-ind-cd,contains,https://resdac.org/cms-data/variables/medpar-diagnosis-present-admission-indicator-17,data/raw/html/variable_page/e0340b29b5d35ee70c9d50c0636a3dfd7a1d417f.html,,medpar__data-documentation__776a51d77c__chunk_40
medpar,medpar__var__poa-dgns-18-ind-cd,contains,https://resdac.org/cms-data/variables/medpar-diagnosis-present-admission-indicator-18,data/raw/html/variable_page/2c46609b36035fdd95ea0459c3ede15f5087cc82.html,,medpar__data-documentation__776a51d77c__chunk_40
medpar,medpar__var__poa-dgns-19-ind-cd,contains,https://resdac.org/cms-data/variables/medpar-diagnosis-present-admission-indicator-19,data/raw/html/variable_page/f6ae2088729ed4c54353e4fbe8ca6a5b1871872b.html,,medpar__data-documentation__776a51d77c__chunk_40
medpar,medpar__var__poa-dgns-1-ind-cd,contains,https://resdac.org/cms-data/variables/diagnosis-1-present-admission-poa-indicator-code,data/raw/html/variable_page/61bb101dfb4979ddac9f3c836210aa9b3e92334d.html,,medpar__data-documentation__776a51d77c__chunk_36
medpar,medpar__var__poa-dgns-20-ind-cd,contains,https://resdac.org/cms-data/variables/medpar-diagnosis-present-admission-indicator-20,data/raw/html/variable_page/13a0f0a0e4067a7e5189b258827ce8dfe1ba6e13.html,,medpar__data-documentation__776a51d77c__chunk_40
medpar,medpar__var__poa-dgns-21-ind-cd,contains,https://resdac.org/cms-data/variables/medpar-diagnosis-present-admission-indicator-21,data/raw/html/variable_page/072e61c2c00083b210272570b8a466c8b2af2ed5.html,,medpar__data-documentation__776a51d77c__chunk_40
medpar,medpar__var__poa-dgns-22-ind-cd,contains,https://resdac.org/cms-data/variables/medpar-diagnosis-present-admission-indicator-22,data/raw/html/variable_page/ee8d053e5d414098640104aaf1bc7afd3899e56d.html,,medpar__data-documentation__776a51d77c__chunk_41
medpar,medpar__var__poa-dgns-23-ind-cd,contains,https://resdac.org/cms-data/variables/medpar-diagnosis-present-admission-indicator-23,data/raw/html/variable_page/e054bf5c056519389d64f35fb6e6c3d9ecc3b901.html,,medpar__data-documentation__776a51d77c__chunk_41
medpar,medpar__var__poa-dgns-24-ind-cd,contains,https://resdac.org/cms-data/variables/medpar-diagnosis-present-admission-indicator-24,data/raw/html/variable_page/2af5e6f8d498b0a4d0f2ccb8e7e618090839c9bf.html,,medpar__data-documentation__776a51d77c__chunk_41
medpar,medpar__var__poa-dgns-25-ind-cd,contains,https://resdac.org/cms-data/variables/medpar-diagnosis-present-admission-indicator-25,data/raw/html/variable_page/2389a23378ee48ff050b62c2ab4ef479c8ae4d5c.html,,medpar__data-documentation__776a51d77c__chunk_41
medpar,medpar__var__poa-dgns-2-ind-cd,contains,https://resdac.org/cms-data/variables/medpar-diagnosis-present-admission-indicator-2,data/raw/html/variable_page/4c0b544553e2449df477b5c992072f466793a75d.html,,medpar__data-documentation__776a51d77c__chunk_36
medpar,medpar__var__poa-dgns-3-ind-cd,contains,https://resdac.org/cms-data/variables/medpar-diagnosis-present-admission-indicator-3,data/raw/html/variable_page/0307ebd08a410a46e923670c83a5302f57c2bffd.html,,medpar__data-documentation__776a51d77c__chunk_37
medpar,medpar__var__poa-dgns-4-ind-cd,contains,https://resdac.org/cms-data/variables/medpar-diagnosis-present-admission-indicator-4,data/raw/html/variable_page/e58df0df41165a27d426cda891b64adb737d1292.html,,medpar__data-documentation__776a51d77c__chunk_37
medpar,medpar__var__poa-dgns-5-ind-cd,contains,https://resdac.org/cms-data/variables/medpar-diagnosis-present-admission-indicator-5,data/raw/html/variable_page/dabe9bbcd7f38fe0b748cf2b1e79337378c380d5.html,,medpar__data-documentation__776a51d77c__chunk_37
medpar,medpar__var__poa-dgns-6-ind-cd,contains,https://resdac.org/cms-data/variables/medpar-diagnosis-present-admission-indicator-6,data/raw/html/variable_page/66c3d3fe6a0fa06e795823c2f729160330f9dafb.html,,medpar__data-documentation__776a51d77c__chunk_37
medpar,medpar__var__poa-dgns-7-ind-cd,contains,https://resdac.org/cms-data/variables/medpar-diagnosis-present-admission-indicator-7,data/raw/html/variable_page/7bf5fe4eb57d5d2bdcb1e92c0191840c4ae91900.html,,medpar__data-documentation__776a51d77c__chunk_37
medpar,medpar__var__poa-dgns-8-ind-cd,contains,https://resdac.org/cms-data/variables/medpar-diagnosis-present-admission-indicator-8,data/raw/html/variable_page/2bb20e7b582050d1a1b479c9e25c9e1631e5aa45.html,,medpar__data-documentation__776a51d77c__chunk_38
medpar,medpar__var__poa-dgns-9-ind-cd,contains,https://resdac.org/cms-data/variables/medpar-diagnosis-present-admission-indicator-9,data/raw/html/variable_page/4cd287f05a5beb3af9907c70d6e95ec5d4b7cc85.html,,medpar__data-documentation__776a51d77c__chunk_38
medpar,medpar__var__poa-dgns-cd-cnt,contains,https://resdac.org/cms-data/variables/count-present-admission-poa-diagnosis-codes,data/raw/html/variable_page/8a37ecd428ec16711e1cecc5ac847125e4d6ff8d.html,,medpar__data-documentation__776a51d77c__chunk_36
medpar,medpar__var__poa-dgns-e-10-ind-cd,contains,https://resdac.org/cms-data/files/medpar/data-documentation,data/raw/html/documentation_page/776a51d77c856d4766b5eb9e5457d692139041ce.html,,medpar__data-documentation__776a51d77c__chunk_47
medpar,medpar__var__poa-dgns-e-11-ind-cd,contains,https://resdac.org/cms-data/files/medpar/data-documentation,data/raw/html/documentation_page/776a51d77c856d4766b5eb9e5457d692139041ce.html,,medpar__data-documentation__776a51d77c__chunk_48
medpar,medpar__var__poa-dgns-e-12-ind-cd,contains,https://resdac.org/cms-data/files/medpar/data-documentation,data/raw/html/documentation_page/776a51d77c856d4766b5eb9e5457d692139041ce.html,,medpar__data-documentation__776a51d77c__chunk_48
medpar,medpar__var__poa-dgns-e-1-ind-cd,contains,https://resdac.org/cms-data/files/medpar/data-documentation,data/raw/html/documentation_page/776a51d77c856d4766b5eb9e5457d692139041ce.html,,medpar__data-documentation__776a51d77c__chunk_45
medpar,medpar__var__poa-dgns-e-2-ind-cd,contains,https://resdac.org/cms-data/files/medpar/data-documentation,data/raw/html/documentation_page/776a51d77c856d4766b5eb9e5457d692139041ce.html,,medpar__data-documentation__776a51d77c__chunk_46
medpar,medpar__var__poa-dgns-e-3-ind-cd,contains,https://resdac.org/cms-data/files/medpar/data-documentation,data/raw/html/documentation_page/776a51d77c856d4766b5eb9e5457d692139041ce.html,,medpar__data-documentation__776a51d77c__chunk_46
medpar,medpar__var__poa-dgns-e-4-ind-cd,contains,https://resdac.org/cms-data/files/medpar/data-documentation,data/raw/html/documentation_page/776a51d77c856d4766b5eb9e5457d692139041ce.html,,medpar__data-documentation__776a51d77c__chunk_46
medpar,medpar__var__poa-dgns-e-5-ind-cd,contains,https://resdac.org/cms-data/files/medpar/data-documentation,data/raw/html/documentation_page/776a51d77c856d4766b5eb9e5457d692139041ce.html,,medpar__data-documentation__776a51d77c__chunk_46
medpar,medpar__var__poa-dgns-e-6-ind-cd,contains,https://resdac.org/cms-data/files/medpar/data-documentation,data/raw/html/documentation_page/776a51d77c856d4766b5eb9e5457d692139041ce.html,,medpar__data-documentation__776a51d77c__chunk_47
medpar,medpar__var__poa-dgns-e-7-ind-cd,contains,https://resdac.org/cms-data/files/medpar/data-documentation,data/raw/html/documentation_page/776a51d77c856d4766b5eb9e5457d692139041ce.html,,medpar__data-documentation__776a51d77c__chunk_47
medpar,medpar__var__poa-dgns-e-8-ind-cd,contains,https://resdac.org/cms-data/files/medpar/data-documentation,data/raw/html/documentation_page/776a51d77c856d4766b5eb9e5457d692139041ce.html,,medpar__data-documentation__776a51d77c__chunk_47
medpar,medpar__var__poa-dgns-e-9-ind-cd,contains,https://resdac.org/cms-data/files/medpar/data-documentation,data/raw/html/documentation_page/776a51d77c856d4766b5eb9e5457d692139041ce.html,,medpar__data-documentation__776a51d77c__chunk_47
medpar,medpar__var__poa-dgns-e-cd-cnt,contains,https://resdac.org/cms-data/variables/count-present-admission-poa-diagnosis-e-codes,data/raw/html/variable_page/688927749059f1d647e57c391fe7dfc9e1001714.html,,medpar__data-documentation__776a51d77c__chunk_45
medpar,medpar__var__pps-ind-cd,contains,https://resdac.org/cms-data/variables/prospective-payment-system-pps-indicator-code,data/raw/html/variable_page/3627736fd4cbc83fb55b99b1c0a0e8adfec25cec.html,,medpar__data-documentation__776a51d77c__chunk_2
medpar,medpar__var__pps-prcr-vrsn-cd,contains,https://resdac.org/cms-data/variables/prospective-payment-system-pps-pricer-version,data/raw/html/variable_page/6e81a7ba8c85cdd82460b5c13379725f07ce1213.html,,medpar__data-documentation__776a51d77c__chunk_13
medpar,medpar__var__pps-std-val-pymt-amt,contains,https://resdac.org/cms-data/variables/standard-payment-amount,data/raw/html/variable_page/ea88ec3dcb7d7ecd27b230f4c19027358318d727.html,,medpar__data-documentation__776a51d77c__chunk_66
medpar,medpar__var__prod-rplcmt-lifecyc-sw,contains,https://resdac.org/cms-data/variables/product-replacement-within-product-lifecycle-early,data/raw/html/variable_page/bd7d1fd34a712553bbe8b6c870540629f9618168.html,,medpar__data-documentation__776a51d77c__chunk_64
medpar,medpar__var__prod-rplcmt-rcll-sw,contains,https://resdac.org/cms-data/variables/product-replacement-recall-product,data/raw/html/variable_page/713b0478dfb7a9eae102c51a44f77811dc7a31b0.html,,medpar__data-documentation__776a51d77c__chunk_64
medpar,medpar__var__profnl-fees-chrg-amt,contains,https://resdac.org/cms-data/variables/professional-fees-charge-amount,data/raw/html/variable_page/d6c585214ccc16b473eae8028f9981072369a339.html,,medpar__data-documentation__776a51d77c__chunk_19
medpar,medpar__var__prsthtc-orthtc-amt,contains,https://resdac.org/cms-data/variables/medicalsurgical-supplies-prosthetic-orthotic-amount,data/raw/html/variable_page/02580e7f6962fa4c26051fd726b832f0a1165120.html,,medpar__data-documentation__776a51d77c__chunk_74
medpar,medpar__var__prvdr-base-fac-ccn-num,contains,https://resdac.org/cms-data/variables/provider-base-facility-cms-certification-number-ccn,data/raw/html/variable_page/ebc669f4a80c8295edb360dc1505f3fd7db6b4c1.html,,medpar__data-documentation__776a51d77c__chunk_3
medpar,medpar__var__prvdr-full-ccn-num,contains,https://resdac.org/cms-data/files/medpar/data-documentation,data/raw/html/documentation_page/776a51d77c856d4766b5eb9e5457d692139041ce.html,,medpar__data-documentation__776a51d77c__chunk_3
medpar,medpar__var__prvdr-num,contains,https://resdac.org/cms-data/variables/medpar-provider-number,data/raw/html/variable_page/7f0e8caff157d5652074583559afb926e7b08a12.html,,medpar__data-documentation__776a51d77c__chunk_3
medpar,medpar__var__prvdr-num-spcl-unit-cd,contains,https://resdac.org/cms-data/variables/provider-number-special-unit-code,data/raw/html/variable_page/1f458d7ed807ddfcc789545a03ec427b0f7b43ae.html,,medpar__data-documentation__776a51d77c__chunk_3
medpar,medpar__var__prvt-room-chrg-amt,contains,https://resdac.org/cms-data/variables/private-room-charge-amount,data/raw/html/variable_page/d5f17b2dce8df0b2d6a6d9b17e2b2f3510a19696.html,,medpar__data-documentation__776a51d77c__chunk_14
medpar,medpar__var__prvt-room-day-cnt,contains,https://resdac.org/cms-data/variables/private-room-day-count,data/raw/html/variable_page/57ad828e9bbaf3f5e8b1893ca4f98e7dd2d02bf5.html,,medpar__data-documentation__776a51d77c__chunk_14
medpar,medpar__var__ptnt-add-on-pymt-amt,contains,https://resdac.org/cms-data/variables/patient-add-payment-amount-new-patient,data/raw/html/variable_page/7442de8be168d8852c329bb62ee12b5d2ce90f6a.html,,medpar__data-documentation__776a51d77c__chunk_67
medpar,medpar__var__rc-allogeneic-stem-cell-amt,contains,https://resdac.org/cms-data/variables/revenue-center-allogeneic-stem-cell-acquisitiondonor-services-amount,data/raw/html/variable_page/bbd0d02d6c17fe3307e98b40d78eceb30bf9a752.html,,medpar__data-documentation__776a51d77c__chunk_73
medpar,medpar__var__rc-model-reimbrsmt-amt,contains,https://resdac.org/cms-data/variables/medpar-revenue-center-model-reimbursement-amount,data/raw/html/variable_page/aadad6469321f45be5fd2d02afef4fc42b40d536.html,,medpar__data-documentation__776a51d77c__chunk_72
medpar,medpar__var__rc-ndc-10-cd,contains,https://resdac.org/cms-data/variables/revenue-center-national-drug-code-ndc-10,data/raw/html/variable_page/7836e2505d67e8bf22e6527d87808a1be255b48a.html,,medpar__data-documentation__776a51d77c__chunk_25
medpar,medpar__var__rc-ndc-1-cd,contains,https://resdac.org/cms-data/variables/revenue-center-national-drug-code-ndc-1,data/raw/html/variable_page/351788e64adbdc4a1dce0d9cacbf000ac7355b34.html,,medpar__data-documentation__776a51d77c__chunk_24
medpar,medpar__var__rc-ndc-2-cd,contains,https://resdac.org/cms-data/variables/revenue-center-national-drug-code-ndc-2,data/raw/html/variable_page/ffed852bb15b517296e054bedd6f524c8c04647f.html,,medpar__data-documentation__776a51d77c__chunk_24
medpar,medpar__var__rc-ndc-3-cd,contains,https://resdac.org/cms-data/variables/revenue-center-national-drug-code-ndc-3,data/raw/html/variable_page/b124b93ab34da1e4ed3ac4c23bbd455c8472d575.html,,medpar__data-documentation__776a51d77c__chunk_24
medpar,medpar__var__rc-ndc-4-cd,contains,https://resdac.org/cms-data/variables/revenue-center-national-drug-code-ndc-4,data/raw/html/variable_page/f153396bbe6db6ea8216a92a6425281390c74e5e.html,,medpar__data-documentation__776a51d77c__chunk_24
medpar,medpar__var__rc-ndc-5-cd,contains,https://resdac.org/cms-data/variables/revenue-center-national-drug-code-ndc-5,data/raw/html/variable_page/8527d3bb26fb2e4062a0d2e2816c8c70fe7bb88e.html,,medpar__data-documentation__776a51d77c__chunk_24
medpar,medpar__var__rc-ndc-6-cd,contains,https://resdac.org/cms-data/variables/revenue-center-national-drug-code-ndc-6,data/raw/html/variable_page/dff32d079326f8e143d648ce49a67d70c990a421.html,,medpar__data-documentation__776a51d77c__chunk_25
medpar,medpar__var__rc-ndc-7-cd,contains,https://resdac.org/cms-data/variables/revenue-center-national-drug-code-ndc-7,data/raw/html/variable_page/44ac81e699119b57f2c9601a4191ba6002c57c12.html,,medpar__data-documentation__776a51d77c__chunk_25
medpar,medpar__var__rc-ndc-8-cd,contains,https://resdac.org/cms-data/variables/revenue-center-national-drug-code-ndc-8,data/raw/html/variable_page/53182afb2825b0c2d0df5dacf36b80eb812fbcfd.html,,medpar__data-documentation__776a51d77c__chunk_25
medpar,medpar__var__rc-ndc-9-cd,contains,https://resdac.org/cms-data/variables/revenue-center-national-drug-code-ndc-9,data/raw/html/variable_page/71972a1adf3839105e8630b7df135ef649f88a43.html,,medpar__data-documentation__776a51d77c__chunk_25
medpar,medpar__var__rc-rp-ind-cd,contains,https://resdac.org/cms-data/variables/medpar-revenue-center-representative-payee-rp-indicator-code,data/raw/html/variable_page/311520a45282de9feb0ec6a25f149b6ed62c2761.html,,medpar__data-documentation__776a51d77c__chunk_71
medpar,medpar__var__rdlgy-chrg-amt,contains,https://resdac.org/cms-data/variables/radiology-charge-amount-excluding-mri,data/raw/html/variable_page/87628bd6f1df885f3e5fb4fa6bab748653ab0fcb.html,,medpar__data-documentation__776a51d77c__chunk_18
medpar,medpar__var__rdlgy-ct-scan-amt,contains,https://resdac.org/cms-data/variables/radiology-ct-scan-amount,data/raw/html/variable_page/6999861cccfbbbefded0e8d571001d644ba8e2f9.html,,medpar__data-documentation__776a51d77c__chunk_77
medpar,medpar__var__rdlgy-ct-scan-ind-sw,contains,https://resdac.org/cms-data/variables/radiology-computed-tomographic-ct-scan-indicator,data/raw/html/variable_page/03be13303d367143116708dda9af855cad01a23e.html,,medpar__data-documentation__776a51d77c__chunk_22
medpar,medpar__var__rdlgy-dgnstc-amt,contains,https://resdac.org/cms-data/variables/radiology-diagnostic-amount,data/raw/html/variable_page/5c4ff919bfb67074080d2ec95cc93ef3108a2133.html,,medpar__data-documentation__776a51d77c__chunk_77
medpar,medpar__var__rdlgy-dgnstc-ind-sw,contains,https://resdac.org/cms-data/variables/diagnostic-radiology-indicator,data/raw/html/variable_page/3da5395b17b7960bc35f336ada5ea93963f9a0dc.html,,medpar__data-documentation__776a51d77c__chunk_21
medpar,medpar__var__rdlgy-nuclr-mdcn-amt,contains,https://resdac.org/cms-data/variables/radiology-nuclear-medicine-amount,data/raw/html/variable_page/44d37897ac65713d255e2eb16d4f9108f1bdcb50.html,,medpar__data-documentation__776a51d77c__chunk_77
medpar,medpar__var__rdlgy-nuclr-mdcn-ind-sw,contains,https://resdac.org/cms-data/variables/radiology-nuclear-medicine-indicator,data/raw/html/variable_page/93e3ce6c424ff2fcd07115f667507c20e4dcde5e.html,,medpar__data-documentation__776a51d77c__chunk_22
medpar,medpar__var__rdlgy-onclgy-ind-sw,contains,https://resdac.org/cms-data/variables/oncology-indicator,data/raw/html/variable_page/cf99b969fc9591e0ca34ae67d80f4b3f9a4c61db.html,,medpar__data-documentation__776a51d77c__chunk_21
medpar,medpar__var__rdlgy-oncology-amt,contains,https://resdac.org/cms-data/variables/oncology-amount,data/raw/html/variable_page/06b2d0cec600e507b2fb94fadcd9bde1337f5f60.html,,medpar__data-documentation__776a51d77c__chunk_77
medpar,medpar__var__rdlgy-othr-imgng-amt,contains,https://resdac.org/cms-data/variables/radiology-other-imaging-amount,data/raw/html/variable_page/8eaf200be3999f37a1e1d69499d265e4cd73856e.html,,medpar__data-documentation__776a51d77c__chunk_77
medpar,medpar__var__rdlgy-othr-imgng-ind-sw,contains,https://resdac.org/cms-data/variables/radiology-other-imaging-indicator,data/raw/html/variable_page/083785189be8bbf6f775cd88896355e55b77ec29.html,,medpar__data-documentation__776a51d77c__chunk_22
medpar,medpar__var__rdlgy-thrptc-amt,contains,https://resdac.org/cms-data/variables/radiology-therapeutic-amount,data/raw/html/variable_page/aa3bbae7235df6b717ef638b639492d6ded8e32f.html,,medpar__data-documentation__776a51d77c__chunk_77
medpar,medpar__var__rdlgy-thrptc-ind-sw,contains,https://resdac.org/cms-data/variables/therapeutic-radiology-indicator,data/raw/html/variable_page/8db94e64a4c2195e7c1e7831b81e70926cf5457b.html,,medpar__data-documentation__776a51d77c__chunk_22
medpar,medpar__var__semiprvt-room-chrg-amt,contains,https://resdac.org/cms-data/variables/semi-private-room-charge-amount,data/raw/html/variable_page/efe8d6019abeb4f7e08f9d780d6a9a9f53c4b210.html,,medpar__data-documentation__776a51d77c__chunk_15
medpar,medpar__var__semiprvt-room-day-cnt,contains,https://resdac.org/cms-data/variables/semi-private-room-day-count,data/raw/html/variable_page/28001105a4b25c9af950fbe1499b4d40ab801dde.html,,medpar__data-documentation__776a51d77c__chunk_14
medpar,medpar__var__slct-rsn-cd,contains,https://resdac.org/cms-data/variables/specifies-whether-record-case-or-control-record,data/raw/html/variable_page/9e22bade32fcf2b729756e9dfa47f58bb74e02d0.html,,medpar__data-documentation__776a51d77c__chunk_4
medpar,medpar__var__snf-qualn-from-dt,contains,https://resdac.org/cms-data/variables/beginning-date-beneficiarys-qualifying-snf-stay,data/raw/html/variable_page/542bb97d8c64bf5e1bbe5415b92ae336bc6308e1.html,,medpar__data-documentation__776a51d77c__chunk_5
medpar,medpar__var__snf-qualn-thru-dt,contains,https://resdac.org/cms-data/variables/ending-date-beneficiarys-qualifying-snf-stay,data/raw/html/variable_page/ddf55dd270985e327dd9353d1ff5c731d53ba9c8.html,,medpar__data-documentation__776a51d77c__chunk_5
medpar,medpar__var__spch-pthlgy-chrg-amt,contains,https://resdac.org/cms-data/variables/speech-pathology-charge-amount,data/raw/html/variable_page/5aa84549dee7f11f99783abafd86a8d93c208d09.html,,medpar__data-documentation__776a51d77c__chunk_17
medpar,medpar__var__sqstrtn-rdctn-amt,contains,https://resdac.org/cms-data/variables/sequestration-reduction-amount,data/raw/html/variable_page/d859d56c16119e30e46254cd563f77644a3d59e6.html,,medpar__data-documentation__776a51d77c__chunk_65
medpar,medpar__var__src-ip-admsn-cd,contains,https://resdac.org/cms-data/variables/source-admission-inpatient-facility-newborn-admit-type-delivery-code,data/raw/html/variable_page/8879a8364fe1998dd05d89ec059ef5099b460c55.html,,medpar__data-documentation__776a51d77c__chunk_5
medpar,medpar__var__srgcl-prcdr-10-cd,contains,https://resdac.org/cms-data/variables/medpar-procedure-code-10,data/raw/html/variable_page/3b5f07ef7386bcefbd346fe5fde6906424585603.html,,medpar__data-documentation__776a51d77c__chunk_55
medpar,medpar__var__srgcl-prcdr-11-cd,contains,https://resdac.org/cms-data/variables/medpar-procedure-code-11,data/raw/html/variable_page/527619ab071186af128995d4af367b96717fa0e6.html,,medpar__data-documentation__776a51d77c__chunk_55
medpar,medpar__var__srgcl-prcdr-12-cd,contains,https://resdac.org/cms-data/variables/medpar-procedure-code-12,data/raw/html/variable_page/b97ec824b1efc6486e96c35075c14ccf85b5cb6f.html,,medpar__data-documentation__776a51d77c__chunk_55
medpar,medpar__var__srgcl-prcdr-13-cd,contains,https://resdac.org/cms-data/variables/medpar-procedure-code-13,data/raw/html/variable_page/13fd23b6955730b3b49d0ffd313320e0c043c5f0.html,,medpar__data-documentation__776a51d77c__chunk_55
medpar,medpar__var__srgcl-prcdr-14-cd,contains,https://resdac.org/cms-data/variables/medpar-procedure-code-14,data/raw/html/variable_page/52cfbef616a30da02801b8ecbfdf31c201baa861.html,,medpar__data-documentation__776a51d77c__chunk_56
medpar,medpar__var__srgcl-prcdr-15-cd,contains,https://resdac.org/cms-data/variables/medpar-procedure-code-15,data/raw/html/variable_page/ac876b4711d88375a5fe7e067bdb0f2a5f67aa53.html,,medpar__data-documentation__776a51d77c__chunk_56
medpar,medpar__var__srgcl-prcdr-16-cd,contains,https://resdac.org/cms-data/variables/medpar-procedure-code-16,data/raw/html/variable_page/beba8a37d821d777fb27e9438f8c85c159d031e2.html,,medpar__data-documentation__776a51d77c__chunk_56
medpar,medpar__var__srgcl-prcdr-17-cd,contains,https://resdac.org/cms-data/variables/medpar-procedure-code-17,data/raw/html/variable_page/f425982d9a3b4f161545c17b4552b8ae2b4548b1.html,,medpar__data-documentation__776a51d77c__chunk_56
medpar,medpar__var__srgcl-prcdr-18-cd,contains,https://resdac.org/cms-data/variables/medpar-procedure-code-18,data/raw/html/variable_page/1eefe68d07baf228d48e004261393ad9702f3aba.html,,medpar__data-documentation__776a51d77c__chunk_56
medpar,medpar__var__srgcl-prcdr-19-cd,contains,https://resdac.org/cms-data/variables/medpar-procedure-code-19,data/raw/html/variable_page/c34e3fd85bcf6e1c54b03695113f8a6a5add7d03.html,,medpar__data-documentation__776a51d77c__chunk_56
medpar,medpar__var__srgcl-prcdr-1-cd,contains,https://resdac.org/cms-data/variables/principal-procedure-code,data/raw/html/variable_page/c601f27419dc7d079fe09d982c81e35e4c08312e.html,,medpar__data-documentation__776a51d77c__chunk_54
medpar,medpar__var__srgcl-prcdr-20-cd,contains,https://resdac.org/cms-data/variables/medpar-procedure-code-20,data/raw/html/variable_page/d449ba2dba5597e113bf64e8be7bbe9f8f958212.html,,medpar__data-documentation__776a51d77c__chunk_56
medpar,medpar__var__srgcl-prcdr-21-cd,contains,https://resdac.org/cms-data/variables/medpar-procedure-code-21,data/raw/html/variable_page/762ed7a88054eeeed43cdf7468eb408fcd6e43cc.html,,medpar__data-documentation__776a51d77c__chunk_57
medpar,medpar__var__srgcl-prcdr-22-cd,contains,https://resdac.org/cms-data/variables/medpar-procedure-code-22,data/raw/html/variable_page/8b65201faf3a5760fc3193a6c0b2fe240685e06f.html,,medpar__data-documentation__776a51d77c__chunk_57
medpar,medpar__var__srgcl-prcdr-23-cd,contains,https://resdac.org/cms-data/variables/medpar-procedure-code-23,data/raw/html/variable_page/93ed72be1e039000dc7cb9c42709596d21c69c1d.html,,medpar__data-documentation__776a51d77c__chunk_57
medpar,medpar__var__srgcl-prcdr-24-cd,contains,https://resdac.org/cms-data/variables/medpar-procedure-code-24,data/raw/html/variable_page/243cca115c78b9e9c8ea5658b873eb7f34e1d605.html,,medpar__data-documentation__776a51d77c__chunk_57
medpar,medpar__var__srgcl-prcdr-25-cd,contains,https://resdac.org/cms-data/variables/medpar-procedure-code-25,data/raw/html/variable_page/05c9e200ae305ec3b0ecc31ab4ccaff907795e5b.html,,medpar__data-documentation__776a51d77c__chunk_57
medpar,medpar__var__srgcl-prcdr-2-cd,contains,https://resdac.org/cms-data/variables/medpar-procedure-code-2,data/raw/html/variable_page/86e2edbf5865afc8325b93993bb4a25dd79e9f76.html,,medpar__data-documentation__776a51d77c__chunk_54
medpar,medpar__var__srgcl-prcdr-3-cd,contains,https://resdac.org/cms-data/variables/medpar-procedure-code-3,data/raw/html/variable_page/fc2a9c39ca80831a42a748f72b91f0d2d44c46d0.html,,medpar__data-documentation__776a51d77c__chunk_54
medpar,medpar__var__srgcl-prcdr-4-cd,contains,https://resdac.org/cms-data/variables/medpar-procedure-code-4,data/raw/html/variable_page/a226c7a9d4641376ebd88849ed7af6154056bd9c.html,,medpar__data-documentation__776a51d77c__chunk_54
medpar,medpar__var__srgcl-prcdr-5-cd,contains,https://resdac.org/cms-data/variables/medpar-procedure-code-5,data/raw/html/variable_page/6aeedd307df84e0906476b66832065206644d179.html,,medpar__data-documentation__776a51d77c__chunk_54
medpar,medpar__var__srgcl-prcdr-6-cd,contains,https://resdac.org/cms-data/variables/medpar-procedure-code-6,data/raw/html/variable_page/6643de896f9f0a00791cfd6aae1e42d438f3e7ae.html,,medpar__data-documentation__776a51d77c__chunk_54
medpar,medpar__var__srgcl-prcdr-7-cd,contains,https://resdac.org/cms-data/variables/medpar-procedure-code-7,data/raw/html/variable_page/53cc9363856f2117d3451979f69807997107c168.html,,medpar__data-documentation__776a51d77c__chunk_55
medpar,medpar__var__srgcl-prcdr-8-cd,contains,https://resdac.org/cms-data/variables/medpar-procedure-code-8,data/raw/html/variable_page/5f54526d1a0a7e592d0160b9ec4bbb0f9ee64076.html,,medpar__data-documentation__776a51d77c__chunk_55
medpar,medpar__var__srgcl-prcdr-9-cd,contains,https://resdac.org/cms-data/variables/medpar-procedure-code-9,data/raw/html/variable_page/5d47f6cd2b30607a23520292b65448f1b736088f.html,,medpar__data-documentation__776a51d77c__chunk_55
medpar,medpar__var__srgcl-prcdr-cd-cnt,contains,https://resdac.org/cms-data/variables/surgical-procedure-codes-included-stay,data/raw/html/variable_page/3859a7cddaf7c400fb5928cc86817a2d78a62496.html,,medpar__data-documentation__776a51d77c__chunk_48
medpar,medpar__var__srgcl-prcdr-dt-cnt,contains,https://resdac.org/cms-data/variables/dates-associated-surgical-procedures-included-stay,data/raw/html/variable_page/1241c010ae2e560420c67e46cb9a921026b4b38f.html,,medpar__data-documentation__776a51d77c__chunk_57
medpar,medpar__var__srgcl-prcdr-ind-sw,contains,https://resdac.org/cms-data/variables/surgical-procedure-indicator,data/raw/html/variable_page/caa5dc82c9b4d1480e135912eab3c75129f9df18.html,,medpar__data-documentation__776a51d77c__chunk_48
medpar,medpar__var__srgcl-prcdr-prfrm-10-dt,contains,https://resdac.org/cms-data/variables/procedure-date-10,data/raw/html/variable_page/0f81944186e0d95c19c9ceb2936ba2304faf18d6.html,,medpar__data-documentation__776a51d77c__chunk_59
medpar,medpar__var__srgcl-prcdr-prfrm-11-dt,contains,https://resdac.org/cms-data/variables/procedure-date-11,data/raw/html/variable_page/6f0d35c8e9eccc040d1fcfdc0a75cf0dbf11d07a.html,,medpar__data-documentation__776a51d77c__chunk_59
medpar,medpar__var__srgcl-prcdr-prfrm-12-dt,contains,https://resdac.org/cms-data/variables/procedure-date-12,data/raw/html/variable_page/9a3871f93aa456be0313d3b6ff3f1a5572cb3ab8.html,,medpar__data-documentation__776a51d77c__chunk_59
medpar,medpar__var__srgcl-prcdr-prfrm-13-dt,contains,https://resdac.org/cms-data/variables/procedure-date-13,data/raw/html/variable_page/27560e437941f204d890dd8d70c39594fe8b8138.html,,medpar__data-documentation__776a51d77c__chunk_59
medpar,medpar__var__srgcl-prcdr-prfrm-14-dt,contains,https://resdac.org/cms-data/variables/procedure-date-14,data/raw/html/variable_page/3d3d0f75be8f09b6b1edc720610c522cecf64a4e.html,,medpar__data-documentation__776a51d77c__chunk_60
medpar,medpar__var__srgcl-prcdr-prfrm-15-dt,contains,https://resdac.org/cms-data/variables/procedure-date-15,data/raw/html/variable_page/0daf5b0f4e78d8dd3295d9758884ef4bee1cab4f.html,,medpar__data-documentation__776a51d77c__chunk_60
medpar,medpar__var__srgcl-prcdr-prfrm-16-dt,contains,https://resdac.org/cms-data/variables/procedure-date-16,data/raw/html/variable_page/d8882e7f20cae3e90bb37f6721ed7936e437f47e.html,,medpar__data-documentation__776a51d77c__chunk_60
medpar,medpar__var__srgcl-prcdr-prfrm-17-dt,contains,https://resdac.org/cms-data/variables/procedure-date-17,data/raw/html/variable_page/d3d03cda4c06b1d556056200181978aaaea4ab02.html,,medpar__data-documentation__776a51d77c__chunk_60
medpar,medpar__var__srgcl-prcdr-prfrm-18-dt,contains,https://resdac.org/cms-data/variables/procedure-date-18,data/raw/html/variable_page/cb83f42bcfdef2e57b4f7d01b064f994fbba6a4e.html,,medpar__data-documentation__776a51d77c__chunk_60
medpar,medpar__var__srgcl-prcdr-prfrm-19-dt,contains,https://resdac.org/cms-data/variables/procedure-date-19,data/raw/html/variable_page/2c6ff87cd6c1a6a109e969066fe8d6f3277dad08.html,,medpar__data-documentation__776a51d77c__chunk_60
medpar,medpar__var__srgcl-prcdr-prfrm-1-dt,contains,https://resdac.org/cms-data/variables/principal-procedure-date,data/raw/html/variable_page/d69ebb318fcf60f54e625d0fb00e4c58f9051083.html,,medpar__data-documentation__776a51d77c__chunk_58
medpar,medpar__var__srgcl-prcdr-prfrm-20-dt,contains,https://resdac.org/cms-data/variables/procedure-date-20,data/raw/html/variable_page/adefaae95b630ee665d1a49db691c83a7b679cfd.html,,medpar__data-documentation__776a51d77c__chunk_60
medpar,medpar__var__srgcl-prcdr-prfrm-21-dt,contains,https://resdac.org/cms-data/variables/procedure-date-21,data/raw/html/variable_page/fe45cfab6040460c4e381c594c81db139bb3b814.html,,medpar__data-documentation__776a51d77c__chunk_61
medpar,medpar__var__srgcl-prcdr-prfrm-22-dt,contains,https://resdac.org/cms-data/variables/procedure-date-22,data/raw/html/variable_page/878c42cb65a75c818c629bbcc71394dd66b2e14c.html,,medpar__data-documentation__776a51d77c__chunk_61
medpar,medpar__var__srgcl-prcdr-prfrm-23-dt,contains,https://resdac.org/cms-data/variables/procedure-date-23,data/raw/html/variable_page/91b1622ef2baf87451f595f99514d4e51343bfa0.html,,medpar__data-documentation__776a51d77c__chunk_61
medpar,medpar__var__srgcl-prcdr-prfrm-24-dt,contains,https://resdac.org/cms-data/variables/procedure-date-24,data/raw/html/variable_page/945ac6438d189dd5a4865d4de4f8bee49d5bf04b.html,,medpar__data-documentation__776a51d77c__chunk_61
medpar,medpar__var__srgcl-prcdr-prfrm-25-dt,contains,https://resdac.org/cms-data/variables/procedure-date-25,data/raw/html/variable_page/c6d2b53c80e4e494c55b244947c1e5b378327261.html,,medpar__data-documentation__776a51d77c__chunk_61
medpar,medpar__var__srgcl-prcdr-prfrm-2-dt,contains,https://resdac.org/cms-data/variables/procedure-date-2,data/raw/html/variable_page/f4221e9d145ef41e2ea9d6f0b2f434e92c86513b.html,,medpar__data-documentation__776a51d77c__chunk_58
medpar,medpar__var__srgcl-prcdr-prfrm-3-dt,contains,https://resdac.org/cms-data/variables/procedure-date-3,data/raw/html/variable_page/31eec2219e2b87ea47e89614cc3d27cdf189bbee.html,,medpar__data-documentation__776a51d77c__chunk_58
medpar,medpar__var__srgcl-prcdr-prfrm-4-dt,contains,https://resdac.org/cms-data/variables/procedure-date-4,data/raw/html/variable_page/329e66934d4bea2f32160bf2d92a1e0d52050adb.html,,medpar__data-documentation__776a51d77c__chunk_58
medpar,medpar__var__srgcl-prcdr-prfrm-5-dt,contains,https://resdac.org/cms-data/variables/procedure-date-5,data/raw/html/variable_page/417fe9a2d4d90f948439883d8ea3763d76b5adab.html,,medpar__data-documentation__776a51d77c__chunk_58
medpar,medpar__var__srgcl-prcdr-prfrm-6-dt,contains,https://resdac.org/cms-data/variables/procedure-date-6,data/raw/html/variable_page/8944f2899476c9788b171b77da787db9410be909.html,,medpar__data-documentation__776a51d77c__chunk_58
medpar,medpar__var__srgcl-prcdr-prfrm-7-dt,contains,https://resdac.org/cms-data/variables/procedure-date-7,data/raw/html/variable_page/d5eba21d7416a50a17a1ac53d4c263e1f7bb1179.html,,medpar__data-documentation__776a51d77c__chunk_58
medpar,medpar__var__srgcl-prcdr-prfrm-8-dt,contains,https://resdac.org/cms-data/variables/procedure-date-8,data/raw/html/variable_page/edd178cc9d7f359388e413ad573638d7bd96887c.html,,medpar__data-documentation__776a51d77c__chunk_59
medpar,medpar__var__srgcl-prcdr-prfrm-9-dt,contains,https://resdac.org/cms-data/variables/procedure-date-9,data/raw/html/variable_page/c18fded4dc8cbed7040f3b1d25de607ba8627c23.html,,medpar__data-documentation__776a51d77c__chunk_59
medpar,medpar__var__srgcl-prcdr-vrsn-cd,contains,https://resdac.org/cms-data/variables/surgical-procedure-version-code-earlier-version,data/raw/html/variable_page/362c5302448acf855cd4eda09cd3724624725067.html,,medpar__data-documentation__776a51d77c__chunk_48
medpar,medpar__var__srgcl-prcdr-vrsn-cd-1,contains,https://resdac.org/cms-data/variables/medpar-surgical-procedure-version-code-1-icd-9-cm-or-icd-10-pcs,data/raw/html/variable_page/0772a06739ce55dedadd90c11fdcbbdf1032e71c.html,,medpar__data-documentation__776a51d77c__chunk_49
medpar,medpar__var__srgcl-prcdr-vrsn-cd-10,contains,https://resdac.org/cms-data/variables/medpar-surgical-procedure-version-code-10,data/raw/html/variable_page/09013ba82afc9ac5770bff8ac65f3b2dbf1b0451.html,,medpar__data-documentation__776a51d77c__chunk_51
medpar,medpar__var__srgcl-prcdr-vrsn-cd-11,contains,https://resdac.org/cms-data/variables/medpar-surgical-procedure-version-code-11,data/raw/html/variable_page/d58dc7a6039efe5b2c19244f40ed50ff55e44ece.html,,medpar__data-documentation__776a51d77c__chunk_51
medpar,medpar__var__srgcl-prcdr-vrsn-cd-12,contains,https://resdac.org/cms-data/variables/medpar-surgical-procedure-version-code-12,data/raw/html/variable_page/f0008057c1bf35eeb23ae12ff1cb1d8c50d50ff1.html,,medpar__data-documentation__776a51d77c__chunk_51
medpar,medpar__var__srgcl-prcdr-vrsn-cd-13,contains,https://resdac.org/cms-data/variables/medpar-surgical-procedure-version-code-13,data/raw/html/variable_page/0666eca32e54f18772206caa9e3763c5398c385e.html,,medpar__data-documentation__776a51d77c__chunk_51
medpar,medpar__var__srgcl-prcdr-vrsn-cd-14,contains,https://resdac.org/cms-data/variables/medpar-surgical-procedure-version-code-14,data/raw/html/variable_page/7c4a48ed69253139923c0727207dfb7018a91cd4.html,,medpar__data-documentation__776a51d77c__chunk_51
medpar,medpar__var__srgcl-prcdr-vrsn-cd-15,contains,https://resdac.org/cms-data/variables/medpar-surgical-procedure-version-code-15,data/raw/html/variable_page/3979e0c3e20f12acf3a7d880fec426d206209db6.html,,medpar__data-documentation__776a51d77c__chunk_52
medpar,medpar__var__srgcl-prcdr-vrsn-cd-16,contains,https://resdac.org/cms-data/variables/medpar-surgical-procedure-version-code-16,data/raw/html/variable_page/5ef3841e73e085e6eb3b6d808c6f2ea0884b4d2c.html,,medpar__data-documentation__776a51d77c__chunk_52
medpar,medpar__var__srgcl-prcdr-vrsn-cd-17,contains,https://resdac.org/cms-data/variables/medpar-surgical-procedure-version-code-17,data/raw/html/variable_page/52014c45974cf5352a8baec2219d7d7d1262dbd0.html,,medpar__data-documentation__776a51d77c__chunk_52
medpar,medpar__var__srgcl-prcdr-vrsn-cd-18,contains,https://resdac.org/cms-data/variables/medpar-surgical-procedure-version-code-18,data/raw/html/variable_page/9a67282076fccc268c5e26075b44a387469fc0d6.html,,medpar__data-documentation__776a51d77c__chunk_52
medpar,medpar__var__srgcl-prcdr-vrsn-cd-19,contains,https://resdac.org/cms-data/variables/medpar-surgical-procedure-version-code-19,data/raw/html/variable_page/4ea280731ff55a339a4c779bcce217ff1f3cf8d6.html,,medpar__data-documentation__776a51d77c__chunk_52
medpar,medpar__var__srgcl-prcdr-vrsn-cd-2,contains,https://resdac.org/cms-data/variables/medpar-surgical-procedure-version-code-2,data/raw/html/variable_page/ed68ec08b10b62cf0651825098395f203129ed55.html,,medpar__data-documentation__776a51d77c__chunk_49
medpar,medpar__var__srgcl-prcdr-vrsn-cd-20,contains,https://resdac.org/cms-data/variables/medpar-surgical-procedure-version-code-20,data/raw/html/variable_page/d3f67a5ed051ec7780a93063e7495a6ad154dae0.html,,medpar__data-documentation__776a51d77c__chunk_53
medpar,medpar__var__srgcl-prcdr-vrsn-cd-21,contains,https://resdac.org/cms-data/variables/medpar-surgical-procedure-version-code-21,data/raw/html/variable_page/2c9897bd1b6ab05f8f9e2a22831f56e25cd472a4.html,,medpar__data-documentation__776a51d77c__chunk_53
medpar,medpar__var__srgcl-prcdr-vrsn-cd-22,contains,https://resdac.org/cms-data/variables/medpar-surgical-procedure-version-code-22,data/raw/html/variable_page/9731d826b582133aa3b6166f388aaa22d1fb0065.html,,medpar__data-documentation__776a51d77c__chunk_53
medpar,medpar__var__srgcl-prcdr-vrsn-cd-23,contains,https://resdac.org/cms-data/variables/medpar-surgical-procedure-version-code-23,data/raw/html/variable_page/ef546e0e195a749d626246a2439cf9f6a41d2ead.html,,medpar__data-documentation__776a51d77c__chunk_53
medpar,medpar__var__srgcl-prcdr-vrsn-cd-24,contains,https://resdac.org/cms-data/variables/medpar-surgical-procedure-version-code-24,data/raw/html/variable_page/ad9b4f131508abf13ebbe12f34448f9753c1809c.html,,medpar__data-documentation__776a51d77c__chunk_53
medpar,medpar__var__srgcl-prcdr-vrsn-cd-25,contains,https://resdac.org/cms-data/variables/medpar-surgical-procedure-version-code-25,data/raw/html/variable_page/e1bafc12a8c6ac3409eb449904931a47f713bca7.html,,medpar__data-documentation__776a51d77c__chunk_54
medpar,medpar__var__srgcl-prcdr-vrsn-cd-3,contains,https://resdac.org/cms-data/variables/medpar-surgical-procedure-version-code-3,data/raw/html/variable_page/b274861887d64ed0d8e87c45c761462f98f9678e.html,,medpar__data-documentation__776a51d77c__chunk_49
medpar,medpar__var__srgcl-prcdr-vrsn-cd-4,contains,https://resdac.org/cms-data/variables/medpar-surgical-procedure-version-code-4,data/raw/html/variable_page/9aaf0fc07ad8cf19857ee7f7b2251612c47d8af2.html,,medpar__data-documentation__776a51d77c__chunk_49
medpar,medpar__var__srgcl-prcdr-vrsn-cd-5,contains,https://resdac.org/cms-data/variables/medpar-surgical-procedure-version-code-5,data/raw/html/variable_page/a47d9dc14146a30c861d60ce37c387caebd072bb.html,,medpar__data-documentation__776a51d77c__chunk_50
medpar,medpar__var__srgcl-prcdr-vrsn-cd-6,contains,https://resdac.org/cms-data/variables/medpar-surgical-procedure-version-code-6,data/raw/html/variable_page/76e0af24c5068063e8370125e9bc6ff73a4f55fd.html,,medpar__data-documentation__776a51d77c__chunk_50
medpar,medpar__var__srgcl-prcdr-vrsn-cd-7,contains,https://resdac.org/cms-data/variables/medpar-surgical-procedure-version-code-7,data/raw/html/variable_page/90fc33e40f5de09bdbd4bc026bf28b2c563b9702.html,,medpar__data-documentation__776a51d77c__chunk_50
medpar,medpar__var__srgcl-prcdr-vrsn-cd-8,contains,https://resdac.org/cms-data/variables/medpar-surgical-procedure-version-code-8,data/raw/html/variable_page/c131b372615cac77498104629bb261624e57387c.html,,medpar__data-documentation__776a51d77c__chunk_50
medpar,medpar__var__srgcl-prcdr-vrsn-cd-9,contains,https://resdac.org/cms-data/variables/medpar-surgical-procedure-version-code-9,data/raw/html/variable_page/139b5e0546af183b5a0bfeecc72616298267874f.html,,medpar__data-documentation__776a51d77c__chunk_50
medpar,medpar__var__ss-ls-snf-ind-cd,contains,https://resdac.org/cms-data/variables/short-staylong-staysnf-provider-indicator-code,data/raw/html/variable_page/9635a9b183e14dd816fef0a9946bcf72fdaae56b.html,,medpar__data-documentation__776a51d77c__chunk_3
medpar,medpar__var__stay-2-ind-sw,contains,https://resdac.org/cms-data/variables/two-midnight-stay-indicator,data/raw/html/variable_page/dfe2c02452e238728e1193e4782b42c9561c81cb.html,,medpar__data-documentation__776a51d77c__chunk_68
medpar,medpar__var__stay-finl-actn-clm-cnt,contains,https://resdac.org/cms-data/variables/number-claims-final-action-included-stay,data/raw/html/variable_page/8febc4d38e99c52d31b1665d4fa35bb4b8812f45.html,,medpar__data-documentation__776a51d77c__chunk_4
medpar,medpar__var__take-home-amt,contains,https://resdac.org/cms-data/variables/medicalsurgical-supplies-take-home-amount,data/raw/html/variable_page/aad183caa74c24a73de55b60c09ce10ab78cce89.html,,medpar__data-documentation__776a51d77c__chunk_74
medpar,medpar__var__tot-chrg-amt,contains,https://resdac.org/cms-data/variables/total-charge-amount,data/raw/html/variable_page/9e661a96f422aaaeebe80355e5f8488ed68fccc5.html,,medpar__data-documentation__776a51d77c__chunk_12
medpar,medpar__var__tot-coinsrnc-day-cnt,contains,https://resdac.org/cms-data/variables/medpar-beneficiary-total-coinsurance-day-count,data/raw/html/variable_page/f1f80d8304cda17803ed088163779e4350ea6a81.html,,medpar__data-documentation__776a51d77c__chunk_9
medpar,medpar__var__tot-cvr-chrg-amt,contains,https://resdac.org/cms-data/variables/total-covered-charge-amount,data/raw/html/variable_page/be14de8bb5462030a21d5e204722dd1f54c4ed55.html,,medpar__data-documentation__776a51d77c__chunk_13
medpar,medpar__var__tot-pps-cptl-amt,contains,https://resdac.org/cms-data/variables/total-pps-capital-amount,data/raw/html/variable_page/7074c15f4f870b4aec66f891e8b87908de088f81.html,,medpar__data-documentation__776a51d77c__chunk_12
medpar,medpar__var__trnsplnt-ind-cd,contains,https://resdac.org/cms-data/variables/organ-transplant-indicator-code,data/raw/html/variable_page/5e006c13fa315684f12276067a16fce780c67471.html,,medpar__data-documentation__776a51d77c__chunk_21
medpar,medpar__var__uncompd-care-pymt-amt,contains,https://resdac.org/cms-data/variables/uncompensated-care-payment-amount,data/raw/html/variable_page/7e7d52850392a11a89098a74137b1ffefc9f1cb9.html,,medpar__data-documentation__776a51d77c__chunk_65
medpar,medpar__var__uniq-trkng-num,contains,https://resdac.org/cms-data/variables/unique-tracking-number,data/raw/html/variable_page/e9ad17eb9edd9e347c2fec8e3e09a25dfc034c8b.html,,medpar__data-documentation__776a51d77c__chunk_68
medpar,medpar__var__used-dme-chrg-amt,contains,https://resdac.org/cms-data/variables/used-durable-medical-equipment-dme-charge-amount,data/raw/html/variable_page/d57ce658fea2985e517eb565fe156e41f555f607.html,,medpar__data-documentation__776a51d77c__chunk_16
medpar,medpar__var__utlztn-day-cnt,contains,https://resdac.org/cms-data/variables/covered-days-care-chargeable-medicare-utilization-stay,data/raw/html/variable_page/c494d833e365c34f277063a540ff5b9fc4611c5f.html,,medpar__data-documentation__776a51d77c__chunk_9
medpar,medpar__var__val-cd-q1-pymt-rdctn-amt,contains,https://resdac.org/cms-data/variables/value-code-q1-payment-reduction-amount,data/raw/html/variable_page/5d9d7d77664759a9b87e0c0cd4af647fbf0ad074.html,,medpar__data-documentation__776a51d77c__chunk_72
medpar,medpar__var__val-cd-qb-ocm-pymt-adjstmt-amt,contains,https://resdac.org/cms-data/variables/value-code-qb-ocm-payment-adjustment-amount,data/raw/html/variable_page/89024d74229f47ea0db971fd49fe547ec4db3b84.html,,medpar__data-documentation__776a51d77c__chunk_73
medpar,medpar__var__vbp-adjstmt-amt,contains,https://resdac.org/cms-data/variables/hospital-value-based-purchasing-vbp-amount,data/raw/html/variable_page/b4ca71c6656f8f9290835923196ff931d4cc8828.html,,medpar__data-documentation__776a51d77c__chunk_65
medpar,medpar__var__vbp-adjstmt-pct,contains,https://resdac.org/cms-data/variables/value-based-purchasing-vbp-adjustment-percent,data/raw/html/variable_page/91ac0f96e51916cff559f6e19cb77834bcb2cfae.html,,medpar__data-documentation__776a51d77c__chunk_63
medpar,medpar__var__vbp-prtcpnt-ind-cd,contains,https://resdac.org/cms-data/variables/value-based-purchasing-vbp-participant-indicator-code,data/raw/html/variable_page/f9127493206c1aa84776b0f7c4cabce40e613a02.html,,medpar__data-documentation__776a51d77c__chunk_62
medpar,medpar__var__ward-chrg-amt,contains,https://resdac.org/cms-data/variables/ward-charge-amount,data/raw/html/variable_page/75910d1fd81a0ba2600796150b0edc2c095aebe8.html,,medpar__data-documentation__776a51d77c__chunk_15
medpar,medpar__var__ward-day-cnt,contains,https://resdac.org/cms-data/variables/ward-day-count,data/raw/html/variable_page/f789d33d139501955e46616a4e31d89dfb20d9ba.html,,medpar__data-documentation__776a51d77c__chunk_14
medpar,medpar__var__wrng-ind-cd,contains,https://resdac.org/cms-data/variables/warning-indicators-code-specifying-detailed-billing-info,data/raw/html/variable_page/2489cdfd4c2991513c4173253cc91f8e33f429b7.html,,medpar__data-documentation__776a51d77c__chunk_2
mesf-conditions,mesf-conditions__var__acp-combined,contains,https://resdac.org/cms-data/variables/adhd-and-other-conduct-disorders-indicator-combined-data,data/raw/html/variable_page/f8088aa97927f8f76b34b9a17a4516342947b69a.html,,mesf-conditions__data-documentation__e252ae2091__chunk_0
mesf-conditions,mesf-conditions__var__acp-medicaid,contains,https://resdac.org/cms-data/variables/adhd-and-other-conduct-disorders-indicator-medicaid-only-data,data/raw/html/variable_page/08a1f97b169f76aa51fa091b6e61521173415a9b.html,,mesf-conditions__data-documentation__e252ae2091__chunk_0
mesf-conditions,mesf-conditions__var__acp-medicare,contains,https://resdac.org/cms-data/variables/adhd-and-other-conduct-disorders-indicator-medicare-only-data,data/raw/html/variable_page/676a4df8ff848aecc8dbde4e9299a82a6e2fc5e9.html,,mesf-conditions__data-documentation__e252ae2091__chunk_0
mesf-conditions,mesf-conditions__var__afib-combined,contains,https://resdac.org/cms-data/variables/atrial-fibrillation-indicator-combined-data,data/raw/html/variable_page/8b1449f3c1c4afc2f813a5f72e2d40324a1c3d83.html,,mesf-conditions__data-documentation__e252ae2091__chunk_1
mesf-conditions,mesf-conditions__var__afib-medicaid,contains,https://resdac.org/cms-data/variables/atrial-fibrillation-indicator-medicaid-only-data,data/raw/html/variable_page/6ab3f0b150ef8bcaefc14731b866c7569bac2c63.html,,mesf-conditions__data-documentation__e252ae2091__chunk_1
mesf-conditions,mesf-conditions__var__afib-medicare,contains,https://resdac.org/cms-data/variables/atrial-fibrillation-indicator-medicare-only-data,data/raw/html/variable_page/f1f8a7601eb031652ae6744b0af37be29c96aba6.html,,mesf-conditions__data-documentation__e252ae2091__chunk_1
mesf-conditions,mesf-conditions__var__alco-combined,contains,https://resdac.org/cms-data/variables/alcohol-use-disorder-combined-data,data/raw/html/variable_page/044dae6cffb5ffe034dc423cb2f20a194ef579fb.html,,mesf-conditions__data-documentation__e252ae2091__chunk_1
mesf-conditions,mesf-conditions__var__alco-medicaid,contains,https://resdac.org/cms-data/variables/alcohol-use-disorder-medicaid-only-data,data/raw/html/variable_page/bc4e2fdefe10e787dc9e2f235dffff39e2f9f006.html,,mesf-conditions__data-documentation__e252ae2091__chunk_1
mesf-conditions,mesf-conditions__var__alco-medicare,contains,https://resdac.org/cms-data/variables/alcohol-use-disorder-medicare-only-data,data/raw/html/variable_page/d393f24dd5dbf4dc9b04c75d5bad446651e27f69.html,,mesf-conditions__data-documentation__e252ae2091__chunk_2
mesf-conditions,mesf-conditions__var__alzrdsd-combined,contains,https://resdac.org/cms-data/variables/alzheimers-or-related-dementia-indicator-combined-data,data/raw/html/variable_page/e7ed50254090e8e99becc5c4bf12623187ac1096.html,,mesf-conditions__data-documentation__e252ae2091__chunk_2
mesf-conditions,mesf-conditions__var__alzrdsd-medicaid,contains,https://resdac.org/cms-data/variables/alzheimers-disease-related-disorders-or-senile-dementia-indicator-medicaid-only,data/raw/html/variable_page/77f32b61bedecff661805cdee88362721206b893.html,,mesf-conditions__data-documentation__e252ae2091__chunk_3
mesf-conditions,mesf-conditions__var__alzrdsd-medicare,contains,https://resdac.org/cms-data/variables/alzheimers-disease-related-disorders-or-senile-dementia-indicator-medicare-only,data/raw/html/variable_page/01224752b4c4eef9e809ade3618956ac6d81c2b5.html,,mesf-conditions__data-documentation__e252ae2091__chunk_3
mesf-conditions,mesf-conditions__var__alz-combined,contains,https://resdac.org/cms-data/variables/alzheimers-disease-indicator-combined-data,data/raw/html/variable_page/0b96b349b3025d01ee070e4697a6580213db25ab.html,,mesf-conditions__data-documentation__e252ae2091__chunk_2
mesf-conditions,mesf-conditions__var__alz-medicaid,contains,https://resdac.org/cms-data/variables/alzheimers-disease-indicator-medicaid-only-data,data/raw/html/variable_page/ca37ca35df6af98a789a6057322cc5ce4dc4639e.html,,mesf-conditions__data-documentation__e252ae2091__chunk_2
mesf-conditions,mesf-conditions__var__alz-medicare,contains,https://resdac.org/cms-data/variables/alzheimers-disease-indicator-medicare-only-data,data/raw/html/variable_page/4e97b183eace17c56f575e6a18e4f913e434c3c7.html,,mesf-conditions__data-documentation__e252ae2091__chunk_2
mesf-conditions,mesf-conditions__var__ami-combined,contains,https://resdac.org/cms-data/variables/acute-myocardial-infarction-indicator-combined-data,data/raw/html/variable_page/2f3706bb6ce2030b3ac4d56a349487062f8bede2.html,,mesf-conditions__data-documentation__e252ae2091__chunk_3
mesf-conditions,mesf-conditions__var__ami-medicaid,contains,https://resdac.org/cms-data/variables/acute-myocardial-infarction-indicator-medicaid-only,data/raw/html/variable_page/d1844d1602c95493cea880c68a2a8212a81226f1.html,,mesf-conditions__data-documentation__e252ae2091__chunk_3
mesf-conditions,mesf-conditions__var__ami-medicare,contains,https://resdac.org/cms-data/variables/acute-myocardial-infarction-indicator-medicare-only,data/raw/html/variable_page/ac36335370d30a9bba32e868748580b227243c34.html,,mesf-conditions__data-documentation__e252ae2091__chunk_4
mesf-conditions,mesf-conditions__var__anemia-combined,contains,https://resdac.org/cms-data/variables/anemia-indicator-combined-data,data/raw/html/variable_page/d0a30655ec2e087f5d86a1fde9b25b20d84b0e5e.html,,mesf-conditions__data-documentation__e252ae2091__chunk_4
mesf-conditions,mesf-conditions__var__anemia-medicaid,contains,https://resdac.org/cms-data/variables/anemia-indicator-medicaid-only-data,data/raw/html/variable_page/1f7b02cc72129120f73c4bc577f3eb7c3628ecaa.html,,mesf-conditions__data-documentation__e252ae2091__chunk_4
mesf-conditions,mesf-conditions__var__anemia-medicare,contains,https://resdac.org/cms-data/variables/anemia-indicator-medicare-only-data,data/raw/html/variable_page/53492cdd1786c3748aa4202f16bd0e9b9732da25.html,,mesf-conditions__data-documentation__e252ae2091__chunk_4
mesf-conditions,mesf-conditions__var__anxi-combined,contains,https://resdac.org/cms-data/variables/anxiety-disorders-indicator-combined-data,data/raw/html/variable_page/34faa0de082808d26461d2fd9cd0afa4b70cbe90.html,,mesf-conditions__data-documentation__e252ae2091__chunk_4
mesf-conditions,mesf-conditions__var__anxi-medicaid,contains,https://resdac.org/cms-data/variables/anxiety-disorders-indicator-medicaid-only-data,data/raw/html/variable_page/a35af6bbc31e1738ce34d3c2a21b2b9666fd6c3b.html,,mesf-conditions__data-documentation__e252ae2091__chunk_5
mesf-conditions,mesf-conditions__var__anxi-medicare,contains,https://resdac.org/cms-data/variables/anxiety-disorders-indicator-medicare-only-data,data/raw/html/variable_page/c2ad4c628633be71d8ac080204dac97d3e3577a2.html,,mesf-conditions__data-documentation__e252ae2091__chunk_5
mesf-conditions,mesf-conditions__var__asthma-combined,contains,https://resdac.org/cms-data/variables/asthma-indicator-combined-data,data/raw/html/variable_page/05bc56762c5c1bd2fc54cdb9ab189980af23887b.html,,mesf-conditions__data-documentation__e252ae2091__chunk_5
mesf-conditions,mesf-conditions__var__asthma-medicaid,contains,https://resdac.org/cms-data/variables/asthma-indicator-medicaid-only-data,data/raw/html/variable_page/910d11c7014ea660a426bf4cfadfaaae4453609b.html,,mesf-conditions__data-documentation__e252ae2091__chunk_5
mesf-conditions,mesf-conditions__var__asthma-medicare,contains,https://resdac.org/cms-data/variables/asthma-indicator-medicare-only-data,data/raw/html/variable_page/b5989fa5baeebc0edfbde4df788f2dba527217ea.html,,mesf-conditions__data-documentation__e252ae2091__chunk_5
mesf-conditions,mesf-conditions__var__autism-combined,contains,https://resdac.org/cms-data/variables/autism-indicator-combined-data,data/raw/html/variable_page/3b7f7c23c8da52fd56d24a9af34d850fb978777a.html,,mesf-conditions__data-documentation__e252ae2091__chunk_5
mesf-conditions,mesf-conditions__var__autism-medicaid,contains,https://resdac.org/cms-data/variables/autism-indicator-medicaid-only-data,data/raw/html/variable_page/e7ae2ea81c3b8d1a1c48cd31598079193e59bba2.html,,mesf-conditions__data-documentation__e252ae2091__chunk_6
mesf-conditions,mesf-conditions__var__autism-medicare,contains,https://resdac.org/cms-data/variables/autism-indicator-medicare-only-data,data/raw/html/variable_page/c183c1d1b7f009cef8c837cdafdb008d796325fc.html,,mesf-conditions__data-documentation__e252ae2091__chunk_6
mesf-conditions,mesf-conditions__var__bene-id,contains,https://resdac.org/cms-data/variables/encrypted-723-beneficiary-id-unique-key,data/raw/html/variable_page/af3daccc2b329ef685940ff6edda336b697dfeab.html,,mesf-conditions__data-documentation__e252ae2091__chunk_0
mesf-conditions,mesf-conditions__var__bipl-combined,contains,https://resdac.org/cms-data/variables/bipolar-disorder-indicator-combined-data,data/raw/html/variable_page/beb098deff2de585d9ad378a971ec5c598d252b1.html,,mesf-conditions__data-documentation__e252ae2091__chunk_6
mesf-conditions,mesf-conditions__var__bipl-medicaid,contains,https://resdac.org/cms-data/variables/bipolar-disorder-indicator-medicaid-only-data,data/raw/html/variable_page/9ee967e8161a931b380078e98ed3e983a1790365.html,,mesf-conditions__data-documentation__e252ae2091__chunk_6
mesf-conditions,mesf-conditions__var__bipl-medicare,contains,https://resdac.org/cms-data/variables/bipolar-disorder-indicator-medicare-only-data,data/raw/html/variable_page/1efdd9135cbbad97975d3d3493719fac9ae8ab7e.html,,mesf-conditions__data-documentation__e252ae2091__chunk_6
mesf-conditions,mesf-conditions__var__brainj-combined,contains,https://resdac.org/cms-data/variables/brain-injury-indicator-combined-data,data/raw/html/variable_page/f43d00a999f3d298db1b67c1c13440df0351faad.html,,mesf-conditions__data-documentation__e252ae2091__chunk_7
mesf-conditions,mesf-conditions__var__brainj-medicaid,contains,https://resdac.org/cms-data/variables/brain-injury-indicator-medicaid-only-data,data/raw/html/variable_page/3daaa2b20c0f610c1a2a63036a667bd96da614ee.html,,mesf-conditions__data-documentation__e252ae2091__chunk_7
mesf-conditions,mesf-conditions__var__brainj-medicare,contains,https://resdac.org/cms-data/variables/brain-injury-indicator-medicare-only-data,data/raw/html/variable_page/169a878df37a261dda9e7a35de0554186cd1dab2.html,,mesf-conditions__data-documentation__e252ae2091__chunk_7
mesf-conditions,mesf-conditions__var__brc-combined,contains,https://resdac.org/cms-data/variables/breast-cancer-indicator-combined-data,data/raw/html/variable_page/4f26057433d38b3b769163301caee24a60176223.html,,mesf-conditions__data-documentation__e252ae2091__chunk_7
mesf-conditions,mesf-conditions__var__brc-medicaid,contains,https://resdac.org/cms-data/variables/breast-cancer-indicator-medicaid-only-data,data/raw/html/variable_page/c1316d11ecd3ebb9627caa2c3f1a80570c9587ba.html,,mesf-conditions__data-documentation__e252ae2091__chunk_7
mesf-conditions,mesf-conditions__var__brc-medicare,contains,https://resdac.org/cms-data/variables/breast-cancer-indicator-medicare-only-data,data/raw/html/variable_page/c9936f310d4a329b7d6ca6b4919a4ff8179b5204.html,,mesf-conditions__data-documentation__e252ae2091__chunk_8
mesf-conditions,mesf-conditions__var__cat-combined,contains,https://resdac.org/cms-data/variables/cataract-indicator-combined-data,data/raw/html/variable_page/6a6dee1e374bb1eb90c61ba8d2d3e53f9abd7a3c.html,,mesf-conditions__data-documentation__e252ae2091__chunk_8
mesf-conditions,mesf-conditions__var__cat-medicaid,contains,https://resdac.org/cms-data/variables/cataract-indicator-medicaid-only-data,data/raw/html/variable_page/ce3d83abd9057c348b822f2d58ecc8da5f85296f.html,,mesf-conditions__data-documentation__e252ae2091__chunk_8
mesf-conditions,mesf-conditions__var__cat-medicare,contains,https://resdac.org/cms-data/variables/cataract-indicator-medicare-only-data,data/raw/html/variable_page/5bfbef4d5d85405cfcf03486d85755a547e3d16b.html,,mesf-conditions__data-documentation__e252ae2091__chunk_8
mesf-conditions,mesf-conditions__var__cerpal-combined,contains,https://resdac.org/cms-data/variables/cerebral-palsy-indicator-combined-data,data/raw/html/variable_page/820bcea03ea1601cf9212cb59b6c37d28241a7cb.html,,mesf-conditions__data-documentation__e252ae2091__chunk_8
mesf-conditions,mesf-conditions__var__cerpal-medicaid,contains,https://resdac.org/cms-data/variables/cerebral-palsy-indicator-medicaid-only-data,data/raw/html/variable_page/e2fd4270598aa736d9e85c14bb5fd2c648fe5ac3.html,,mesf-conditions__data-documentation__e252ae2091__chunk_8
mesf-conditions,mesf-conditions__var__cerpal-medicare,contains,https://resdac.org/cms-data/variables/cerebral-palsy-indicator-medicare-only-data,data/raw/html/variable_page/f3de6d98db27f5410e64a93f3ac4f01a7467a35e.html,,mesf-conditions__data-documentation__e252ae2091__chunk_9
mesf-conditions,mesf-conditions__var__chf-combined,contains,https://resdac.org/cms-data/variables/heart-failure-indicator-combined-data,data/raw/html/variable_page/3afe134eca7866e8e6b73ccc8e863e8134d49f4d.html,,mesf-conditions__data-documentation__e252ae2091__chunk_9
mesf-conditions,mesf-conditions__var__chf-medicaid,contains,https://resdac.org/cms-data/variables/heart-failure-indicator-medicaid-only-data,data/raw/html/variable_page/7a9bbff941f9d96bf850595b7c7ddf0a5c2e326c.html,,mesf-conditions__data-documentation__e252ae2091__chunk_9
mesf-conditions,mesf-conditions__var__chf-medicare,contains,https://resdac.org/cms-data/variables/heart-failure-indicator-medicare-only-data,data/raw/html/variable_page/926b3d3811140f904ea5786b6ac250f84e73a833.html,,mesf-conditions__data-documentation__e252ae2091__chunk_9
mesf-conditions,mesf-conditions__var__ckd-combined,contains,https://resdac.org/cms-data/variables/chronic-kidney-disease-indicator-combined-data,data/raw/html/variable_page/d7e6a79920784ad7dd5d9e29c92c47b3bea93ae7.html,,mesf-conditions__data-documentation__e252ae2091__chunk_9
mesf-conditions,mesf-conditions__var__ckd-medicaid,contains,https://resdac.org/cms-data/variables/chronic-kidney-disease-indicator-medicaid-only-data,data/raw/html/variable_page/1d79af8a40642d3b949026b2ec610106ef8e889a.html,,mesf-conditions__data-documentation__e252ae2091__chunk_10
mesf-conditions,mesf-conditions__var__ckd-medicare,contains,https://resdac.org/cms-data/variables/chronic-kidney-disease-indicator-medicare-only-data,data/raw/html/variable_page/9a268dfbf91cebb9842618923ac191dbdb0febb5.html,,mesf-conditions__data-documentation__e252ae2091__chunk_10
mesf-conditions,mesf-conditions__var__copd-combined,contains,https://resdac.org/cms-data/variables/chronic-obstructive-pulmonary-disease-indicator-combined-data,data/raw/html/variable_page/5134817a794e6f23ce99cb718e27b0cd2f6609c4.html,,mesf-conditions__data-documentation__e252ae2091__chunk_10
mesf-conditions,mesf-conditions__var__copd-medicaid,contains,https://resdac.org/cms-data/variables/chronic-obstructive-pulmonary-disease-indicator-medicaid-only-data,data/raw/html/variable_page/347ffc1f799dfb205d99dc7042a3ffaad7b5766d.html,,mesf-conditions__data-documentation__e252ae2091__chunk_10
mesf-conditions,mesf-conditions__var__copd-medicare,contains,https://resdac.org/cms-data/variables/chronic-obstructive-pulmonary-disease-indicator-medicare-only-data,data/raw/html/variable_page/15149d9c596ff15eddd9a3dd6c84191c7dda08d1.html,,mesf-conditions__data-documentation__e252ae2091__chunk_11
mesf-conditions,mesf-conditions__var__crc-combined,contains,https://resdac.org/cms-data/variables/colorectal-cancer-indicator-combined-data,data/raw/html/variable_page/f4f30af3f531c7a4753a55cad94e3325b50ef16e.html,,mesf-conditions__data-documentation__e252ae2091__chunk_11
mesf-conditions,mesf-conditions__var__crc-medicaid,contains,https://resdac.org/cms-data/variables/colorectal-cancer-indicator-medicaid-only-data,data/raw/html/variable_page/1ca66fa05084db0030e573e2fda200645541f421.html,,mesf-conditions__data-documentation__e252ae2091__chunk_11
mesf-conditions,mesf-conditions__var__crc-medicare,contains,https://resdac.org/cms-data/variables/colorectal-cancer-indicator-medicare-only-data,data/raw/html/variable_page/8308078c32d33056caa12a5125835a1fe0be7d89.html,,mesf-conditions__data-documentation__e252ae2091__chunk_11
mesf-conditions,mesf-conditions__var__cysfib-combined,contains,https://resdac.org/cms-data/variables/cystic-fibrosis-indicator-combined-data,data/raw/html/variable_page/f8ce02c371b2b86d0cabc107722afb0e0b9da706.html,,mesf-conditions__data-documentation__e252ae2091__chunk_11
mesf-conditions,mesf-conditions__var__cysfib-medicaid,contains,https://resdac.org/cms-data/variables/cystic-fibrosis-indicator-medicaid-only-data,data/raw/html/variable_page/1a5374f391d10c43174161cf0931590303b8bfa8.html,,mesf-conditions__data-documentation__e252ae2091__chunk_11
mesf-conditions,mesf-conditions__var__cysfib-medicare,contains,https://resdac.org/cms-data/variables/cystic-fibrosis-indicator-medicare-only-data,data/raw/html/variable_page/b28b31347e435a5ef876012a6d4d79eefc35260f.html,,mesf-conditions__data-documentation__e252ae2091__chunk_12
mesf-conditions,mesf-conditions__var__depr-combined,contains,https://resdac.org/cms-data/variables/depression-indicator-combined-data,data/raw/html/variable_page/a9255efe1ae6373732876a843a018fe2eb9bdb07.html,,mesf-conditions__data-documentation__e252ae2091__chunk_12
mesf-conditions,mesf-conditions__var__depr-medicaid,contains,https://resdac.org/cms-data/variables/depression-indicator-medicaid-only-data,data/raw/html/variable_page/e660fc743503fdfe5f084daaf3981fdd94cf263d.html,,mesf-conditions__data-documentation__e252ae2091__chunk_12
mesf-conditions,mesf-conditions__var__depr-medicare,contains,https://resdac.org/cms-data/variables/depression-indicator-medicare-only-data,data/raw/html/variable_page/7db2aceb9a76eee440ca31445e309de36978964f.html,,mesf-conditions__data-documentation__e252ae2091__chunk_12
mesf-conditions,mesf-conditions__var__depsn-combined,contains,https://resdac.org/cms-data/variables/to10-depression-indicator-combined-data,data/raw/html/variable_page/60add241f4a4b7c2435ef1963d0722c09d670847.html,,mesf-conditions__data-documentation__e252ae2091__chunk_12
mesf-conditions,mesf-conditions__var__depsn-medicaid,contains,https://resdac.org/cms-data/variables/to10-depression-indicator-medicaid-only-data,data/raw/html/variable_page/8fcfa8e725858a55c4b90cfd795b0291892a8a62.html,,mesf-conditions__data-documentation__e252ae2091__chunk_13
mesf-conditions,mesf-conditions__var__depsn-medicare,contains,https://resdac.org/cms-data/variables/to10-depression-indicator-medicare-only-data,data/raw/html/variable_page/24ff9d1cdea85514f1c322c321fc9fda3c555854.html,,mesf-conditions__data-documentation__e252ae2091__chunk_13
mesf-conditions,mesf-conditions__var__diab-combined,contains,https://resdac.org/cms-data/variables/diabetes-indicator-combined-data,data/raw/html/variable_page/e43dd3ff53596306a14006a6480184d20ebe3446.html,,mesf-conditions__data-documentation__e252ae2091__chunk_13
mesf-conditions,mesf-conditions__var__diab-medicaid,contains,https://resdac.org/cms-data/variables/diabetes-indicator-medicaid-only-data,data/raw/html/variable_page/ff79367f311e8b6b61aac5330c1ee37ad55d3fa7.html,,mesf-conditions__data-documentation__e252ae2091__chunk_13
mesf-conditions,mesf-conditions__var__diab-medicare,contains,https://resdac.org/cms-data/variables/diabetes-indicator-medicare-only-data,data/raw/html/variable_page/6442678584877951656adfb1fd288185b884d54a.html,,mesf-conditions__data-documentation__e252ae2091__chunk_13
mesf-conditions,mesf-conditions__var__dm-source,contains,https://resdac.org/cms-data/variables/dual-or-medicaid-only-enrollee,data/raw/html/variable_page/62a58deb1d378f50d8bf411ef1c6f4d7a08ed450.html,,mesf-conditions__data-documentation__e252ae2091__chunk_0
mesf-conditions,mesf-conditions__var__drug-combined,contains,https://resdac.org/cms-data/variables/drug-use-disorder-indicator-combined-data,data/raw/html/variable_page/51a5cc4c297c9bdff95a864a8a06a6420c7f3963.html,,mesf-conditions__data-documentation__e252ae2091__chunk_13
mesf-conditions,mesf-conditions__var__drug-medicaid,contains,https://resdac.org/cms-data/variables/drug-use-disorder-medicaid-only-data,data/raw/html/variable_page/f616714f04c316f78d4b5924b8847a937f3f323e.html,,mesf-conditions__data-documentation__e252ae2091__chunk_14
mesf-conditions,mesf-conditions__var__drug-medicare,contains,https://resdac.org/cms-data/variables/drug-use-disorder-indicator-medicare-only-data,data/raw/html/variable_page/d1f6af4a707ce0a7fa6fa433bca0350f14e9c94f.html,,mesf-conditions__data-documentation__e252ae2091__chunk_14
mesf-conditions,mesf-conditions__var__endc-combined,contains,https://resdac.org/cms-data/variables/endometrial-cancer-indicator-combined-data,data/raw/html/variable_page/10a9d1b285bfe5d0825a2445fd916bd198fbb9d5.html,,mesf-conditions__data-documentation__e252ae2091__chunk_14
mesf-conditions,mesf-conditions__var__endc-medicaid,contains,https://resdac.org/cms-data/variables/endometrial-cancer-indicator-medicaid-only-data,data/raw/html/variable_page/88e755e2fa7e6a325762201b941367ec049b43ae.html,,mesf-conditions__data-documentation__e252ae2091__chunk_14
mesf-conditions,mesf-conditions__var__endc-medicare,contains,https://resdac.org/cms-data/variables/endometrial-cancer-indicator-medicare-only-data,data/raw/html/variable_page/68b6773535748b1024f948f59406e961f9d224e3.html,,mesf-conditions__data-documentation__e252ae2091__chunk_14
mesf-conditions,mesf-conditions__var__eplilep-combined,contains,https://resdac.org/cms-data/variables/epilepsy-indicator-combined-data,data/raw/html/variable_page/5e70355c650fdcfe5c25e1e4965aeb80700ec8b3.html,,mesf-conditions__data-documentation__e252ae2091__chunk_15
mesf-conditions,mesf-conditions__var__eplilep-medicaid,contains,https://resdac.org/cms-data/variables/epilepsy-indicator-medicaid-only-data,data/raw/html/variable_page/50d83637558a8174c3d260548176ac4c2593290b.html,,mesf-conditions__data-documentation__e252ae2091__chunk_15
mesf-conditions,mesf-conditions__var__eplilep-medicare,contains,https://resdac.org/cms-data/variables/epilepsy-indicator-medicare-only-data,data/raw/html/variable_page/13836dc79321f145bdef6872f5537789f861cbaa.html,,mesf-conditions__data-documentation__e252ae2091__chunk_15
mesf-conditions,mesf-conditions__var__fibro-combined,contains,https://resdac.org/cms-data/variables/chronic-pain-fatigue-and-fibromyalgia-combined-medicare-medicaid-claims,data/raw/html/variable_page/4d9a10bb3e6d293356533c8c4282bd0fc00187a9.html,,mesf-conditions__data-documentation__e252ae2091__chunk_15
mesf-conditions,mesf-conditions__var__fibro-medicaid,contains,https://resdac.org/cms-data/variables/chronic-pain-fatigue-and-fibromyalgia-medicaid-only-claims,data/raw/html/variable_page/3ac493575cda16835449507accbdf0cd58c52a20.html,,mesf-conditions__data-documentation__e252ae2091__chunk_16
mesf-conditions,mesf-conditions__var__fibro-medicare,contains,https://resdac.org/cms-data/variables/chronic-pain-fatigue-and-fibromyalgia-medicare-only-claims,data/raw/html/variable_page/d863d17b168a596f8f4470bdab4cda3dcc29562c.html,,mesf-conditions__data-documentation__e252ae2091__chunk_16
mesf-conditions,mesf-conditions__var__glcm-combined,contains,https://resdac.org/cms-data/variables/glaucoma-indicator-combined-data,data/raw/html/variable_page/6ee0d584a9a50df3c58b8a53c2282fe3ac7e94a5.html,,mesf-conditions__data-documentation__e252ae2091__chunk_16
mesf-conditions,mesf-conditions__var__glcm-medicaid,contains,https://resdac.org/cms-data/variables/glaucoma-indicator-medicaid-only-data,data/raw/html/variable_page/eb1b56f4150b8f5e3ada7ee5e9a543bed845ed5b.html,,mesf-conditions__data-documentation__e252ae2091__chunk_16
mesf-conditions,mesf-conditions__var__glcm-medicare,contains,https://resdac.org/cms-data/variables/glaucoma-indicator-medicare-only-data,data/raw/html/variable_page/1c6776edb93d5df5cb98ec726a2c6afb5dd8dc00.html,,mesf-conditions__data-documentation__e252ae2091__chunk_16
mesf-conditions,mesf-conditions__var__hearim-combined,contains,https://resdac.org/cms-data/variables/hearing-impaired-indicator-combined-data,data/raw/html/variable_page/cb8aa5ef89af39e4c9b7780b1a0b4b6f6c5cacc9.html,,mesf-conditions__data-documentation__e252ae2091__chunk_16
mesf-conditions,mesf-conditions__var__hearim-medicaid,contains,https://resdac.org/cms-data/variables/hearing-impaired-indicator-medicaid-only-data,data/raw/html/variable_page/bf15075e53f29847c18e0c35c7c10b01efce55cb.html,,mesf-conditions__data-documentation__e252ae2091__chunk_17
mesf-conditions,mesf-conditions__var__hearim-medicare,contains,https://resdac.org/cms-data/variables/hearing-impaired-indicator-medicare-only-data,data/raw/html/variable_page/e12b63c584cef1ae82f4942653cdbdcb6474d37b.html,,mesf-conditions__data-documentation__e252ae2091__chunk_17
mesf-conditions,mesf-conditions__var__hepa-combined,contains,https://resdac.org/cms-data/variables/hepatitis-combined-medicare-medicaid-claims,data/raw/html/variable_page/02f386053b96677c25ba22b07271e44a9ac55799.html,,mesf-conditions__data-documentation__e252ae2091__chunk_17
mesf-conditions,mesf-conditions__var__hepa-medicaid,contains,https://resdac.org/cms-data/variables/hepatitis-medicaid-only-claims,data/raw/html/variable_page/6158f77ffbf1e2cf46f9301e3e14dafa6780ce81.html,,mesf-conditions__data-documentation__e252ae2091__chunk_17
mesf-conditions,mesf-conditions__var__hepa-medicare,contains,https://resdac.org/cms-data/variables/hepatitis-medicare-only-claims,data/raw/html/variable_page/6869ecda65035e93be096623829b23cec54f6cd0.html,,mesf-conditions__data-documentation__e252ae2091__chunk_17
mesf-conditions,mesf-conditions__var__hepb-act-combined,contains,https://resdac.org/cms-data/variables/hepatitis-b-acute-or-unspecified-combined-medicare-medicaid-claims,data/raw/html/variable_page/eda1bab1ddbef60f1ff75fd9eb2319691ddf74c5.html,,mesf-conditions__data-documentation__e252ae2091__chunk_18
mesf-conditions,mesf-conditions__var__hepb-act-medicaid,contains,https://resdac.org/cms-data/variables/hepatitis-b-acute-or-unspecified-medicaid-only-claims,data/raw/html/variable_page/9f4542ff98d16bd02d7435f14a270e759e1f00a9.html,,mesf-conditions__data-documentation__e252ae2091__chunk_18
mesf-conditions,mesf-conditions__var__hepb-act-medicare,contains,https://resdac.org/cms-data/variables/hepatitis-b-acute-or-unspecified-medicare-only-claims,data/raw/html/variable_page/a1b7bad29bd47734f9c16f0cf89381b3bce00189.html,,mesf-conditions__data-documentation__e252ae2091__chunk_18
mesf-conditions,mesf-conditions__var__hepb-chr-combined,contains,https://resdac.org/cms-data/variables/hepatitis-b-chronic-combined-medicare-medicaid-claims,data/raw/html/variable_page/565f5578e3951efb081b564e046407b962f2c954.html,,mesf-conditions__data-documentation__e252ae2091__chunk_18
mesf-conditions,mesf-conditions__var__hepb-chr-medicaid,contains,https://resdac.org/cms-data/variables/hepatitis-b-chronic-medicaid-only-claims,data/raw/html/variable_page/5b0845ba34bc26160252df51c27c0e4f89418450.html,,mesf-conditions__data-documentation__e252ae2091__chunk_19
mesf-conditions,mesf-conditions__var__hepb-chr-medicare,contains,https://resdac.org/cms-data/variables/hepatitis-b-chronic-medicare-only-claims,data/raw/html/variable_page/54989b80f8fe317d21ab1c86fdf9003aee530a3d.html,,mesf-conditions__data-documentation__e252ae2091__chunk_19
mesf-conditions,mesf-conditions__var__hepc-act-combined,contains,https://resdac.org/cms-data/variables/hepatitis-c-acute-combined-medicare-medicaid-claims,data/raw/html/variable_page/df10f953a6ef8f42a38c23d22140f0020dad6fd0.html,,mesf-conditions__data-documentation__e252ae2091__chunk_19
mesf-conditions,mesf-conditions__var__hepc-act-medicaid,contains,https://resdac.org/cms-data/variables/hepatitis-c-acute-medicaid-only-claims,data/raw/html/variable_page/c3aef0a1b356b115f4c5e879497c089223fa5a97.html,,mesf-conditions__data-documentation__e252ae2091__chunk_19
mesf-conditions,mesf-conditions__var__hepc-act-medicare,contains,https://resdac.org/cms-data/variables/hepatitis-c-acute-medicare-only-claims,data/raw/html/variable_page/7e6da3c282b2ebee94729b63ea646bf2379570aa.html,,mesf-conditions__data-documentation__e252ae2091__chunk_19
mesf-conditions,mesf-conditions__var__hepc-chr-combined,contains,https://resdac.org/cms-data/variables/hepatitis-c-chronic-combined-medicare-medicaid-claims,data/raw/html/variable_page/bf22edc9b4c56ba42519e0ece403b510a4c50026.html,,mesf-conditions__data-documentation__e252ae2091__chunk_20
mesf-conditions,mesf-conditions__var__hepc-chr-medicaid,contains,https://resdac.org/cms-data/variables/hepatitis-c-chronic-medicaid-only-claims,data/raw/html/variable_page/4b25fc5b91e623b7db7ce7814965916a830cfc11.html,,mesf-conditions__data-documentation__e252ae2091__chunk_20
mesf-conditions,mesf-conditions__var__hepc-chr-medicare,contains,https://resdac.org/cms-data/variables/hepatitis-c-chronic-medicare-only-claims,data/raw/html/variable_page/2d5b5ee02cf316e99a2cd39fd255f53ed19d0db0.html,,mesf-conditions__data-documentation__e252ae2091__chunk_20
mesf-conditions,mesf-conditions__var__hepc-uns-combined,contains,https://resdac.org/cms-data/variables/hepatitis-c-unspecified-combined-medicare-medicaid-claims,data/raw/html/variable_page/838d9400cc23c28d491338966490a98a7d2ddc5a.html,,mesf-conditions__data-documentation__e252ae2091__chunk_20
mesf-conditions,mesf-conditions__var__hepc-uns-medicaid,contains,https://resdac.org/cms-data/variables/hepatitis-c-unspecified-medicaid-only-claims,data/raw/html/variable_page/d56b4c6b5ca2bd9594212a4b7e14598e21d67065.html,,mesf-conditions__data-documentation__e252ae2091__chunk_21
mesf-conditions,mesf-conditions__var__hepc-uns-medicare,contains,https://resdac.org/cms-data/variables/hepatitis-c-unspecified-medicare-only-claims,data/raw/html/variable_page/e3c20eacbc8c735d8a988505442a8088c934c867.html,,mesf-conditions__data-documentation__e252ae2091__chunk_21
mesf-conditions,mesf-conditions__var__hepd-combined,contains,https://resdac.org/cms-data/variables/hepatitis-d-combined-medicare-medicaid-claims,data/raw/html/variable_page/17a4884e5dbb1d6dba5b62f54131323e159ab87d.html,,mesf-conditions__data-documentation__e252ae2091__chunk_21
mesf-conditions,mesf-conditions__var__hepd-medicaid,contains,https://resdac.org/cms-data/variables/hepatitis-d-medicaid-only-claims,data/raw/html/variable_page/b347cb89e85246ab7d5b7ed741ba64b1e13ab113.html,,mesf-conditions__data-documentation__e252ae2091__chunk_21
mesf-conditions,mesf-conditions__var__hepd-medicare,contains,https://resdac.org/cms-data/variables/hepatitis-d-medicare-only-claims,data/raw/html/variable_page/ab1e42ee7e7b5c47798612641103e0cffdd66354.html,,mesf-conditions__data-documentation__e252ae2091__chunk_21
mesf-conditions,mesf-conditions__var__hepe-combined,contains,https://resdac.org/cms-data/variables/hepatitis-e-combined-medicare-medicaid-claims,data/raw/html/variable_page/16953f5cdd11c160a6cf71ce469379b96769a3b8.html,,mesf-conditions__data-documentation__e252ae2091__chunk_21
mesf-conditions,mesf-conditions__var__hepe-medicaid,contains,https://resdac.org/cms-data/variables/hepatitis-e-medicaid-only-claims,data/raw/html/variable_page/9dad510831a03e0d939f73310ec9fa89dfbc5501.html,,mesf-conditions__data-documentation__e252ae2091__chunk_22
mesf-conditions,mesf-conditions__var__hepe-medicare,contains,https://resdac.org/cms-data/variables/hepatitis-e-medicare-only-claims,data/raw/html/variable_page/ef13c1987dfadcb87e7f4af1062e33cf3e514b4b.html,,mesf-conditions__data-documentation__e252ae2091__chunk_22
mesf-conditions,mesf-conditions__var__hepviral-combined,contains,https://resdac.org/cms-data/variables/viral-hepatitis-general-combined-medicare-medicaid-claims,data/raw/html/variable_page/3c62aed6c5f5ebf3cd683eaf96239bcaf44656d8.html,,mesf-conditions__data-documentation__e252ae2091__chunk_22
mesf-conditions,mesf-conditions__var__hepviral-medicaid,contains,https://resdac.org/cms-data/variables/viral-hepatitis-general-medicaid-only-claims,data/raw/html/variable_page/e4125ac05a2d4ebb9a75c49a19b185d1cacdc15a.html,,mesf-conditions__data-documentation__e252ae2091__chunk_22
mesf-conditions,mesf-conditions__var__hepviral-medicare,contains,https://resdac.org/cms-data/variables/viral-hepatitis-general-medicare-only-claims,data/raw/html/variable_page/976daa3335b90e43c11f0461075590d5536767a5.html,,mesf-conditions__data-documentation__e252ae2091__chunk_22
mesf-conditions,mesf-conditions__var__hfrac-combined,contains,https://resdac.org/cms-data/variables/hip-pelvic-fracture-indicator-combined-data,data/raw/html/variable_page/df863ea6b34955ee452552232385470eb9bb0fcb.html,,mesf-conditions__data-documentation__e252ae2091__chunk_23
mesf-conditions,mesf-conditions__var__hfrac-medicad,contains,https://resdac.org/cms-data/variables/hip-pelvic-fracture-indicator-medicaid-only-data,data/raw/html/variable_page/04dc48100f984d6916f35392a0f1d81d15438f23.html,,mesf-conditions__data-documentation__e252ae2091__chunk_23
mesf-conditions,mesf-conditions__var__hfrac-medicare,contains,https://resdac.org/cms-data/variables/hip-pelvic-fracture-indicator-medicare-only-data,data/raw/html/variable_page/4bf982583e1262ebe59952f72f9b8f8ee097243a.html,,mesf-conditions__data-documentation__e252ae2091__chunk_23
mesf-conditions,mesf-conditions__var__hivaids-combined,contains,https://resdac.org/cms-data/variables/hivaids-combined-medicare-medicaid-claims,data/raw/html/variable_page/db8734bb68828c648d930de4d6380e59a6ad2bc1.html,,mesf-conditions__data-documentation__e252ae2091__chunk_23
mesf-conditions,mesf-conditions__var__hivaids-medicaid,contains,https://resdac.org/cms-data/variables/hivaids-medicaid-only-claims,data/raw/html/variable_page/6231017fcc85fde71c56ff864ace228e96e83598.html,,mesf-conditions__data-documentation__e252ae2091__chunk_23
mesf-conditions,mesf-conditions__var__hivaids-medicare,contains,https://resdac.org/cms-data/variables/hivaids-medicare-only-claims,data/raw/html/variable_page/6844e22af372a7edee1ce02141d9f90f69d252de.html,,mesf-conditions__data-documentation__e252ae2091__chunk_24
mesf-conditions,mesf-conditions__var__hyplip-combined,contains,https://resdac.org/cms-data/variables/hyperlipidemia-indicator-combined-data,data/raw/html/variable_page/d27a6b5e819f2317d123a936dd861b98efe237ff.html,,mesf-conditions__data-documentation__e252ae2091__chunk_24
mesf-conditions,mesf-conditions__var__hyplip-medicaid,contains,https://resdac.org/cms-data/variables/hyperlipidemia-indicator-medicaid-only-data,data/raw/html/variable_page/c3b53532c372e95fb311aa498f44c498efa8e322.html,,mesf-conditions__data-documentation__e252ae2091__chunk_24
mesf-conditions,mesf-conditions__var__hyplip-medicare,contains,https://resdac.org/cms-data/variables/hyperlipidemia-indicator-medicare-only-data,data/raw/html/variable_page/9b96ea32c0075a6c4b6054732c5d4202720c6fe9.html,,mesf-conditions__data-documentation__e252ae2091__chunk_24
mesf-conditions,mesf-conditions__var__hyppla-combined,contains,https://resdac.org/cms-data/variables/benign-prostatic-hyperplasia-indicator-combined-data,data/raw/html/variable_page/d0617aae5a306727b1d9fab6160cdaa9edfca78e.html,,mesf-conditions__data-documentation__e252ae2091__chunk_24
mesf-conditions,mesf-conditions__var__hyppla-medicaid,contains,https://resdac.org/cms-data/variables/benign-prostatic-hyperplasia-indicator-medicaid-only-data,data/raw/html/variable_page/eb551a02a41f4d2584d9c4caee8566c9c598ac46.html,,mesf-conditions__data-documentation__e252ae2091__chunk_25
mesf-conditions,mesf-conditions__var__hyppla-medicare,contains,https://resdac.org/cms-data/variables/benign-prostatic-hyperplasia-indicator-medicare-only-data,data/raw/html/variable_page/3670917236a43fa635426dde754e73b1cd80a19b.html,,mesf-conditions__data-documentation__e252ae2091__chunk_25
mesf-conditions,mesf-conditions__var__hypten-combined,contains,https://resdac.org/cms-data/variables/hypertension-indicator-combined-data,data/raw/html/variable_page/1bd8195d72fd7c5ac8c91ff38b0aedca3632dfce.html,,mesf-conditions__data-documentation__e252ae2091__chunk_25
mesf-conditions,mesf-conditions__var__hypten-medicaid,contains,https://resdac.org/cms-data/variables/hypertension-indicator-medicaid-only-data,data/raw/html/variable_page/6cbda68bb4aff8fdb9269334fd7bddee7fa67053.html,,mesf-conditions__data-documentation__e252ae2091__chunk_25
mesf-conditions,mesf-conditions__var__hypten-medicare,contains,https://resdac.org/cms-data/variables/hypertension-indicator-medicare-only-data,data/raw/html/variable_page/bea490693f4e47e790a9f232c15b22f5de92111e.html,,mesf-conditions__data-documentation__e252ae2091__chunk_25
mesf-conditions,mesf-conditions__var__hypthy-combined,contains,https://resdac.org/cms-data/variables/acquired-hypothyroidism-indicator-combined-data,data/raw/html/variable_page/496c5a51da49e08e72c705194e2b385f6705c29c.html,,mesf-conditions__data-documentation__e252ae2091__chunk_26
mesf-conditions,mesf-conditions__var__hypthy-medicaid,contains,https://resdac.org/cms-data/variables/acquired-hypothyroidism-indicator-medicaid-only-data,data/raw/html/variable_page/5e264e58328a135ed1f10241fdb95b30ee7e807e.html,,mesf-conditions__data-documentation__e252ae2091__chunk_26
mesf-conditions,mesf-conditions__var__hypthy-medicare,contains,https://resdac.org/cms-data/variables/acquired-hypothyroidism-indicator-medicare-only-data,data/raw/html/variable_page/71e1b8bc281f702ea5a144b4d000e1f2ed10b343.html,,mesf-conditions__data-documentation__e252ae2091__chunk_26
mesf-conditions,mesf-conditions__var__ihd-combined,contains,https://resdac.org/cms-data/variables/ischemic-heart-disease-indicator-combined-data,data/raw/html/variable_page/efdef576971a7fc0fffcd7437133b02ee3a738e8.html,,mesf-conditions__data-documentation__e252ae2091__chunk_26
mesf-conditions,mesf-conditions__var__ihd-medicaid,contains,https://resdac.org/cms-data/variables/ischemic-heart-disease-indicator-medicaid-only-data,data/raw/html/variable_page/0f857e1b3f57b26c577f9662bdc7cc03ec49a1c8.html,,mesf-conditions__data-documentation__e252ae2091__chunk_27
mesf-conditions,mesf-conditions__var__ihd-medicare,contains,https://resdac.org/cms-data/variables/ischemic-heart-disease-indicator-medicare-only-data,data/raw/html/variable_page/efe13295e7c6abed0183f412f266efce27dc1ddd.html,,mesf-conditions__data-documentation__e252ae2091__chunk_27
mesf-conditions,mesf-conditions__var__intdis-combined,contains,https://resdac.org/cms-data/variables/intellectual-disabilities-indicator-combined-data,data/raw/html/variable_page/a9e02c34e1713235aefc7a57778b0693b4caef60.html,,mesf-conditions__data-documentation__e252ae2091__chunk_27
mesf-conditions,mesf-conditions__var__intdis-medicaid,contains,https://resdac.org/cms-data/variables/intellectual-disabilities-indicator-medicaid-only-data,data/raw/html/variable_page/5ef7b9a29128c0e165cfdc5bee13d15a452a10ad.html,,mesf-conditions__data-documentation__e252ae2091__chunk_27
mesf-conditions,mesf-conditions__var__intdis-medicare,contains,https://resdac.org/cms-data/variables/intellectual-disabilities-indicator-medicare-only-data,data/raw/html/variable_page/c22386fc690e85ad8d0d01a7e4ab223148f51c67.html,,mesf-conditions__data-documentation__e252ae2091__chunk_27
mesf-conditions,mesf-conditions__var__leadis-combined,contains,https://resdac.org/cms-data/variables/learning-disabilities-indicator-combined-data,data/raw/html/variable_page/ae2acf982041b6064162f4f77c9148f8c22c3d39.html,,mesf-conditions__data-documentation__e252ae2091__chunk_28
mesf-conditions,mesf-conditions__var__leadis-medicaid,contains,https://resdac.org/cms-data/variables/learning-disabilities-indicator-medicaid-only-data,data/raw/html/variable_page/b3b5919e64ad8db06115612099f04ebd3e53c51d.html,,mesf-conditions__data-documentation__e252ae2091__chunk_28
mesf-conditions,mesf-conditions__var__leadis-medicare,contains,https://resdac.org/cms-data/variables/learning-disabilities-indicator-medicare-only-data,data/raw/html/variable_page/c58b4f195db3e4453707abb1532ffd19b7bd11b5.html,,mesf-conditions__data-documentation__e252ae2091__chunk_28
mesf-conditions,mesf-conditions__var__leuklymph-combined,contains,https://resdac.org/cms-data/variables/leukemias-and-lymphomas-combined-medicare-medicaid-claims,data/raw/html/variable_page/9e29a4ca7e11d48843f2dcda7003cf97779f1521.html,,mesf-conditions__data-documentation__e252ae2091__chunk_28
mesf-conditions,mesf-conditions__var__leuklymph-medicaid,contains,https://resdac.org/cms-data/variables/leukemias-and-lymphomas-medicaid-only-claims,data/raw/html/variable_page/b5023e148fe80a87e59f1d340327a868b5309c6f.html,,mesf-conditions__data-documentation__e252ae2091__chunk_29
mesf-conditions,mesf-conditions__var__leuklymph-medicare,contains,https://resdac.org/cms-data/variables/leukemias-and-lymphomas-medicare-only-claims,data/raw/html/variable_page/334ccceab33a49873a00a6fff651e141d966cd47.html,,mesf-conditions__data-documentation__e252ae2091__chunk_29
mesf-conditions,mesf-conditions__var__liver-combined,contains,https://resdac.org/cms-data/variables/liver-disease-cirrhosis-oth-liver-cond-excl-hepatitis-combined-medicare-medicaid,data/raw/html/variable_page/20d768214f7449989df22354e21bfbf81a75ff42.html,,mesf-conditions__data-documentation__e252ae2091__chunk_29
mesf-conditions,mesf-conditions__var__liver-medicaid,contains,https://resdac.org/cms-data/variables/liver-disease-cirrhosis-oth-liver-cond-excl-hepatitis-medicaid-only-claims,data/raw/html/variable_page/e2b59c75a5348ab979c55c5fe5bf619b5ca058c3.html,,mesf-conditions__data-documentation__e252ae2091__chunk_29
mesf-conditions,mesf-conditions__var__liver-medicare,contains,https://resdac.org/cms-data/variables/liver-disease-cirrhosis-oth-liver-cond-excl-hepatitis-medicare-only-claims,data/raw/html/variable_page/d3ad7e5bc67b6bb4ec87bf654579e5e2c0ca2b9b.html,,mesf-conditions__data-documentation__e252ae2091__chunk_30
mesf-conditions,mesf-conditions__var__lngc-combined,contains,https://resdac.org/cms-data/variables/lung-cancer-indicator-combined-data,data/raw/html/variable_page/b70135a2a31df7cf1d4bee523d9b6d6934257397.html,,mesf-conditions__data-documentation__e252ae2091__chunk_30
mesf-conditions,mesf-conditions__var__lngc-medicaid,contains,https://resdac.org/cms-data/variables/lung-cancer-indicator-medicaid-only-data,data/raw/html/variable_page/28b77aff1de58ab8941fdc323e7dc8f5cf273736.html,,mesf-conditions__data-documentation__e252ae2091__chunk_30
mesf-conditions,mesf-conditions__var__lngc-medicare,contains,https://resdac.org/cms-data/variables/lung-cancer-indicator-medicare-only-data,data/raw/html/variable_page/966a9e1bcbe46a5b9fd3d5ffa7879197f0e2a2b1.html,,mesf-conditions__data-documentation__e252ae2091__chunk_30
mesf-conditions,mesf-conditions__var__migraine-combined,contains,https://resdac.org/cms-data/variables/migraine-and-other-chronic-headache-combined-medicare-medicaid-claims,data/raw/html/variable_page/470b5fd52c87274d109ca49ee0950da76a7898ac.html,,mesf-conditions__data-documentation__e252ae2091__chunk_30
mesf-conditions,mesf-conditions__var__migraine-medicaid,contains,https://resdac.org/cms-data/variables/migraine-and-other-chronic-headache-medicaid-only-claims,data/raw/html/variable_page/24595c7a6987f402045f35b58e6fa30dcac12db0.html,,mesf-conditions__data-documentation__e252ae2091__chunk_31
mesf-conditions,mesf-conditions__var__migraine-medicare,contains,https://resdac.org/cms-data/variables/migraine-and-other-chronic-headache-medicare-only-claims,data/raw/html/variable_page/a4ed5c6c5ab08c3b532d1f4127c69f4d321fe2f9.html,,mesf-conditions__data-documentation__e252ae2091__chunk_31
mesf-conditions,mesf-conditions__var__mobimp-combined,contains,https://resdac.org/cms-data/variables/mobility-impairments-indicator-combined-data,data/raw/html/variable_page/060dcb8e89ab201c5aea9d784fa1fec43c8e2bf3.html,,mesf-conditions__data-documentation__e252ae2091__chunk_31
mesf-conditions,mesf-conditions__var__mobimp-medicaid,contains,https://resdac.org/cms-data/variables/mobility-impairments-indicator-medicaid-only-data,data/raw/html/variable_page/609f13992b6e898438d4f1a2d74d93148f4fdb12.html,,mesf-conditions__data-documentation__e252ae2091__chunk_31
mesf-conditions,mesf-conditions__var__mobimp-medicare,contains,https://resdac.org/cms-data/variables/mobility-impairments-indicator-medicare-only-data,data/raw/html/variable_page/d4b0f02b3cf26654d9702f6da067a33dbd4793ef.html,,mesf-conditions__data-documentation__e252ae2091__chunk_32
mesf-conditions,mesf-conditions__var__msis-id,contains,https://resdac.org/cms-data/variables/encrypted-msis-identification-number,data/raw/html/variable_page/1defe64688e17977a652b82939f29d0fc4ac5542.html,,mesf-conditions__data-documentation__e252ae2091__chunk_0
mesf-conditions,mesf-conditions__var__mulscl-combined,contains,https://resdac.org/cms-data/variables/multiple-sclerosis-and-transverse-myelitis-indicator-combined-data,data/raw/html/variable_page/7d9bd37a3c8c5e7ae0941a683155fca609707bed.html,,mesf-conditions__data-documentation__e252ae2091__chunk_32
mesf-conditions,mesf-conditions__var__mulscl-medicaid,contains,https://resdac.org/cms-data/variables/multiple-sclerosis-and-transverse-myelitis-indicator-medicaid-only-data,data/raw/html/variable_page/59da54492a816a43a1ea41c113b96d69db1ce0f2.html,,mesf-conditions__data-documentation__e252ae2091__chunk_32
mesf-conditions,mesf-conditions__var__mulscl-medicare,contains,https://resdac.org/cms-data/variables/multiple-sclerosis-and-transverse-myelitis-indicator-medicare-only-data,data/raw/html/variable_page/96e5d69589a0f487d29931d9fb5212e8b5df414a.html,,mesf-conditions__data-documentation__e252ae2091__chunk_32
mesf-conditions,mesf-conditions__var__musdys-combined,contains,https://resdac.org/cms-data/variables/muscular-dystrophy-indicator-combined-data,data/raw/html/variable_page/663f2f7652e3b3272a71b4909a72bf1ca9ef55e9.html,,mesf-conditions__data-documentation__e252ae2091__chunk_33
mesf-conditions,mesf-conditions__var__musdys-medicaid,contains,https://resdac.org/cms-data/variables/muscular-dystrophy-indicator-medicare-only-data,data/raw/html/variable_page/252778e663f68ecdafdf0baac7f43825124aa7a5.html,,mesf-conditions__data-documentation__e252ae2091__chunk_33
mesf-conditions,mesf-conditions__var__musdys-medicare,contains,https://resdac.org/cms-data/variables/muscular-dystrophy-indicator-medicaid-only-data,data/raw/html/variable_page/d9cf0155218fb31b263a0c470b213e5c5fb53d7c.html,,mesf-conditions__data-documentation__e252ae2091__chunk_33
mesf-conditions,mesf-conditions__var__obesity-combined,contains,https://resdac.org/cms-data/variables/obesity-combined-medicare-medicaid-claims,data/raw/html/variable_page/dd6498cf3f6b1c0ed63ee4b15cec85169741aff1.html,,mesf-conditions__data-documentation__e252ae2091__chunk_33
mesf-conditions,mesf-conditions__var__obesity-medicaid,contains,https://resdac.org/cms-data/variables/obesity-medicaid-only-claims,data/raw/html/variable_page/f4b02ff2487bd3323d5a5b33202bc0482add160d.html,,mesf-conditions__data-documentation__e252ae2091__chunk_33
mesf-conditions,mesf-conditions__var__obesity-medicare,contains,https://resdac.org/cms-data/variables/obesity-medicare-only-claims,data/raw/html/variable_page/603d37be8615778a9fda690b987a5cafb307cc82.html,,mesf-conditions__data-documentation__e252ae2091__chunk_34
mesf-conditions,mesf-conditions__var__ost-combined,contains,https://resdac.org/cms-data/variables/osteoporosis-indicator-combined-data,data/raw/html/variable_page/5aac47d0c9cfe1dcaa5686dcc4714ab7d1c2e02a.html,,mesf-conditions__data-documentation__e252ae2091__chunk_34
mesf-conditions,mesf-conditions__var__ost-medicaid,contains,https://resdac.org/cms-data/variables/osteoporosis-indicator-medicaid-only-data,data/raw/html/variable_page/33642bf0bf5eda3c3ef34774673189fd41fd4909.html,,mesf-conditions__data-documentation__e252ae2091__chunk_34
mesf-conditions,mesf-conditions__var__ost-medicare,contains,https://resdac.org/cms-data/variables/osteoporosis-indicator-medicare-only-data,data/raw/html/variable_page/df4759765cfb8f097ec6cc26bc6ee2be8603c905.html,,mesf-conditions__data-documentation__e252ae2091__chunk_34
mesf-conditions,mesf-conditions__var__othdel-combined,contains,https://resdac.org/cms-data/variables/other-developmental-delays-indicator-combined-data,data/raw/html/variable_page/e377b3812f2aa953c90209b2f0f2268c4d68e491.html,,mesf-conditions__data-documentation__e252ae2091__chunk_34
mesf-conditions,mesf-conditions__var__othdel-medicaid,contains,https://resdac.org/cms-data/variables/other-developmental-delays-indicator-medicaid-only-data,data/raw/html/variable_page/7efe2b74ebd79d2f5d322321a511f73275c30c20.html,,mesf-conditions__data-documentation__e252ae2091__chunk_35
mesf-conditions,mesf-conditions__var__othdel-medicare,contains,https://resdac.org/cms-data/variables/other-developmental-delays-indicator-medicare-only-data,data/raw/html/variable_page/78f88bc7ebadbc208cd46fe6a4a3fa79fd17fcc1.html,,mesf-conditions__data-documentation__e252ae2091__chunk_35
mesf-conditions,mesf-conditions__var__oud-any-combined,contains,https://resdac.org/cms-data/variables/overarching-oud-disorder-any-3-sub-indicators-combined-claims,data/raw/html/variable_page/60a28fa958b857ba61041b93604f7c530ca8706e.html,,mesf-conditions__data-documentation__e252ae2091__chunk_35
mesf-conditions,mesf-conditions__var__oud-any-medicaid,contains,https://resdac.org/cms-data/variables/overarching-oud-disorder-any-3-sub-indctrs-mdcd-only-claims,data/raw/html/variable_page/f8ea0d5829080076740d0fdfd2644d95ab7f4104.html,,mesf-conditions__data-documentation__e252ae2091__chunk_35
mesf-conditions,mesf-conditions__var__oud-any-medicare,contains,https://resdac.org/cms-data/variables/overarching-oud-disorder-any-3-sub-indctrs-mdcr-only-claims,data/raw/html/variable_page/5a2a8b07b80fd8604e6b9e8d3b85c90ef25528c3.html,,mesf-conditions__data-documentation__e252ae2091__chunk_36
mesf-conditions,mesf-conditions__var__oud-dx-combined,contains,https://resdac.org/cms-data/variables/diagnosis-and-procedure-basis-oud-combined-claims,data/raw/html/variable_page/8f0afcad65f9955ce35283f90280939c3ffd832d.html,,mesf-conditions__data-documentation__e252ae2091__chunk_36
mesf-conditions,mesf-conditions__var__oud-dx-medicaid,contains,https://resdac.org/cms-data/variables/diagnosis-and-procedure-basis-oud-medicaid-only-claims,data/raw/html/variable_page/4e623cefd74d894e2faeda8939e40a1d5214189b.html,,mesf-conditions__data-documentation__e252ae2091__chunk_36
mesf-conditions,mesf-conditions__var__oud-dx-medicare,contains,https://resdac.org/cms-data/variables/diagnosis-and-procedure-basis-oud-medicare-only-claims-0,data/raw/html/variable_page/90409b35aea6ef8bb5702eadeff2f97461a9c03a.html,,mesf-conditions__data-documentation__e252ae2091__chunk_36
mesf-conditions,mesf-conditions__var__oud-hosp-combined,contains,https://resdac.org/cms-data/variables/opioid-related-hospitalization-or-emergency-department-combined-claims,data/raw/html/variable_page/1c7dfeab7ebc033c0cd8e80fd16d21780f6caccc.html,,mesf-conditions__data-documentation__e252ae2091__chunk_37
mesf-conditions,mesf-conditions__var__oud-hosp-medicaid,contains,https://resdac.org/cms-data/variables/opioid-related-hospitalization-or-emergency-department-medicaid-only-claims,data/raw/html/variable_page/660d4f27ab25c8936515e8a2ae93c65b91cc3aa7.html,,mesf-conditions__data-documentation__e252ae2091__chunk_37
mesf-conditions,mesf-conditions__var__oud-hosp-medicare,contains,https://resdac.org/cms-data/variables/opioid-related-hospitalization-or-emergency-department-medicare-only-claims,data/raw/html/variable_page/65ba80f83d5ee24940eb42b3000cfe9cbb27bd3c.html,,mesf-conditions__data-documentation__e252ae2091__chunk_37
mesf-conditions,mesf-conditions__var__oud-mat-combined,contains,https://resdac.org/cms-data/variables/use-medication-assisted-treatment-mat-combined-claims,data/raw/html/variable_page/583d666886ddb81ad014b039b636568d2f63a7d0.html,,mesf-conditions__data-documentation__e252ae2091__chunk_37
mesf-conditions,mesf-conditions__var__oud-mat-medicaid,contains,https://resdac.org/cms-data/variables/use-medication-assisted-treatment-mat-medicaid-only-claims,data/raw/html/variable_page/3ddfe7c5ec1e8ecb92d0a7b90f830531ddc713f9.html,,mesf-conditions__data-documentation__e252ae2091__chunk_38
mesf-conditions,mesf-conditions__var__oud-mat-medicare,contains,https://resdac.org/cms-data/variables/use-medication-assisted-treatment-mat-medicare-only-claims-mesf,data/raw/html/variable_page/58ede60ecfdad1a96f891bc533ddce7e792c88de.html,,mesf-conditions__data-documentation__e252ae2091__chunk_38
mesf-conditions,mesf-conditions__var__prc-combined,contains,https://resdac.org/cms-data/variables/prostate-cancer-indicator-combined-data,data/raw/html/variable_page/0439277eaa4f13b5222b798b94dee05770b4abce.html,,mesf-conditions__data-documentation__e252ae2091__chunk_38
mesf-conditions,mesf-conditions__var__prc-medicaid,contains,https://resdac.org/cms-data/variables/prostate-cancer-indicator-medicaid-only-data,data/raw/html/variable_page/f3d6a03116d734427e4535f7ee40ba9c776cfa7e.html,,mesf-conditions__data-documentation__e252ae2091__chunk_38
mesf-conditions,mesf-conditions__var__prc-medicare,contains,https://resdac.org/cms-data/variables/prostate-cancer-indicator-medicare-only-data,data/raw/html/variable_page/0d6881babc38dbb61a4788b3bdc6422075ca5371.html,,mesf-conditions__data-documentation__e252ae2091__chunk_38
mesf-conditions,mesf-conditions__var__psds-combined,contains,https://resdac.org/cms-data/variables/personality-disorders-indicator-combined-data,data/raw/html/variable_page/08d51abd5796e09a5d24a21808160198fe748b6f.html,,mesf-conditions__data-documentation__e252ae2091__chunk_39
mesf-conditions,mesf-conditions__var__psds-medicaid,contains,https://resdac.org/cms-data/variables/personality-disorders-indicator-medicaid-only-data,data/raw/html/variable_page/b1b6764932a4caa5d712e104307ac51aa32f35ba.html,,mesf-conditions__data-documentation__e252ae2091__chunk_39
mesf-conditions,mesf-conditions__var__psds-medicare,contains,https://resdac.org/cms-data/variables/personality-disorders-indicator-medicare-only-data,data/raw/html/variable_page/7afbb72c53ffd9cfbd1e82bd57652f0702277bf5.html,,mesf-conditions__data-documentation__e252ae2091__chunk_39
mesf-conditions,mesf-conditions__var__ptra-combined,contains,https://resdac.org/cms-data/variables/ptsd-indicator-combined-data,data/raw/html/variable_page/11b7e25bf0a355a85d5f7a26bc6a458ab70e4e5b.html,,mesf-conditions__data-documentation__e252ae2091__chunk_39
mesf-conditions,mesf-conditions__var__ptra-medicaid,contains,https://resdac.org/cms-data/variables/ptsd-indicator-medicaid-only-data,data/raw/html/variable_page/3a0eefea45e7dd409451cf70a6af364faf5df7e7.html,,mesf-conditions__data-documentation__e252ae2091__chunk_39
mesf-conditions,mesf-conditions__var__ptra-medicare,contains,https://resdac.org/cms-data/variables/ptsd-indicator-medicare-only-data,data/raw/html/variable_page/04077d8dd0128095efd6d1e1bca7e75d0166f035.html,,mesf-conditions__data-documentation__e252ae2091__chunk_40
mesf-conditions,mesf-conditions__var__pvd-combined,contains,https://resdac.org/cms-data/variables/peripheral-vascular-disease-combined-medicare-medicaid-claims,data/raw/html/variable_page/74e830a4b652a0dfe6a11bba0a354ccec0f8dfa6.html,,mesf-conditions__data-documentation__e252ae2091__chunk_40
mesf-conditions,mesf-conditions__var__pvd-medicaid,contains,https://resdac.org/cms-data/variables/peripheral-vascular-disease-medicaid-only-claims,data/raw/html/variable_page/625b8812cadd9bcb3ebfbb05575bedf9bb18143a.html,,mesf-conditions__data-documentation__e252ae2091__chunk_40
mesf-conditions,mesf-conditions__var__pvd-medicare,contains,https://resdac.org/cms-data/variables/peripheral-vascular-disease-medicare-only-claims,data/raw/html/variable_page/51fffb150c2523b29077b0842998b3278ee2fcae.html,,mesf-conditions__data-documentation__e252ae2091__chunk_40
mesf-conditions,mesf-conditions__var__raoa-combined,contains,https://resdac.org/cms-data/variables/rheumatoid-osteo-arthritis-indicator-combined-data,data/raw/html/variable_page/ee1b24d845b61e9d2fddcbec91b8bd9a6c885130.html,,mesf-conditions__data-documentation__e252ae2091__chunk_40
mesf-conditions,mesf-conditions__var__raoa-medicaid,contains,https://resdac.org/cms-data/variables/rheumatoid-osteo-arthritis-indicator-medicaid-only,data/raw/html/variable_page/eedcf2ea483df1a94f140b45a7816d08bf426a68.html,,mesf-conditions__data-documentation__e252ae2091__chunk_41
mesf-conditions,mesf-conditions__var__raoa-medicare,contains,https://resdac.org/cms-data/variables/rheumatoid-osteo-arthritis-indicator-medicare-only,data/raw/html/variable_page/c4d5a035c86b6f78ac5abd7cee783501d541f486.html,,mesf-conditions__data-documentation__e252ae2091__chunk_41
mesf-conditions,mesf-conditions__var__scd-combined,contains,https://resdac.org/cms-data/variables/sickle-cell-disease-indicator-combined-data,data/raw/html/variable_page/182cede6e06912e5227aca473af2c5141f0dc663.html,,mesf-conditions__data-documentation__e252ae2091__chunk_41
mesf-conditions,mesf-conditions__var__scd-medicaid,contains,https://resdac.org/cms-data/variables/sickle-cell-disease-indicator-medicaid-only-data,data/raw/html/variable_page/655cd5d0196f0053cc8b76114e223b21f2582695.html,,mesf-conditions__data-documentation__e252ae2091__chunk_41
mesf-conditions,mesf-conditions__var__scd-medicare,contains,https://resdac.org/cms-data/variables/sickle-cell-disease-indicator-medicare-only-data,data/raw/html/variable_page/fcdf3081eeac0032934a275b7dbf7d6f2867111a.html,,mesf-conditions__data-documentation__e252ae2091__chunk_41
mesf-conditions,mesf-conditions__var__schiot-combined,contains,https://resdac.org/cms-data/variables/schizophrenia-and-other-psychotic-disorders-indicator-combined-data,data/raw/html/variable_page/286d17ea5a220b56905bead47bdfec8ce6808595.html,,mesf-conditions__data-documentation__e252ae2091__chunk_42
mesf-conditions,mesf-conditions__var__schiot-medicaid,contains,https://resdac.org/cms-data/variables/schizophrenia-and-other-psychotic-disorders-indicator-medicaid-only-data,data/raw/html/variable_page/746be2fafed1d2e76b2911a51e56c8d1f3bce285.html,,mesf-conditions__data-documentation__e252ae2091__chunk_43
mesf-conditions,mesf-conditions__var__schiot-medicare,contains,https://resdac.org/cms-data/variables/schizophrenia-and-other-psychotic-disorders-indicator-medicare-only-data,data/raw/html/variable_page/a1d7edd956592fae38511a85d92ca756be52b66e.html,,mesf-conditions__data-documentation__e252ae2091__chunk_43
mesf-conditions,mesf-conditions__var__schi-combined,contains,https://resdac.org/cms-data/variables/schizophrenia-indicator-combined-data,data/raw/html/variable_page/25e3cd4cc7a223870f8d79929e2afe76b62a1c2c.html,,mesf-conditions__data-documentation__e252ae2091__chunk_42
mesf-conditions,mesf-conditions__var__schi-medicaid,contains,https://resdac.org/cms-data/variables/schizophrenia-indicator-medicaid-only-data,data/raw/html/variable_page/d26a9ec4801ccf8123bb95df2357751fc8f321e1.html,,mesf-conditions__data-documentation__e252ae2091__chunk_42
mesf-conditions,mesf-conditions__var__schi-medicare,contains,https://resdac.org/cms-data/variables/schizophrenia-indicator-medicare-only-data,data/raw/html/variable_page/ee83a7814b9ca9497aba55c7689ab8e582d28c39.html,,mesf-conditions__data-documentation__e252ae2091__chunk_42
mesf-conditions,mesf-conditions__var__spibif-combined,contains,https://resdac.org/cms-data/variables/spina-bifida-and-other-congenital-anomalies-indicator-combined-data,data/raw/html/variable_page/1307dc0e6f489aebe002c949b44a8336ab613b6b.html,,mesf-conditions__data-documentation__e252ae2091__chunk_43
mesf-conditions,mesf-conditions__var__spibif-medicaid,contains,https://resdac.org/cms-data/variables/spina-bifida-and-other-congenital-anomalies-indicator-medicaid-only-data,data/raw/html/variable_page/9f9095f2f46efd403a60ed8cbf12c8770aa47a22.html,,mesf-conditions__data-documentation__e252ae2091__chunk_43
mesf-conditions,mesf-conditions__var__spibif-medicare,contains,https://resdac.org/cms-data/variables/spina-bifida-and-other-congenital-anomalies-indicator-medicare-ony-data,data/raw/html/variable_page/3caa1c7f7b42fbfc1881aa63780d0bf94114c9ad.html,,mesf-conditions__data-documentation__e252ae2091__chunk_44
mesf-conditions,mesf-conditions__var__spiinj-combined,contains,https://resdac.org/cms-data/variables/spinal-cord-injury-combined-medicare-medicaid-claims,data/raw/html/variable_page/f8a4d83a36276ad979712eb0a486cb74658630be.html,,mesf-conditions__data-documentation__e252ae2091__chunk_44
mesf-conditions,mesf-conditions__var__spiinj-medicaid,contains,https://resdac.org/cms-data/variables/spinal-cord-injury-medicaid-only-claims,data/raw/html/variable_page/bfb7059afdf62d184fe03cf0a761a51b7a81413c.html,,mesf-conditions__data-documentation__e252ae2091__chunk_44
mesf-conditions,mesf-conditions__var__spiinj-medicare,contains,https://resdac.org/cms-data/variables/spinal-cord-injury-medicare-only-claims,data/raw/html/variable_page/bfd5862ad472e294914eb039c1873ba2df6b4c7d.html,,mesf-conditions__data-documentation__e252ae2091__chunk_44
mesf-conditions,mesf-conditions__var__state-cd,contains,https://resdac.org/cms-data/variables/state-code-mesf,data/raw/html/variable_page/8941028f07438916437628687a3d49cd9f3feae8.html,,mesf-conditions__data-documentation__e252ae2091__chunk_0
mesf-conditions,mesf-conditions__var__strk-combined,contains,https://resdac.org/cms-data/variables/stroketransient-ischemic-attack-indicator-combined-data,data/raw/html/variable_page/09634852225409ac9d9cc5946d0d00c7be27b209.html,,mesf-conditions__data-documentation__e252ae2091__chunk_45
mesf-conditions,mesf-conditions__var__strk-medicaid,contains,https://resdac.org/cms-data/variables/stroketransient-ischemic-attack-indicator-medicaid-only-data,data/raw/html/variable_page/4d9ed295c81d3bc442ac1e7675352181424a0d76.html,,mesf-conditions__data-documentation__e252ae2091__chunk_45
mesf-conditions,mesf-conditions__var__strk-medicare,contains,https://resdac.org/cms-data/variables/stroketransient-ischemic-attack-indicator-medicare-only-data,data/raw/html/variable_page/e3d6fc60cef3c22ae9985ca24449f0abde29639b.html,,mesf-conditions__data-documentation__e252ae2091__chunk_45
mesf-conditions,mesf-conditions__var__toba-combined,contains,https://resdac.org/cms-data/variables/tobacco-use-disorders-indicator-combined-data,data/raw/html/variable_page/66c0c0bc2817b651e8ff9981edcd100cf304654b.html,,mesf-conditions__data-documentation__e252ae2091__chunk_45
mesf-conditions,mesf-conditions__var__toba-medicaid,contains,https://resdac.org/cms-data/variables/tobacco-use-disorders-indicator-medicaid-only-data,data/raw/html/variable_page/f97ed04a7c5a1aed0c32c40e892219438261d4e1.html,,mesf-conditions__data-documentation__e252ae2091__chunk_45
mesf-conditions,mesf-conditions__var__toba-medicare,contains,https://resdac.org/cms-data/variables/tobacco-use-disorders-indicator-medicare-only-data,data/raw/html/variable_page/8ef0602c89d44e11d7707222bbd3bf98a3d807a2.html,,mesf-conditions__data-documentation__e252ae2091__chunk_46
mesf-conditions,mesf-conditions__var__ulcers-combined,contains,https://resdac.org/cms-data/variables/pressure-ulcers-and-chronic-ulcers-combined-medicare-medicaid-claims,data/raw/html/variable_page/0946b61cc1c9b6a34e98a408f18ba83a3efa8b0e.html,,mesf-conditions__data-documentation__e252ae2091__chunk_46
mesf-conditions,mesf-conditions__var__ulcers-medicaid,contains,https://resdac.org/cms-data/variables/pressure-ulcers-and-chronic-ulcers-medicaid-only-claims,data/raw/html/variable_page/db2e4dd743773c828f596007e2d35fdde505eef6.html,,mesf-conditions__data-documentation__e252ae2091__chunk_46
mesf-conditions,mesf-conditions__var__ulcers-medicare,contains,https://resdac.org/cms-data/variables/pressure-ulcers-and-chronic-ulcers-medicare-only-claims,data/raw/html/variable_page/e37a03f0926b8d658d96ce271ada5214ec2bca6a.html,,mesf-conditions__data-documentation__e252ae2091__chunk_46
mesf-conditions,mesf-conditions__var__visual-combined,contains,https://resdac.org/cms-data/variables/sensory-blindness-and-visual-impairment-combined-data,data/raw/html/variable_page/b66d3d18646939b0de90c285f6816ff8ca09217d.html,,mesf-conditions__data-documentation__e252ae2091__chunk_47
mesf-conditions,mesf-conditions__var__visual-medicaid,contains,https://resdac.org/cms-data/variables/sensory-blindness-and-visual-impairment-medicaid-only-data,data/raw/html/variable_page/3264616abdd4b362b6a49ed835b03bdf121d19ee.html,,mesf-conditions__data-documentation__e252ae2091__chunk_47
mesf-conditions,mesf-conditions__var__visual-medicare,contains,https://resdac.org/cms-data/variables/sensory-blindness-and-visual-impairment-medicare-only-data,data/raw/html/variable_page/9e268a066a25f9684fd629d3c168ed529410cd64.html,,mesf-conditions__data-documentation__e252ae2091__chunk_47
mesf-ndi,mesf-ndi__var__bene-id,contains,https://resdac.org/cms-data/variables/encrypted-723-beneficiary-id-unique-key,data/raw/html/variable_page/af3daccc2b329ef685940ff6edda336b697dfeab.html,,mesf-ndi__data-documentation__856a7e4838__chunk_1
mesf-ndi,mesf-ndi__var__death-cert-num,contains,https://resdac.org/cms-data/variables/ndi-death-certificate-number-0,data/raw/html/variable_page/21d1bac0728e4a29cf895b483cbc8906b6b9ba14.html,,mesf-ndi__data-documentation__856a7e4838__chunk_2
mesf-ndi,mesf-ndi__var__death-dt,contains,https://resdac.org/cms-data/variables/date-death-1,data/raw/html/variable_page/3bd1674c91a23ffe41be6fc76bedef242a84d68d.html,,mesf-ndi__data-documentation__856a7e4838__chunk_1
mesf-ndi,mesf-ndi__var__dm-source,contains,https://resdac.org/cms-data/variables/dual-or-medicaid-only-enrollee,data/raw/html/variable_page/62a58deb1d378f50d8bf411ef1c6f4d7a08ed450.html,,mesf-ndi__data-documentation__856a7e4838__chunk_1
mesf-ndi,mesf-ndi__var__icd-code,contains,https://resdac.org/cms-data/variables/icd-10-code,data/raw/html/variable_page/09d5aa56ce7494b26d84c7e1d4c3b33c5522f731.html,,mesf-ndi__data-documentation__856a7e4838__chunk_2
mesf-ndi,mesf-ndi__var__icd-code-113,contains,https://resdac.org/cms-data/variables/113-icd-10-cause-death-recodes-0,data/raw/html/variable_page/7a988e58caba31b41fcfdbf58d3c944cd5807555.html,,mesf-ndi__data-documentation__856a7e4838__chunk_2
mesf-ndi,mesf-ndi__var__icd-code-130,contains,https://resdac.org/cms-data/variables/130-icd-10-cause-death-recodes-0,data/raw/html/variable_page/e7674e51eb0a88c7e530142bccdf1c518694fa36.html,,mesf-ndi__data-documentation__856a7e4838__chunk_2
mesf-ndi,mesf-ndi__var__icd-code-358,contains,https://resdac.org/cms-data/variables/358-icd-10-cause-death-recodes-0,data/raw/html/variable_page/fd9b3fa615d81e78374e5dbebf09bb2f0a35a520.html,,mesf-ndi__data-documentation__856a7e4838__chunk_2
mesf-ndi,mesf-ndi__var__icd-title,contains,https://resdac.org/cms-data/variables/icd-10-code-description,data/raw/html/variable_page/c8b86ea61762b1145dc73283930b064e487da3e1.html,,mesf-ndi__data-documentation__856a7e4838__chunk_2
mesf-ndi,mesf-ndi__var__msis-id,contains,https://resdac.org/cms-data/variables/encrypted-medicaid-state-id-number,data/raw/html/variable_page/4dbfa0da470d7a1230481aa09db1af4109f1e794.html,,mesf-ndi__data-documentation__856a7e4838__chunk_1
mesf-ndi,mesf-ndi__var__ndi-dod,contains,https://resdac.org/cms-data/variables/ndi-date-death,data/raw/html/variable_page/c849aceab15e119607e1a5951ea5c5574ff55789.html,,mesf-ndi__data-documentation__856a7e4838__chunk_1
mesf-ndi,mesf-ndi__var__ndi-match,contains,https://resdac.org/cms-data/variables/death-confirmed-through-ndi-match,data/raw/html/variable_page/935b9ab5a0634e03a92771bbeab92f5ba208a31c.html,,mesf-ndi__data-documentation__856a7e4838__chunk_2
mesf-ndi,mesf-ndi__var__ndi-state-death-cd,contains,https://resdac.org/cms-data/variables/ndi-state-death-0,data/raw/html/variable_page/e321958c71e5fe6583a14074018d233e83a0f05c.html,,mesf-ndi__data-documentation__856a7e4838__chunk_2
mesf-ndi,mesf-ndi__var__ref-yr,contains,https://resdac.org/cms-data/variables/record-reference-year,data/raw/html/variable_page/44a85998a3511cf609bd09df6577e8fb3c7d5e9a.html,,mesf-ndi__data-documentation__856a7e4838__chunk_1
mesf-ndi,mesf-ndi__var__state-cd,contains,https://resdac.org/cms-data/variables/state-code-mesf,data/raw/html/variable_page/8941028f07438916437628687a3d49cd9f3feae8.html,,mesf-ndi__data-documentation__856a7e4838__chunk_1
million-hearts,million-hearts__var__bene-id,contains,https://www2.ccwdata.org/documents/10280/19022436/million-hearts-codebook.pdf,data/raw/assets/pdf/d3b20b87a00316ac2738fff4fc36d32eecf35bb7.pdf,16,million-hearts__million-hearts-codebook_pdf__d3b20b87a0__p16__chunk_1
million-hearts-model-alignment,million-hearts-model-alignment__var__bene-id,contains,https://resdac.org/cms-data/variables/encrypted-ccw-beneficiary-id,data/raw/html/variable_page/69950b21ed36af6e7ed6c908dc18142a50445d3c.html,,million-hearts-model-alignment__data-documentation__48fc5d682b__chunk_1
million-hearts-model-alignment,million-hearts-model-alignment__var__is-baseline-complete,contains,https://resdac.org/cms-data/variables/indication-completion-beneficiary-record-registry-y-or-n,data/raw/html/variable_page/1b42a4f82decbd7ec78925a8e12b8d1d2ea8e6c9.html,,million-hearts-model-alignment__data-documentation__48fc5d682b__chunk_2
million-hearts-model-alignment,million-hearts-model-alignment__var__last-modified-date,contains,https://resdac.org/cms-data/variables/date-patient-record-was-modified,data/raw/html/variable_page/fcd3759669afd89108ede9bf00a71d8b544efbf5.html,,million-hearts-model-alignment__data-documentation__48fc5d682b__chunk_2
million-hearts-model-alignment,million-hearts-model-alignment__var__patient-dob,contains,https://resdac.org/cms-data/variables/patients-date-birth,data/raw/html/variable_page/7863469ca0252f1e6a60185d347d6c01880f635d.html,,million-hearts-model-alignment__data-documentation__48fc5d682b__chunk_1
million-hearts-model-alignment,million-hearts-model-alignment__var__patient-ethnicity,contains,https://resdac.org/cms-data/variables/patients-ethnicity,data/raw/html/variable_page/58f4d4819479c8c470d84581d894dd11a6c4448f.html,,million-hearts-model-alignment__data-documentation__48fc5d682b__chunk_1
million-hearts-model-alignment,million-hearts-model-alignment__var__patient-race,contains,https://resdac.org/cms-data/variables/patients-race,data/raw/html/variable_page/e5687c9593241415062bbadad7bb43e0d3068e38.html,,million-hearts-model-alignment__data-documentation__48fc5d682b__chunk_1
million-hearts-model-alignment,million-hearts-model-alignment__var__patient-sex,contains,https://resdac.org/cms-data/variables/patients-sex,data/raw/html/variable_page/03584111602910771d072dbb8198fca302f94179.html,,million-hearts-model-alignment__data-documentation__48fc5d682b__chunk_1
million-hearts-model-alignment,million-hearts-model-alignment__var__practice-id,contains,https://resdac.org/cms-data/variables/model-assigned-practice-id,data/raw/html/variable_page/9f5db0f4683bf3a3787c4bb05cfc1b4e5189a3b2.html,,million-hearts-model-alignment__data-documentation__48fc5d682b__chunk_1
million-hearts-model-alignment,million-hearts-model-alignment__var__practice-name,contains,https://resdac.org/cms-data/variables/name-practice,data/raw/html/variable_page/130a28274e9460ec54be52a1392fb4d8c4010f30.html,,million-hearts-model-alignment__data-documentation__48fc5d682b__chunk_1
million-hearts-model-alignment,million-hearts-model-alignment__var__reason-code,contains,https://resdac.org/cms-data/variables/reason-codes-patient-status-change,data/raw/html/variable_page/43191fade3da912b54800d9c04a14bb30be3c194.html,,million-hearts-model-alignment__data-documentation__48fc5d682b__chunk_2
million-hearts-model-alignment,million-hearts-model-alignment__var__unique-patient-id,contains,https://resdac.org/cms-data/variables/unique-model-assigned-patient-id,data/raw/html/variable_page/3ee1c3b1eafe5da1e366a3b500dfc2a98195e9d8.html,,million-hearts-model-alignment__data-documentation__48fc5d682b__chunk_1
million-hearts-model-beneficiary-demographic,million-hearts-model-beneficiary-demographic__var__bene-id,contains,https://resdac.org/cms-data/variables/encrypted-ccw-beneficiary-id,data/raw/html/variable_page/69950b21ed36af6e7ed6c908dc18142a50445d3c.html,,million-hearts-model-beneficiary-demographic__data-documentation__895eae4a3a__chunk_1
million-hearts-model-beneficiary-demographic,million-hearts-model-beneficiary-demographic__var__insert-date,contains,https://resdac.org/cms-data/variables/date-record-was-created,data/raw/html/variable_page/87379518bdd05e8a41d218590057b63d8a015062.html,,million-hearts-model-beneficiary-demographic__data-documentation__895eae4a3a__chunk_2
million-hearts-model-beneficiary-demographic,million-hearts-model-beneficiary-demographic__var__is-medicare-partb,contains,https://resdac.org/cms-data/variables/identify-if-patient-enrolled-medicare-part-b,data/raw/html/variable_page/fd2471a3f956304eeb06f847981f97fa49f7fa77.html,,million-hearts-model-beneficiary-demographic__data-documentation__895eae4a3a__chunk_2
million-hearts-model-beneficiary-demographic,million-hearts-model-beneficiary-demographic__var__patient-dob,contains,https://resdac.org/cms-data/variables/patients-date-birth,data/raw/html/variable_page/7863469ca0252f1e6a60185d347d6c01880f635d.html,,million-hearts-model-beneficiary-demographic__data-documentation__895eae4a3a__chunk_1
million-hearts-model-beneficiary-demographic,million-hearts-model-beneficiary-demographic__var__patient-ethnicity,contains,https://resdac.org/cms-data/variables/patients-ethnicity,data/raw/html/variable_page/58f4d4819479c8c470d84581d894dd11a6c4448f.html,,million-hearts-model-beneficiary-demographic__data-documentation__895eae4a3a__chunk_1
million-hearts-model-beneficiary-demographic,million-hearts-model-beneficiary-demographic__var__patient-race,contains,https://resdac.org/cms-data/variables/patients-race,data/raw/html/variable_page/e5687c9593241415062bbadad7bb43e0d3068e38.html,,million-hearts-model-beneficiary-demographic__data-documentation__895eae4a3a__chunk_1
million-hearts-model-beneficiary-demographic,million-hearts-model-beneficiary-demographic__var__patient-sex,contains,https://resdac.org/cms-data/variables/patients-sex,data/raw/html/variable_page/03584111602910771d072dbb8198fca302f94179.html,,million-hearts-model-beneficiary-demographic__data-documentation__895eae4a3a__chunk_1
million-hearts-model-beneficiary-demographic,million-hearts-model-beneficiary-demographic__var__practice-id,contains,https://resdac.org/cms-data/variables/model-assigned-practice-id,data/raw/html/variable_page/9f5db0f4683bf3a3787c4bb05cfc1b4e5189a3b2.html,,million-hearts-model-beneficiary-demographic__data-documentation__895eae4a3a__chunk_1
million-hearts-model-beneficiary-demographic,million-hearts-model-beneficiary-demographic__var__practice-name,contains,https://resdac.org/cms-data/variables/name-practice,data/raw/html/variable_page/130a28274e9460ec54be52a1392fb4d8c4010f30.html,,million-hearts-model-beneficiary-demographic__data-documentation__895eae4a3a__chunk_1
million-hearts-model-beneficiary-demographic,million-hearts-model-beneficiary-demographic__var__unique-patient-id,contains,https://resdac.org/cms-data/variables/unique-model-assigned-patient-id,data/raw/html/variable_page/3ee1c3b1eafe5da1e366a3b500dfc2a98195e9d8.html,,million-hearts-model-beneficiary-demographic__data-documentation__895eae4a3a__chunk_1
million-hearts-model-beneficiary-demographic,million-hearts-model-beneficiary-demographic__var__update-date,contains,https://resdac.org/cms-data/variables/date-record-was-modified,data/raw/html/variable_page/20b490fdce1c7490a4d708bc85c44159bb42e171.html,,million-hearts-model-beneficiary-demographic__data-documentation__895eae4a3a__chunk_2
million-hearts-model-final-clinical,million-hearts-model-final-clinical__var__activity-date,contains,https://resdac.org/cms-data/variables/encounterprocedurediagnosislabmedication-start-or-occurrence-date,data/raw/html/variable_page/f7d702d70b8289f8f953ce0cdba2f2376a67895c.html,,million-hearts-model-final-clinical__data-documentation__e68acb1b3d__chunk_1
million-hearts-model-final-clinical,million-hearts-model-final-clinical__var__activity-end-date,contains,https://resdac.org/cms-data/variables/encounterprocedurediagnosis-end-date,data/raw/html/variable_page/3082d3cc4d07162e859406ab2883e6f807ce954a.html,,million-hearts-model-final-clinical__data-documentation__e68acb1b3d__chunk_2
million-hearts-model-final-clinical,million-hearts-model-final-clinical__var__bene-id,contains,https://resdac.org/cms-data/variables/encrypted-ccw-beneficiary-id,data/raw/html/variable_page/69950b21ed36af6e7ed6c908dc18142a50445d3c.html,,million-hearts-model-final-clinical__data-documentation__e68acb1b3d__chunk_1
million-hearts-model-final-clinical,million-hearts-model-final-clinical__var__insert-date,contains,https://resdac.org/cms-data/variables/date-record-was-created,data/raw/html/variable_page/87379518bdd05e8a41d218590057b63d8a015062.html,,million-hearts-model-final-clinical__data-documentation__e68acb1b3d__chunk_2
million-hearts-model-final-clinical,million-hearts-model-final-clinical__var__practice-id,contains,https://resdac.org/cms-data/variables/model-assigned-practice-id,data/raw/html/variable_page/9f5db0f4683bf3a3787c4bb05cfc1b4e5189a3b2.html,,million-hearts-model-final-clinical__data-documentation__e68acb1b3d__chunk_1
million-hearts-model-final-clinical,million-hearts-model-final-clinical__var__practice-name,contains,https://resdac.org/cms-data/variables/name-practice,data/raw/html/variable_page/130a28274e9460ec54be52a1392fb4d8c4010f30.html,,million-hearts-model-final-clinical__data-documentation__e68acb1b3d__chunk_1
million-hearts-model-final-clinical,million-hearts-model-final-clinical__var__unique-patient-id,contains,https://resdac.org/cms-data/variables/unique-model-assigned-patient-id,data/raw/html/variable_page/3ee1c3b1eafe5da1e366a3b500dfc2a98195e9d8.html,,million-hearts-model-final-clinical__data-documentation__e68acb1b3d__chunk_1
million-hearts-model-practice-list,million-hearts-model-practice-list__var__address-line-1,contains,https://resdac.org/cms-data/variables/practices-address-line-1,data/raw/html/variable_page/6d1c11e98dd987bcdb38d82c0b70239716f875d6.html,,million-hearts-model-practice-list__data-documentation__ef2a095405__chunk_2
million-hearts-model-practice-list,million-hearts-model-practice-list__var__address-line-2,contains,https://resdac.org/cms-data/variables/practices-address-line-2,data/raw/html/variable_page/9f4a343f63fdc96d96004f28da84505504dc9dee.html,,million-hearts-model-practice-list__data-documentation__ef2a095405__chunk_2
million-hearts-model-practice-list,million-hearts-model-practice-list__var__billing-tin,contains,https://resdac.org/cms-data/variables/practices-billing-tin,data/raw/html/variable_page/80137e31a10f62cfea04b75bc0eb348ebf662084.html,,million-hearts-model-practice-list__data-documentation__ef2a095405__chunk_1
million-hearts-model-practice-list,million-hearts-model-practice-list__var__file-count,contains,https://resdac.org/cms-data/variables/number-files-submitted-practice,data/raw/html/variable_page/5f5a2de09a33e66c8efbf55d21c35b6f45d8bda3.html,,million-hearts-model-practice-list__data-documentation__ef2a095405__chunk_3
million-hearts-model-practice-list,million-hearts-model-practice-list__var__group-type,contains,https://resdac.org/cms-data/variables/practice-group-type,data/raw/html/variable_page/f1b74c8b0ee7850b0051d7748e2c4df57d77c895.html,,million-hearts-model-practice-list__data-documentation__ef2a095405__chunk_1
million-hearts-model-practice-list,million-hearts-model-practice-list__var__insert-date,contains,https://resdac.org/cms-data/variables/date-record-was-created,data/raw/html/variable_page/87379518bdd05e8a41d218590057b63d8a015062.html,,million-hearts-model-practice-list__data-documentation__ef2a095405__chunk_2
million-hearts-model-practice-list,million-hearts-model-practice-list__var__is-active,contains,https://resdac.org/cms-data/variables/active-practice-y-or-inactive-practice-n,data/raw/html/variable_page/7e231f992ef87ee33b4e968ff7111fc7629133b3.html,,million-hearts-model-practice-list__data-documentation__ef2a095405__chunk_2
million-hearts-model-practice-list,million-hearts-model-practice-list__var__practice-id,contains,https://resdac.org/cms-data/variables/model-assigned-practice-id,data/raw/html/variable_page/9f5db0f4683bf3a3787c4bb05cfc1b4e5189a3b2.html,,million-hearts-model-practice-list__data-documentation__ef2a095405__chunk_1
million-hearts-model-practice-list,million-hearts-model-practice-list__var__practice-name,contains,https://resdac.org/cms-data/variables/name-practice,data/raw/html/variable_page/130a28274e9460ec54be52a1392fb4d8c4010f30.html,,million-hearts-model-practice-list__data-documentation__ef2a095405__chunk_1
million-hearts-model-practice-list,million-hearts-model-practice-list__var__update-date,contains,https://resdac.org/cms-data/variables/date-record-was-modified,data/raw/html/variable_page/20b490fdce1c7490a4d708bc85c44159bb42e171.html,,million-hearts-model-practice-list__data-documentation__ef2a095405__chunk_2
million-hearts-model-practice-list,million-hearts-model-practice-list__var__zip-code,contains,https://resdac.org/cms-data/variables/practices-zip-code,data/raw/html/variable_page/714fd02eed6ad17c306475d3ea75db853621a5bc.html,,million-hearts-model-practice-list__data-documentation__ef2a095405__chunk_2
million-hearts-model-provider-list,million-hearts-model-provider-list__var__activation-date,contains,https://resdac.org/cms-data/variables/date-provider-joined-program,data/raw/html/variable_page/7948664790207206015216ca0a004c8525ed7adc.html,,million-hearts-model-provider-list__data-documentation__b6e4194478__chunk_2
million-hearts-model-provider-list,million-hearts-model-provider-list__var__deactivation-date,contains,https://resdac.org/cms-data/variables/date-provider-left-program,data/raw/html/variable_page/fedd297af98070328ba32af3e0b47b85e253015f.html,,million-hearts-model-provider-list__data-documentation__b6e4194478__chunk_2
million-hearts-model-provider-list,million-hearts-model-provider-list__var__first-name,contains,https://resdac.org/cms-data/variables/providers-first-name,data/raw/html/variable_page/4afb9b6c9855b7fe1de7f963449c730a4f7c44af.html,,million-hearts-model-provider-list__data-documentation__b6e4194478__chunk_1
million-hearts-model-provider-list,million-hearts-model-provider-list__var__insert-date,contains,https://resdac.org/cms-data/variables/date-record-was-created,data/raw/html/variable_page/87379518bdd05e8a41d218590057b63d8a015062.html,,million-hearts-model-provider-list__data-documentation__b6e4194478__chunk_1
million-hearts-model-provider-list,million-hearts-model-provider-list__var__last-name,contains,https://resdac.org/cms-data/variables/providers-last-name,data/raw/html/variable_page/b3b691da507c70d8644d5598ce498f4f84db24cb.html,,million-hearts-model-provider-list__data-documentation__b6e4194478__chunk_1
million-hearts-model-provider-list,million-hearts-model-provider-list__var__practice-id,contains,https://resdac.org/cms-data/variables/model-assigned-practice-id,data/raw/html/variable_page/9f5db0f4683bf3a3787c4bb05cfc1b4e5189a3b2.html,,million-hearts-model-provider-list__data-documentation__b6e4194478__chunk_1
million-hearts-model-provider-list,million-hearts-model-provider-list__var__practice-name,contains,https://resdac.org/cms-data/variables/name-practice,data/raw/html/variable_page/130a28274e9460ec54be52a1392fb4d8c4010f30.html,,million-hearts-model-provider-list__data-documentation__b6e4194478__chunk_1
million-hearts-model-provider-list,million-hearts-model-provider-list__var__update-date,contains,https://resdac.org/cms-data/variables/date-record-was-modified,data/raw/html/variable_page/20b490fdce1c7490a4d708bc85c44159bb42e171.html,,million-hearts-model-provider-list__data-documentation__b6e4194478__chunk_1
million-hearts-model-raw-clinical,million-hearts-model-raw-clinical__var__activity-date,contains,https://resdac.org/cms-data/variables/encounterprocedurediagnosislabmedication-start-or-occurrence-date,data/raw/html/variable_page/f7d702d70b8289f8f953ce0cdba2f2376a67895c.html,,million-hearts-model-raw-clinical__data-documentation__324991801e__chunk_1
million-hearts-model-raw-clinical,million-hearts-model-raw-clinical__var__activity-end-date,contains,https://resdac.org/cms-data/variables/encounterprocedurediagnosis-end-date,data/raw/html/variable_page/3082d3cc4d07162e859406ab2883e6f807ce954a.html,,million-hearts-model-raw-clinical__data-documentation__324991801e__chunk_2
million-hearts-model-raw-clinical,million-hearts-model-raw-clinical__var__bene-id,contains,https://resdac.org/cms-data/variables/encrypted-ccw-beneficiary-id,data/raw/html/variable_page/69950b21ed36af6e7ed6c908dc18142a50445d3c.html,,million-hearts-model-raw-clinical__data-documentation__324991801e__chunk_1
million-hearts-model-raw-clinical,million-hearts-model-raw-clinical__var__insert-date,contains,https://resdac.org/cms-data/variables/date-record-was-created,data/raw/html/variable_page/87379518bdd05e8a41d218590057b63d8a015062.html,,million-hearts-model-raw-clinical__data-documentation__324991801e__chunk_2
million-hearts-model-raw-clinical,million-hearts-model-raw-clinical__var__practice-id,contains,https://resdac.org/cms-data/variables/model-assigned-practice-id,data/raw/html/variable_page/9f5db0f4683bf3a3787c4bb05cfc1b4e5189a3b2.html,,million-hearts-model-raw-clinical__data-documentation__324991801e__chunk_1
million-hearts-model-raw-clinical,million-hearts-model-raw-clinical__var__practice-name,contains,https://resdac.org/cms-data/variables/name-practice,data/raw/html/variable_page/130a28274e9460ec54be52a1392fb4d8c4010f30.html,,million-hearts-model-raw-clinical__data-documentation__324991801e__chunk_1
million-hearts-model-raw-clinical,million-hearts-model-raw-clinical__var__unique-patient-id,contains,https://resdac.org/cms-data/variables/unique-model-assigned-patient-id,data/raw/html/variable_page/3ee1c3b1eafe5da1e366a3b500dfc2a98195e9d8.html,,million-hearts-model-raw-clinical__data-documentation__324991801e__chunk_1
million-hearts-model-visit,million-hearts-model-visit__var__accuracy-attestation,contains,https://resdac.org/cms-data/variables/practitioners-accuracy-attestation,data/raw/html/variable_page/11a6bcdc35259b47ed85a46597b9b012bc9e9abb.html,,million-hearts-model-visit__data-documentation__1f3b44a193__chunk_2
million-hearts-model-visit,million-hearts-model-visit__var__baseline-date,contains,https://resdac.org/cms-data/variables/patients-baseline-date,data/raw/html/variable_page/aa6b9899fc9e4cb6f3a669786c978afcbe3bab50.html,,million-hearts-model-visit__data-documentation__1f3b44a193__chunk_2
million-hearts-model-visit,million-hearts-model-visit__var__baseline-group,contains,https://resdac.org/cms-data/variables/patients-baseline-group-low-medium-high,data/raw/html/variable_page/954a27f6a7765748e0b05e6ae612d1707132498e.html,,million-hearts-model-visit__data-documentation__1f3b44a193__chunk_2
million-hearts-model-visit,million-hearts-model-visit__var__baseline-score,contains,https://resdac.org/cms-data/variables/patients-baseline-ascvd-score,data/raw/html/variable_page/44648ee4fdd0ef77fa7b43ffd944e1c0fab1b143.html,,million-hearts-model-visit__data-documentation__1f3b44a193__chunk_2
million-hearts-model-visit,million-hearts-model-visit__var__bene-id,contains,https://resdac.org/cms-data/variables/encrypted-ccw-beneficiary-id,data/raw/html/variable_page/69950b21ed36af6e7ed6c908dc18142a50445d3c.html,,million-hearts-model-visit__data-documentation__1f3b44a193__chunk_1
million-hearts-model-visit,million-hearts-model-visit__var__followup-attestation,contains,https://resdac.org/cms-data/variables/practitioners-attestation-follow,data/raw/html/variable_page/e05a62853b9c6d92a4bb0bc0e0a66148866fffea.html,,million-hearts-model-visit__data-documentation__1f3b44a193__chunk_1
million-hearts-model-visit,million-hearts-model-visit__var__insert-date,contains,https://resdac.org/cms-data/variables/date-record-was-created,data/raw/html/variable_page/87379518bdd05e8a41d218590057b63d8a015062.html,,million-hearts-model-visit__data-documentation__1f3b44a193__chunk_2
million-hearts-model-visit,million-hearts-model-visit__var__last-modified-date,contains,https://resdac.org/cms-data/variables/date-patient-record-was-modified,data/raw/html/variable_page/fcd3759669afd89108ede9bf00a71d8b544efbf5.html,,million-hearts-model-visit__data-documentation__1f3b44a193__chunk_2
million-hearts-model-visit,million-hearts-model-visit__var__practice-id,contains,https://resdac.org/cms-data/variables/model-assigned-practice-id,data/raw/html/variable_page/9f5db0f4683bf3a3787c4bb05cfc1b4e5189a3b2.html,,million-hearts-model-visit__data-documentation__1f3b44a193__chunk_1
million-hearts-model-visit,million-hearts-model-visit__var__practice-name,contains,https://resdac.org/cms-data/variables/name-practice,data/raw/html/variable_page/130a28274e9460ec54be52a1392fb4d8c4010f30.html,,million-hearts-model-visit__data-documentation__1f3b44a193__chunk_1
million-hearts-model-visit,million-hearts-model-visit__var__risk-score,contains,https://resdac.org/cms-data/variables/calculated-ascvd-risk-score,data/raw/html/variable_page/e4d285818fd8130b73e70b716289949df5c33761.html,,million-hearts-model-visit__data-documentation__1f3b44a193__chunk_2
million-hearts-model-visit,million-hearts-model-visit__var__unique-patient-id,contains,https://resdac.org/cms-data/variables/unique-model-assigned-patient-id,data/raw/html/variable_page/3ee1c3b1eafe5da1e366a3b500dfc2a98195e9d8.html,,million-hearts-model-visit__data-documentation__1f3b44a193__chunk_1
million-hearts-model-visit,million-hearts-model-visit__var__visit-date,contains,https://resdac.org/cms-data/variables/patient-visit-date,data/raw/html/variable_page/b4d3c12084f7485a4ff659988c59c9d33c2c55c4.html,,million-hearts-model-visit__data-documentation__1f3b44a193__chunk_1
mmleads-2,mmleads-2__var__fed-pmt-1,contains,https://www2.ccwdata.org/documents/10280/19022436/record-layout-mmleads-2006-2012.xlsx,data/raw/assets/xlsx/44dbf84b2079bde113ba3342dc52d79adaaab07f.xlsx,3,mmleads-2__record-layout-mmleads-2006-2012_xlsx__44dbf84b20__s3__chunk_6
mmleads-2,mmleads-2__var__fr-1,contains,https://www2.ccwdata.org/documents/10280/19022436/record-layout-mmleads-2006-2012.xlsx,data/raw/assets/xlsx/44dbf84b2079bde113ba3342dc52d79adaaab07f.xlsx,3,mmleads-2__record-layout-mmleads-2006-2012_xlsx__44dbf84b20__s3__chunk_6
mmleads-2,mmleads-2__var__medicaid-clm-cnt-1,contains,https://www2.ccwdata.org/documents/10280/19022436/record-layout-mmleads-2006-2012.xlsx,data/raw/assets/xlsx/44dbf84b2079bde113ba3342dc52d79adaaab07f.xlsx,3,mmleads-2__record-layout-mmleads-2006-2012_xlsx__44dbf84b20__s3__chunk_19
mmleads-2,mmleads-2__var__medicaid-coin-pmt-1,contains,https://www2.ccwdata.org/documents/10280/19022436/record-layout-mmleads-2006-2012.xlsx,data/raw/assets/xlsx/44dbf84b2079bde113ba3342dc52d79adaaab07f.xlsx,3,mmleads-2__record-layout-mmleads-2006-2012_xlsx__44dbf84b20__s3__chunk_8
mmleads-2,mmleads-2__var__medicaid-cov-day-cnt-1,contains,https://www2.ccwdata.org/documents/10280/19022436/record-layout-mmleads-2006-2012.xlsx,data/raw/assets/xlsx/44dbf84b2079bde113ba3342dc52d79adaaab07f.xlsx,3,mmleads-2__record-layout-mmleads-2006-2012_xlsx__44dbf84b20__s3__chunk_20
mmleads-2,mmleads-2__var__medicaid-day-cnt-1,contains,https://www2.ccwdata.org/documents/10280/19022436/record-layout-mmleads-2006-2012.xlsx,data/raw/assets/xlsx/44dbf84b2079bde113ba3342dc52d79adaaab07f.xlsx,3,mmleads-2__record-layout-mmleads-2006-2012_xlsx__44dbf84b20__s3__chunk_20
mmleads-2,mmleads-2__var__medicaid-ded-pmt-1,contains,https://www2.ccwdata.org/documents/10280/19022436/record-layout-mmleads-2006-2012.xlsx,data/raw/assets/xlsx/44dbf84b2079bde113ba3342dc52d79adaaab07f.xlsx,3,mmleads-2__record-layout-mmleads-2006-2012_xlsx__44dbf84b20__s3__chunk_8
mmleads-2,mmleads-2__var__medicaid-match-cnt-01,contains,https://www2.ccwdata.org/documents/10280/19022436/record-layout-mmleads-2006-2012.xlsx,data/raw/assets/xlsx/44dbf84b2079bde113ba3342dc52d79adaaab07f.xlsx,4,mmleads-2__record-layout-mmleads-2006-2012_xlsx__44dbf84b20__s4__chunk_8
mmleads-2,mmleads-2__var__medicaid-ovrlp-cnt-01,contains,https://www2.ccwdata.org/documents/10280/19022436/record-layout-mmleads-2006-2012.xlsx,data/raw/assets/xlsx/44dbf84b2079bde113ba3342dc52d79adaaab07f.xlsx,4,mmleads-2__record-layout-mmleads-2006-2012_xlsx__44dbf84b20__s4__chunk_9
mmleads-2,mmleads-2__var__medicaid-pmt-1,contains,https://www2.ccwdata.org/documents/10280/19022436/record-layout-mmleads-2006-2012.xlsx,data/raw/assets/xlsx/44dbf84b2079bde113ba3342dc52d79adaaab07f.xlsx,3,mmleads-2__record-layout-mmleads-2006-2012_xlsx__44dbf84b20__s3__chunk_7
mmleads-2,mmleads-2__var__medicare-bene-pmt-01,contains,https://www2.ccwdata.org/documents/10280/19022436/record-layout-mmleads-2006-2012.xlsx,data/raw/assets/xlsx/44dbf84b2079bde113ba3342dc52d79adaaab07f.xlsx,4,mmleads-2__record-layout-mmleads-2006-2012_xlsx__44dbf84b20__s4__chunk_3
mmleads-2,mmleads-2__var__medicare-clm-cnt-01,contains,https://www2.ccwdata.org/documents/10280/19022436/record-layout-mmleads-2006-2012.xlsx,data/raw/assets/xlsx/44dbf84b2079bde113ba3342dc52d79adaaab07f.xlsx,4,mmleads-2__record-layout-mmleads-2006-2012_xlsx__44dbf84b20__s4__chunk_10
mmleads-2,mmleads-2__var__medicare-cov-day-cnt-01,contains,https://www2.ccwdata.org/documents/10280/19022436/record-layout-mmleads-2006-2012.xlsx,data/raw/assets/xlsx/44dbf84b2079bde113ba3342dc52d79adaaab07f.xlsx,4,mmleads-2__record-layout-mmleads-2006-2012_xlsx__44dbf84b20__s4__chunk_10
mmleads-2,mmleads-2__var__medicare-day-cnt-01,contains,https://www2.ccwdata.org/documents/10280/19022436/record-layout-mmleads-2006-2012.xlsx,data/raw/assets/xlsx/44dbf84b2079bde113ba3342dc52d79adaaab07f.xlsx,4,mmleads-2__record-layout-mmleads-2006-2012_xlsx__44dbf84b20__s4__chunk_10
mmleads-2,mmleads-2__var__medicare-pmt-01,contains,https://www2.ccwdata.org/documents/10280/19022436/record-layout-mmleads-2006-2012.xlsx,data/raw/assets/xlsx/44dbf84b2079bde113ba3342dc52d79adaaab07f.xlsx,4,mmleads-2__record-layout-mmleads-2006-2012_xlsx__44dbf84b20__s4__chunk_3
mmleads-2,mmleads-2__var__state-cd,contains,https://www2.ccwdata.org/documents/10280/19022436/record-layout-mmleads-2006-2012.xlsx,data/raw/assets/xlsx/44dbf84b2079bde113ba3342dc52d79adaaab07f.xlsx,1,mmleads-2__record-layout-mmleads-2006-2012_xlsx__44dbf84b20__s1__chunk_0
mmleads-2,mmleads-2__var__st-pmt-1,contains,https://www2.ccwdata.org/documents/10280/19022436/record-layout-mmleads-2006-2012.xlsx,data/raw/assets/xlsx/44dbf84b2079bde113ba3342dc52d79adaaab07f.xlsx,3,mmleads-2__record-layout-mmleads-2006-2012_xlsx__44dbf84b20__s3__chunk_7
mmleads-3,mmleads-3__var__alive-mos,contains,https://resdac.org/cms-data/variables/months-alive,data/raw/html/variable_page/ffa0b4174448a636d5c1a636c2871035dd72fd41.html,,mmleads-3__data-documentation__94e426ac6d__chunk_0
mmleads-3,mmleads-3__var__bene-death-dt,contains,https://resdac.org/cms-data/variables/beneficiary-date-death-0,data/raw/html/variable_page/97c444a57bf271db6b027dda3733fda9b9e2705e.html,,mmleads-3__data-documentation__94e426ac6d__chunk_0
mmleads-3,mmleads-3__var__bene-id,contains,https://resdac.org/cms-data/variables/ccw-beneficiary-id,data/raw/html/variable_page/58f42a183bf2cf15e906e3e9823b85e3ec21173b.html,,mmleads-3__data-documentation__94e426ac6d__chunk_0
mmleads-3,mmleads-3__var__birth-dt,contains,https://resdac.org/cms-data/variables/date-birth,data/raw/html/variable_page/cc2879a0d5e1ae8ba0103ceb9eb0351139092435.html,,mmleads-3__data-documentation__94e426ac6d__chunk_0
mmleads-3,mmleads-3__var__buy-in,contains,https://www2.ccwdata.org/documents/10280/19022436/codebook-mmleads.pdf,data/raw/assets/pdf/536286800bad660e7af16072eb5a63475d8835f9.pdf,129,mmleads-3__codebook-mmleads_pdf__536286800b__p129__chunk_1
mmleads-3,mmleads-3__var__care-lvl-stus-cd-mm,contains,https://www2.ccwdata.org/documents/10280/19022436/codebook-mmleads.pdf,data/raw/assets/pdf/536286800bad660e7af16072eb5a63475d8835f9.pdf,37,mmleads-3__codebook-mmleads_pdf__536286800b__p37__chunk_2
mmleads-3,mmleads-3__var__chip-cd,contains,https://www2.ccwdata.org/documents/10280/19022436/codebook-mmleads.pdf,data/raw/assets/pdf/536286800bad660e7af16072eb5a63475d8835f9.pdf,129,mmleads-3__codebook-mmleads_pdf__536286800b__p129__chunk_1
mmleads-3,mmleads-3__var__dual-stus-cd-mm,contains,https://www2.ccwdata.org/documents/10280/19022436/codebook-mmleads.pdf,data/raw/assets/pdf/536286800bad660e7af16072eb5a63475d8835f9.pdf,129,mmleads-3__codebook-mmleads_pdf__536286800b__p129__chunk_0
mmleads-3,mmleads-3__var__eligblty-grp-cd,contains,https://www2.ccwdata.org/documents/10280/19022436/codebook-mmleads.pdf,data/raw/assets/pdf/536286800bad660e7af16072eb5a63475d8835f9.pdf,129,mmleads-3__codebook-mmleads_pdf__536286800b__p129__chunk_1
mmleads-3,mmleads-3__var__fd-mos,contains,https://resdac.org/cms-data/variables/medicare-full-dual-months,data/raw/html/variable_page/70982852e0a1bd81c94f051e4b453f22fda84318.html,,mmleads-3__data-documentation__94e426ac6d__chunk_2
mmleads-3,mmleads-3__var__ltss-lvl-cd-1-mm,contains,https://www2.ccwdata.org/documents/10280/19022436/codebook-mmleads.pdf,data/raw/assets/pdf/536286800bad660e7af16072eb5a63475d8835f9.pdf,24,mmleads-3__codebook-mmleads_pdf__536286800b__p24__chunk_1
mmleads-3,mmleads-3__var__mc-plan-type-cd-mm,contains,https://www2.ccwdata.org/documents/10280/19022436/codebook-mmleads.pdf,data/raw/assets/pdf/536286800bad660e7af16072eb5a63475d8835f9.pdf,48,mmleads-3__codebook-mmleads_pdf__536286800b__p48__chunk_1
mmleads-3,mmleads-3__var__mdcd-abd-01,contains,https://resdac.org/cms-data/variables/medicaid-enrollment-aged-blind-disabled-indicator-january,data/raw/html/variable_page/474b01f6cfe5f64545ce940af39e4cad9688ea06.html,,mmleads-3__data-documentation__94e426ac6d__chunk_26
mmleads-3,mmleads-3__var__mdcd-abd-02,contains,https://resdac.org/cms-data/variables/medicaid-enrollment-aged-blind-disabled-indicator-february,data/raw/html/variable_page/46394b346f56bda33144a91bc96b56cff711c350.html,,mmleads-3__data-documentation__94e426ac6d__chunk_27
mmleads-3,mmleads-3__var__mdcd-abd-03,contains,https://resdac.org/cms-data/variables/medicaid-enrollment-aged-blind-disabled-indicator-march,data/raw/html/variable_page/2500f6b6c7313491b8bc8061bee9aa76bd853ad5.html,,mmleads-3__data-documentation__94e426ac6d__chunk_28
mmleads-3,mmleads-3__var__mdcd-abd-04,contains,https://resdac.org/cms-data/variables/medicaid-enrollment-aged-blind-disabled-indicator-april,data/raw/html/variable_page/52152bf70ce3e08847ba6003fe02c9d174440874.html,,mmleads-3__data-documentation__94e426ac6d__chunk_28
mmleads-3,mmleads-3__var__mdcd-abd-05,contains,https://resdac.org/cms-data/variables/medicaid-enrollment-aged-blind-disabled-indicator-may,data/raw/html/variable_page/1c2b3f220002dd7e6e48547a3ff4d53b95b8ac2f.html,,mmleads-3__data-documentation__94e426ac6d__chunk_29
mmleads-3,mmleads-3__var__mdcd-abd-06,contains,https://resdac.org/cms-data/variables/medicaid-enrollment-aged-blind-disabled-indicator-june,data/raw/html/variable_page/a08245ceb60e1fd32ec2809771a77864cce6db8a.html,,mmleads-3__data-documentation__94e426ac6d__chunk_30
mmleads-3,mmleads-3__var__mdcd-abd-07,contains,https://resdac.org/cms-data/variables/medicaid-enrollment-aged-blind-disabled-indicator-july,data/raw/html/variable_page/34eeb7ad1ff31e1e181a2caa39574fbd6f487a8a.html,,mmleads-3__data-documentation__94e426ac6d__chunk_30
mmleads-3,mmleads-3__var__mdcd-abd-08,contains,https://resdac.org/cms-data/variables/medicaid-enrollment-aged-blind-disabled-indicator-august,data/raw/html/variable_page/f3d29940bc8ef01ec13974ac0d2a9dea139b1e8d.html,,mmleads-3__data-documentation__94e426ac6d__chunk_31
mmleads-3,mmleads-3__var__mdcd-abd-09,contains,https://resdac.org/cms-data/variables/medicaid-enrollment-aged-blind-disabled-indicator-september,data/raw/html/variable_page/52f1a5fbe9776bc97dd6fc72495136b59b829119.html,,mmleads-3__data-documentation__94e426ac6d__chunk_32
mmleads-3,mmleads-3__var__mdcd-abd-10,contains,https://resdac.org/cms-data/variables/medicaid-enrollment-aged-blind-disabled-indicator-october,data/raw/html/variable_page/e94be0af752c2d47534f34fd57421357c8101289.html,,mmleads-3__data-documentation__94e426ac6d__chunk_33
mmleads-3,mmleads-3__var__mdcd-abd-11,contains,https://resdac.org/cms-data/variables/medicaid-enrollment-aged-blind-disabled-indicator-november,data/raw/html/variable_page/cc07f399849808db25418f403cfdd347c3ca7f27.html,,mmleads-3__data-documentation__94e426ac6d__chunk_33
mmleads-3,mmleads-3__var__mdcd-abd-12,contains,https://resdac.org/cms-data/variables/medicaid-enrollment-aged-blind-disabled-indicator-december,data/raw/html/variable_page/211922881f1a85d27eae5bebcd262bafbcc2d564.html,,mmleads-3__data-documentation__94e426ac6d__chunk_34
mmleads-3,mmleads-3__var__mdcd-abd-mm,contains,https://www2.ccwdata.org/documents/10280/19022436/codebook-mmleads.pdf,data/raw/assets/pdf/536286800bad660e7af16072eb5a63475d8835f9.pdf,19,mmleads-3__codebook-mmleads_pdf__536286800b__p19__chunk_1
mmleads-3,mmleads-3__var__mdcd-abd-mos,contains,https://resdac.org/cms-data/variables/medicaid-enrollment-aged-blind-disabled-months,data/raw/html/variable_page/a7b05e9aab90a580f55a45d7600b7be0afe210d2.html,,mmleads-3__data-documentation__94e426ac6d__chunk_3
mmleads-3,mmleads-3__var__mdcd-behavioral-cov-mos,contains,https://resdac.org/cms-data/variables/medicaid-managed-care-mental-health-or-substance-abuse-coverage-months,data/raw/html/variable_page/a21e05b74585c40238c919b9a0547cf781042163.html,,mmleads-3__data-documentation__94e426ac6d__chunk_9
mmleads-3,mmleads-3__var__mdcd-care-level-mos,contains,https://resdac.org/cms-data/variables/medicaid-total-ltss-months-all-levels-care,data/raw/html/variable_page/640b36001299ab3cbb708d7610aeacd6e09aa538.html,,mmleads-3__data-documentation__94e426ac6d__chunk_14
mmleads-3,mmleads-3__var__mdcd-chip-non-abd-mos,contains,https://resdac.org/cms-data/variables/mdcd-or-chip-enrollment-non-abd-months,data/raw/html/variable_page/bd689235efc8468052392b2c46826792aefe22c0.html,,mmleads-3__data-documentation__94e426ac6d__chunk_3
mmleads-3,mmleads-3__var__mdcd-cmc-cov-mos,contains,https://resdac.org/cms-data/variables/medicaid-comprehensive-managed-care-months,data/raw/html/variable_page/3e3d29298999784cc55b0fd0474380e72d2879bd.html,,mmleads-3__data-documentation__94e426ac6d__chunk_8
mmleads-3,mmleads-3__var__mdcd-custodial-care-mos,contains,https://resdac.org/cms-data/variables/medicaid-custodial-level-care-ltss-months,data/raw/html/variable_page/7f3f289e5a75d9c3ac7035eebe8173737925b9e1.html,,mmleads-3__data-documentation__94e426ac6d__chunk_15
mmleads-3,mmleads-3__var__mdcd-dental-cov-mos,contains,https://resdac.org/cms-data/variables/medicaid-managed-care-dental-coverage-months,data/raw/html/variable_page/1c229ede6036629cd66f0311d1a78977a20c3b35.html,,mmleads-3__data-documentation__94e426ac6d__chunk_10
mmleads-3,mmleads-3__var__mdcd-disease-mgmt-cov-mos,contains,https://resdac.org/cms-data/variables/medicaid-managed-care-disease-management-plan-coverage-months,data/raw/html/variable_page/8093bdede33e7381758fd37ff6fe81826b69f565.html,,mmleads-3__data-documentation__94e426ac6d__chunk_10
mmleads-3,mmleads-3__var__mdcd-elgblty-grp-cd-01,contains,https://resdac.org/cms-data/variables/medicaid-eligibility-group-code-january,data/raw/html/variable_page/6582efcd34bd2816440c3b94e8a22448bb4059ca.html,,mmleads-3__data-documentation__94e426ac6d__chunk_26
mmleads-3,mmleads-3__var__mdcd-elgblty-grp-cd-02,contains,https://resdac.org/cms-data/variables/medicaid-eligibility-group-code-february,data/raw/html/variable_page/7ed54cdf1107318e198c8415f309be4bf660f5f3.html,,mmleads-3__data-documentation__94e426ac6d__chunk_27
mmleads-3,mmleads-3__var__mdcd-elgblty-grp-cd-03,contains,https://resdac.org/cms-data/variables/medicaid-eligibility-group-code-march,data/raw/html/variable_page/8797558558f9c5dc0f29c8beebd6b4e7c3e3149c.html,,mmleads-3__data-documentation__94e426ac6d__chunk_28
mmleads-3,mmleads-3__var__mdcd-elgblty-grp-cd-04,contains,https://resdac.org/cms-data/variables/medicaid-eligibility-group-code-april,data/raw/html/variable_page/1d38369aceb63993a59b0e1b59c01bdaa354b98e.html,,mmleads-3__data-documentation__94e426ac6d__chunk_28
mmleads-3,mmleads-3__var__mdcd-elgblty-grp-cd-05,contains,https://resdac.org/cms-data/variables/medicaid-eligibility-group-code-may,data/raw/html/variable_page/841a4ea29868d8960a9ff69f7cb624aef05decaa.html,,mmleads-3__data-documentation__94e426ac6d__chunk_29
mmleads-3,mmleads-3__var__mdcd-elgblty-grp-cd-06,contains,https://resdac.org/cms-data/variables/medicaid-eligibility-group-code-june,data/raw/html/variable_page/0e2efc9bb33938eb070892ac6ae2dc69db702be2.html,,mmleads-3__data-documentation__94e426ac6d__chunk_30
mmleads-3,mmleads-3__var__mdcd-elgblty-grp-cd-07,contains,https://resdac.org/cms-data/variables/medicaid-eligibility-group-code-july,data/raw/html/variable_page/ce625a58fc773b18a628e0bec2833b4cdacec884.html,,mmleads-3__data-documentation__94e426ac6d__chunk_30
mmleads-3,mmleads-3__var__mdcd-elgblty-grp-cd-08,contains,https://resdac.org/cms-data/variables/medicaid-eligibility-group-code-august,data/raw/html/variable_page/d567f20bc03cf125d5d0efef91e12482b365d27f.html,,mmleads-3__data-documentation__94e426ac6d__chunk_31
mmleads-3,mmleads-3__var__mdcd-elgblty-grp-cd-09,contains,https://resdac.org/cms-data/variables/medicaid-eligibility-group-code-september,data/raw/html/variable_page/bb3ca20654aabb13a421fc5969feb49d1354d5b7.html,,mmleads-3__data-documentation__94e426ac6d__chunk_32
mmleads-3,mmleads-3__var__mdcd-elgblty-grp-cd-10,contains,https://resdac.org/cms-data/variables/medicaid-eligibility-group-code-october,data/raw/html/variable_page/4eb5ab714753cc91f443b9b8bac1c32f785be212.html,,mmleads-3__data-documentation__94e426ac6d__chunk_32
mmleads-3,mmleads-3__var__mdcd-elgblty-grp-cd-11,contains,https://resdac.org/cms-data/variables/medicaid-eligibility-group-code-november,data/raw/html/variable_page/b525eecd4edeabc8e42a9f98f1f74fb0d0dc6626.html,,mmleads-3__data-documentation__94e426ac6d__chunk_33
mmleads-3,mmleads-3__var__mdcd-elgblty-grp-cd-12,contains,https://resdac.org/cms-data/variables/medicaid-eligibility-group-code-december,data/raw/html/variable_page/cced1bfbe8b085324971361e97b62ae9a5bdbeec.html,,mmleads-3__data-documentation__94e426ac6d__chunk_34
mmleads-3,mmleads-3__var__mdcd-elgblty-grp-cd-ltst,contains,https://resdac.org/cms-data/variables/medicaid-eligibility-group-code-latest-year,data/raw/html/variable_page/a3e6213c75726147b76345856054dc0ecb8c65a8.html,,mmleads-3__data-documentation__94e426ac6d__chunk_3
mmleads-3,mmleads-3__var__mdcd-ffs-medical-01,contains,https://resdac.org/cms-data/variables/medicaid-fee-service-medical-coverage-indicator-january,data/raw/html/variable_page/1b644fede6324ba375611a123fd212f66670e492.html,,mmleads-3__data-documentation__94e426ac6d__chunk_26
mmleads-3,mmleads-3__var__mdcd-ffs-medical-02,contains,https://resdac.org/cms-data/variables/medicaid-fee-service-medical-coverage-indicator-february,data/raw/html/variable_page/91bb64fe47f45958edcd3cfb2cd0ab8421e2449d.html,,mmleads-3__data-documentation__94e426ac6d__chunk_27
mmleads-3,mmleads-3__var__mdcd-ffs-medical-03,contains,https://resdac.org/cms-data/variables/medicaid-fee-service-medical-coverage-indicator-march,data/raw/html/variable_page/576d68762bf40c91b8fd7c7449e455bd69210d77.html,,mmleads-3__data-documentation__94e426ac6d__chunk_27
mmleads-3,mmleads-3__var__mdcd-ffs-medical-04,contains,https://resdac.org/cms-data/variables/medicaid-fee-service-medical-coverage-indicator-april,data/raw/html/variable_page/1ff7c70670d92fe89d99fad107a92b2b8b56fcdc.html,,mmleads-3__data-documentation__94e426ac6d__chunk_28
mmleads-3,mmleads-3__var__mdcd-ffs-medical-05,contains,https://resdac.org/cms-data/variables/medicaid-fee-service-medical-coverage-indicator-may,data/raw/html/variable_page/8bc154b1e6e90600359cc4e3ca8fdb7eddfc8901.html,,mmleads-3__data-documentation__94e426ac6d__chunk_29
mmleads-3,mmleads-3__var__mdcd-ffs-medical-06,contains,https://resdac.org/cms-data/variables/medicaid-fee-service-medical-coverage-indicator-june,data/raw/html/variable_page/ff2d0af8fcb28389a81439404a368a0ba341da87.html,,mmleads-3__data-documentation__94e426ac6d__chunk_29
mmleads-3,mmleads-3__var__mdcd-ffs-medical-07,contains,https://resdac.org/cms-data/variables/medicaid-fee-service-medical-coverage-indicator-july,data/raw/html/variable_page/f5a799de25a59b99f92f1a6e387a40b61b3242ad.html,,mmleads-3__data-documentation__94e426ac6d__chunk_30
mmleads-3,mmleads-3__var__mdcd-ffs-medical-08,contains,https://resdac.org/cms-data/variables/medicaid-fee-service-medical-coverage-indicator-august,data/raw/html/variable_page/659c5502017586b8ad9694f24ccdc3286c7ca642.html,,mmleads-3__data-documentation__94e426ac6d__chunk_31
mmleads-3,mmleads-3__var__mdcd-ffs-medical-10,contains,https://resdac.org/cms-data/variables/medicaid-fee-service-medical-coverage-indicator-september,data/raw/html/variable_page/c42bc26919ac38b68b8ef9ed35676be19ffa1c1d.html,,mmleads-3__data-documentation__94e426ac6d__chunk_31
mmleads-3,mmleads-3__var__mdcd-ffs-medical-11,contains,https://resdac.org/cms-data/variables/medicaid-fee-service-medical-coverage-indicator-november,data/raw/html/variable_page/48962ebc06f9e438b1fa54624938825eead2b380.html,,mmleads-3__data-documentation__94e426ac6d__chunk_33
mmleads-3,mmleads-3__var__mdcd-ffs-medical-12,contains,https://resdac.org/cms-data/variables/medicaid-fee-service-medical-coverage-indicator-december,data/raw/html/variable_page/fb2302d8d647696c5f54bf026aeabad5e3640bd3.html,,mmleads-3__data-documentation__94e426ac6d__chunk_34
mmleads-3,mmleads-3__var__mdcd-ffs-medical-mm,contains,https://www2.ccwdata.org/documents/10280/19022436/codebook-mmleads.pdf,data/raw/assets/pdf/536286800bad660e7af16072eb5a63475d8835f9.pdf,33,mmleads-3__codebook-mmleads_pdf__536286800b__p33__chunk_1
mmleads-3,mmleads-3__var__mdcd-ffs-medical-mos,contains,https://resdac.org/cms-data/variables/medicaid-fee-service-medical-coverage-months,data/raw/html/variable_page/3a7de76a7c6ec127c3c18e6bf4bf68d2df3fc13c.html,,mmleads-3__data-documentation__94e426ac6d__chunk_7
mmleads-3,mmleads-3__var__mdcd-hio-cov-mos,contains,https://resdac.org/cms-data/variables/medicaid-health-insuring-organization-hio-months,data/raw/html/variable_page/81251b4c5a246302dffc1d92f9f21d1867c2c84e.html,,mmleads-3__data-documentation__94e426ac6d__chunk_9
mmleads-3,mmleads-3__var__mdcd-hlth-mdcl-home-cov-mos,contains,https://resdac.org/cms-data/variables/medicaid-health-or-medical-home-months,data/raw/html/variable_page/65044442935fa169277536e621ffa3f1d8d9d47e.html,,mmleads-3__data-documentation__94e426ac6d__chunk_11
mmleads-3,mmleads-3__var__mdcd-hospital-ltss-mos,contains,https://resdac.org/cms-data/variables/medicaid-hospital-ltss-months,data/raw/html/variable_page/153e1d6df6b06727ed857f11b5dac42e232d8a52.html,,mmleads-3__data-documentation__94e426ac6d__chunk_13
mmleads-3,mmleads-3__var__mdcd-icf-iid-ltss-mos,contains,https://resdac.org/cms-data/variables/medicaid-intermediate-care-facility-individuals-intellectual-disabilities-ltss-0,data/raw/html/variable_page/e449abd3fa12caf0b722c692e122b51e6ce45adc.html,,mmleads-3__data-documentation__94e426ac6d__chunk_14
mmleads-3,mmleads-3__var__mdcd-integrated-dual-cov-mos,contains,https://resdac.org/cms-data/variables/medicaid-integrated-care-dual-eligible-months,data/raw/html/variable_page/2d481e24238dbf345253b9157b817056cbca7364.html,,mmleads-3__data-documentation__94e426ac6d__chunk_11
mmleads-3,mmleads-3__var__mdcd-intermediate-care-mos,contains,https://resdac.org/cms-data/variables/medicaid-intermediate-level-care-ltss-months,data/raw/html/variable_page/d81a3e94309c5b7b5607b533fa39bbf033ae2ffe.html,,mmleads-3__data-documentation__94e426ac6d__chunk_15
mmleads-3,mmleads-3__var__mdcd-ipf-ltss-mos,contains,https://resdac.org/cms-data/variables/medicaid-ip-psych-facility-individuals-under-age-21-ltss-months,data/raw/html/variable_page/cafbd595f5912b7605d36548db2c54b6e1215b6b.html,,mmleads-3__data-documentation__94e426ac6d__chunk_13
mmleads-3,mmleads-3__var__mdcd-ltc-cov-mos,contains,https://resdac.org/cms-data/variables/medicaid-long-term-care-prepaid-inpatient-health-plan-pihp-months,data/raw/html/variable_page/6c8d536bd375d4afb547a1904ca238049eb8cb02.html,,mmleads-3__data-documentation__94e426ac6d__chunk_9
mmleads-3,mmleads-3__var__mdcd-ltss-level-mos,contains,https://resdac.org/cms-data/variables/medicaid-ltss-provider-1-level-care-code-months,data/raw/html/variable_page/2b6c8b4f453d6c5cff5c39cecb3f0c4285c2791c.html,,mmleads-3__data-documentation__94e426ac6d__chunk_15
mmleads-3,mmleads-3__var__mdcd-mc-medical-mos,contains,https://resdac.org/cms-data/variables/medicaid-managed-care-medicaid-coverage-months,data/raw/html/variable_page/8aeb9eadaf3d4c5061c04e72545d7bb2e15b0226.html,,mmleads-3__data-documentation__94e426ac6d__chunk_8
mmleads-3,mmleads-3__var__mdcd-nf-ltss-mos,contains,https://resdac.org/cms-data/variables/medicaid-nursing-facility-ltss-months,data/raw/html/variable_page/091d6b678e0b00bca95959757ffb531238392091.html,,mmleads-3__data-documentation__94e426ac6d__chunk_13
mmleads-3,mmleads-3__var__mdcd-only-mos,contains,https://resdac.org/cms-data/variables/medicaid-aged-blind-disabled-only-months,data/raw/html/variable_page/3a82b2bdf4b3294ef6546c43f4ec818c2f116f98.html,,mmleads-3__data-documentation__94e426ac6d__chunk_3
mmleads-3,mmleads-3__var__mdcd-other-ltss-mos,contains,https://resdac.org/cms-data/variables/medicaid-other-type-facility-ltss-months,data/raw/html/variable_page/dfde17732687594cf12bd4b08638bdec0d4d178d.html,,mmleads-3__data-documentation__94e426ac6d__chunk_14
mmleads-3,mmleads-3__var__mdcd-othr-mc-mos,contains,https://resdac.org/cms-data/variables/medicaid-other-non-comprehensive-managed-care-medicaid-coverage-months,data/raw/html/variable_page/879530d8d6b66dc1390acf90fe4695ffd37a653d.html,,mmleads-3__data-documentation__94e426ac6d__chunk_8
mmleads-3,mmleads-3__var__mdcd-pace-cov-mos,contains,https://resdac.org/cms-data/variables/medicaid-program-all-inclusive-care-elderly-pace-months,data/raw/html/variable_page/22eccde9b2828dca42c96088d2794e5dc30bea13.html,,mmleads-3__data-documentation__94e426ac6d__chunk_10
mmleads-3,mmleads-3__var__mdcd-pccm-cov-mos,contains,https://resdac.org/cms-data/variables/medicaid-primary-care-case-management-pccm-months,data/raw/html/variable_page/1ddef7290a920626862ccc509a0a597e63edd9f5.html,,mmleads-3__data-documentation__94e426ac6d__chunk_8
mmleads-3,mmleads-3__var__mdcd-pharmacy-cov-mos,contains,https://resdac.org/cms-data/variables/medicaid-managed-care-pharmacy-months,data/raw/html/variable_page/633e2a7b306e03c4bbe1d1ce5f3f877dff1084e9.html,,mmleads-3__data-documentation__94e426ac6d__chunk_11
mmleads-3,mmleads-3__var__mdcd-php-cov-mos,contains,https://resdac.org/cms-data/variables/medicaid-prepaid-inpatient-or-ambulatory-health-plan-pihppahp-months,data/raw/html/variable_page/c659a4dc70f84738ba21b07857369c4ad8036869.html,,mmleads-3__data-documentation__94e426ac6d__chunk_9
mmleads-3,mmleads-3__var__mdcd-race-ethncty-cd,contains,https://resdac.org/cms-data/variables/medicaid-race-and-ethnicity-constructed-code-latest-year,data/raw/html/variable_page/2e67cc3ba4e3e8eb1c6ea512b0287978abdbd152.html,,mmleads-3__data-documentation__94e426ac6d__chunk_1
mmleads-3,mmleads-3__var__mdcd-rstrctd-bnfts-cd-ltst,contains,https://resdac.org/cms-data/variables/medicaid-scope-medicaid-or-chip-benefits-latest-year,data/raw/html/variable_page/dc633c297630ce5933d7063950aab3b6d88ab6c6.html,,mmleads-3__data-documentation__94e426ac6d__chunk_3
mmleads-3,mmleads-3__var__mdcd-skilled-care-mos,contains,https://resdac.org/cms-data/variables/medicaid-skilled-level-care-ltss-months,data/raw/html/variable_page/3d5e881035344d2cb772da547a56c2a2f0b534eb.html,,mmleads-3__data-documentation__94e426ac6d__chunk_14
mmleads-3,mmleads-3__var__mdcd-state-cd-01,contains,https://resdac.org/cms-data/variables/medicaid-state-alpha-abbreviation-january,data/raw/html/variable_page/72240dac018d89d7f23ee9a416d3c766dd55a4f3.html,,mmleads-3__data-documentation__94e426ac6d__chunk_24
mmleads-3,mmleads-3__var__mdcd-state-cd-02,contains,https://resdac.org/cms-data/variables/medicaid-state-alpha-abbreviation-february,data/raw/html/variable_page/e0c7414470ecd8737b3e744c802ef2794dc3867f.html,,mmleads-3__data-documentation__94e426ac6d__chunk_24
mmleads-3,mmleads-3__var__mdcd-state-cd-03,contains,https://resdac.org/cms-data/variables/medicaid-state-alpha-abbreviation-march,data/raw/html/variable_page/0347191b788d7c5d60264a0247540aa6be308aa5.html,,mmleads-3__data-documentation__94e426ac6d__chunk_24
mmleads-3,mmleads-3__var__mdcd-state-cd-04,contains,https://resdac.org/cms-data/variables/medicaid-state-alpha-abbreviation-april,data/raw/html/variable_page/cc567ec61a3438c6b2898fdaa0b47e48c63b57aa.html,,mmleads-3__data-documentation__94e426ac6d__chunk_24
mmleads-3,mmleads-3__var__mdcd-state-cd-05,contains,https://resdac.org/cms-data/variables/medicaid-state-alpha-abbreviation-may,data/raw/html/variable_page/24f8f42515c02809a84605d222b1849ad6e7fd0e.html,,mmleads-3__data-documentation__94e426ac6d__chunk_24
mmleads-3,mmleads-3__var__mdcd-state-cd-06,contains,https://resdac.org/cms-data/variables/medicaid-state-alpha-abbreviation-june,data/raw/html/variable_page/33b1f4acb9cff86b2b3bf9468a8df163d1c0527b.html,,mmleads-3__data-documentation__94e426ac6d__chunk_25
mmleads-3,mmleads-3__var__mdcd-state-cd-07,contains,https://resdac.org/cms-data/variables/medicaid-state-alpha-abbreviation-july,data/raw/html/variable_page/bf19b3b3aa489acbf165b0dafbcca49a5a9843d9.html,,mmleads-3__data-documentation__94e426ac6d__chunk_25
mmleads-3,mmleads-3__var__mdcd-state-cd-08,contains,https://resdac.org/cms-data/variables/medicaid-state-alpha-abbreviation-august,data/raw/html/variable_page/92dc2c81bd1c1764998411f502f74ebede6fc1ed.html,,mmleads-3__data-documentation__94e426ac6d__chunk_25
mmleads-3,mmleads-3__var__mdcd-state-cd-09,contains,https://resdac.org/cms-data/variables/medicaid-state-alpha-abbreviation-september,data/raw/html/variable_page/a589b9c0e8faa1065d1b5b678c273b66c0719524.html,,mmleads-3__data-documentation__94e426ac6d__chunk_25
mmleads-3,mmleads-3__var__mdcd-state-cd-10,contains,https://resdac.org/cms-data/variables/medicaid-state-alpha-abbreviation-october,data/raw/html/variable_page/6204b04cc10e27ec25b4aabe8741385e8b25bd7d.html,,mmleads-3__data-documentation__94e426ac6d__chunk_25
mmleads-3,mmleads-3__var__mdcd-state-cd-11,contains,https://resdac.org/cms-data/variables/medicaid-state-alpha-abbreviation-november,data/raw/html/variable_page/f8d772fed8b3e5a1edeff6e78ab9f70905c38f75.html,,mmleads-3__data-documentation__94e426ac6d__chunk_26
mmleads-3,mmleads-3__var__mdcd-state-cd-12,contains,https://resdac.org/cms-data/variables/medicaid-state-alpha-abbreviation-december,data/raw/html/variable_page/9ee6abb874df4721efdebfc4ec1c090abf4bdaea.html,,mmleads-3__data-documentation__94e426ac6d__chunk_26
mmleads-3,mmleads-3__var__mdcd-transportation-cov-mos,contains,https://resdac.org/cms-data/variables/medicaid-managed-care-transportation-months,data/raw/html/variable_page/86270fc09c9924d57bd3c27e332f32efabe1d0c1.html,,mmleads-3__data-documentation__94e426ac6d__chunk_10
mmleads-3,mmleads-3__var__mdcd-wvr-1115-type-cd,contains,https://resdac.org/cms-data/variables/medicaid-1115-waiver-type-code-latest-year,data/raw/html/variable_page/3ce5e123ad0e1e5896b1ba1609e7de72d928ac30.html,,mmleads-3__data-documentation__94e426ac6d__chunk_11
mmleads-3,mmleads-3__var__mdcd-wvr-1915bc-mos,contains,https://resdac.org/cms-data/variables/medicaid-1915bc-waiver-months,data/raw/html/variable_page/3345f4bfded3d7ced78327c3ee95c3f4b576b70b.html,,mmleads-3__data-documentation__94e426ac6d__chunk_12
mmleads-3,mmleads-3__var__mdcd-wvr-1915b-mos,contains,https://resdac.org/cms-data/variables/medicaid-1915b-waiver-months,data/raw/html/variable_page/c3afd67bb7acc8966f2e0afac758f2841f381a67.html,,mmleads-3__data-documentation__94e426ac6d__chunk_12
mmleads-3,mmleads-3__var__mdcd-wvr-1915c-type-cd,contains,https://resdac.org/cms-data/variables/medicaid-1915c-waiver-type-code-latest-year,data/raw/html/variable_page/68269d7f94094d445ac1bea9b02dfcf30de4dd08.html,,mmleads-3__data-documentation__94e426ac6d__chunk_12
mmleads-3,mmleads-3__var__mdcr-buyin-01,contains,https://resdac.org/cms-data/variables/medicare-entitlementbuy-indicator-january-0,data/raw/html/variable_page/96621c89ec933564e14e4cabded898bd87e0583a.html,,mmleads-3__data-documentation__94e426ac6d__chunk_16
mmleads-3,mmleads-3__var__mdcr-buyin-02,contains,https://resdac.org/cms-data/variables/medicare-entitlementbuy-indicator-february-0,data/raw/html/variable_page/fa38c55028b819dda01ab479719ad4f9ae9fede2.html,,mmleads-3__data-documentation__94e426ac6d__chunk_16
mmleads-3,mmleads-3__var__mdcr-buyin-03,contains,https://resdac.org/cms-data/variables/medicare-entitlementbuy-indicator-march-0,data/raw/html/variable_page/16e2e8f942470f28c924c67fc4b8ce7bc2c69523.html,,mmleads-3__data-documentation__94e426ac6d__chunk_17
mmleads-3,mmleads-3__var__mdcr-buyin-04,contains,https://resdac.org/cms-data/variables/medicare-entitlementbuy-indicator-april-0,data/raw/html/variable_page/1d1548032d383e8c315e6a931c7ada466ab74796.html,,mmleads-3__data-documentation__94e426ac6d__chunk_18
mmleads-3,mmleads-3__var__mdcr-buyin-05,contains,https://resdac.org/cms-data/variables/medicare-entitlementbuy-indicator-may-0,data/raw/html/variable_page/0098b9db1ac9aded089c90bb9c6630eb9939ef80.html,,mmleads-3__data-documentation__94e426ac6d__chunk_18
mmleads-3,mmleads-3__var__mdcr-buyin-06,contains,https://resdac.org/cms-data/variables/medicare-entitlementbuy-indicator-june-0,data/raw/html/variable_page/35a9535d85b8aa33f833da62eaaf670604337576.html,,mmleads-3__data-documentation__94e426ac6d__chunk_19
mmleads-3,mmleads-3__var__mdcr-buyin-07,contains,https://resdac.org/cms-data/variables/medicare-entitlementbuy-indicator-july-0,data/raw/html/variable_page/44de9e9368f2695c026e70fbb7346ba87c5f77b9.html,,mmleads-3__data-documentation__94e426ac6d__chunk_20
mmleads-3,mmleads-3__var__mdcr-buyin-08,contains,https://resdac.org/cms-data/variables/medicare-entitlementbuy-indicator-august-0,data/raw/html/variable_page/470fff2c65621723705de7ca745fe7ed3a38c7fc.html,,mmleads-3__data-documentation__94e426ac6d__chunk_20
mmleads-3,mmleads-3__var__mdcr-buyin-09,contains,https://resdac.org/cms-data/variables/medicare-entitlementbuy-indicator-september-0,data/raw/html/variable_page/b733c293a26f58e4d6a815665202898a6ae14af0.html,,mmleads-3__data-documentation__94e426ac6d__chunk_21
mmleads-3,mmleads-3__var__mdcr-buyin-10,contains,https://resdac.org/cms-data/variables/medicare-entitlementbuy-indicator-october-0,data/raw/html/variable_page/a2cbffa238c3a511c4ae20813d9b5e52cf367ee4.html,,mmleads-3__data-documentation__94e426ac6d__chunk_22
mmleads-3,mmleads-3__var__mdcr-buyin-11,contains,https://resdac.org/cms-data/variables/medicare-entitlementbuy-indicator-november-0,data/raw/html/variable_page/80139c1f7b54a287a1ff5ed23eb56f1217942235.html,,mmleads-3__data-documentation__94e426ac6d__chunk_22
mmleads-3,mmleads-3__var__mdcr-buyin-12,contains,https://resdac.org/cms-data/variables/medicare-entitlementbuy-indicator-december-0,data/raw/html/variable_page/1b8f5250386dfd88ec778a14aab8797c75ce644a.html,,mmleads-3__data-documentation__94e426ac6d__chunk_23
mmleads-3,mmleads-3__var__mdcr-county-cd,contains,https://resdac.org/cms-data/variables/medicare-county-fips-code-latest-year,data/raw/html/variable_page/9f9ca31eec29fb04c330b55a2250d5a5c05361e7.html,,mmleads-3__data-documentation__94e426ac6d__chunk_1
mmleads-3,mmleads-3__var__mdcr-covstart,contains,https://resdac.org/cms-data/variables/medicare-coverage-start-date-0,data/raw/html/variable_page/68c2067b009b2a92bcd52be5788158d692d1a19c.html,,mmleads-3__data-documentation__94e426ac6d__chunk_4
mmleads-3,mmleads-3__var__mdcr-crec,contains,https://resdac.org/cms-data/variables/medicare-current-reason-entitlement-code-crec,data/raw/html/variable_page/f4f2a1a8f8184d66d3307a56cf19b26d4a969182.html,,mmleads-3__data-documentation__94e426ac6d__chunk_4
mmleads-3,mmleads-3__var__mdcr-c-snp-mos,contains,https://resdac.org/cms-data/variables/medicare-medicaid-chronic-conditions-special-needs-plan-c-snp-months,data/raw/html/variable_page/459a5b248a24338c650656953c504225ced488a2.html,,mmleads-3__data-documentation__94e426ac6d__chunk_7
mmleads-3,mmleads-3__var__mdcr-dib-awd-cd,contains,https://resdac.org/cms-data/variables/medicare-ssa-disability-insurance-benefit-award-code,data/raw/html/variable_page/a4c5445cf74f6f313fe77f4eaf33ea05d348f5be.html,,mmleads-3__data-documentation__94e426ac6d__chunk_4
mmleads-3,mmleads-3__var__mdcr-dib-jstfctn-cd,contains,https://resdac.org/cms-data/variables/medicare-disability-insurance-benefit-entitlement-medicare-justification-code,data/raw/html/variable_page/081b162e61ad7f407f46afcf3df2278f325c1078.html,,mmleads-3__data-documentation__94e426ac6d__chunk_5
mmleads-3,mmleads-3__var__mdcr-dib-prmry-imprmnt-cd,contains,https://resdac.org/cms-data/variables/medicare-ssa-disability-insurance-benefit-dx-primary-impairment-code,data/raw/html/variable_page/53c25d2f6972272245a058ad3599588443147238.html,,mmleads-3__data-documentation__94e426ac6d__chunk_5
mmleads-3,mmleads-3__var__mdcr-dib-scndry-imprmnt-cd,contains,https://resdac.org/cms-data/variables/medicare-ssa-disability-insurance-benefit-dx-secondary-impairment-code,data/raw/html/variable_page/8ef3c3bc8d31df6384ab45ba48d2e4ea9ecfb486.html,,mmleads-3__data-documentation__94e426ac6d__chunk_5
mmleads-3,mmleads-3__var__mdcr-dual-stus-cd-01,contains,https://resdac.org/cms-data/variables/medicare-medicaid-dual-eligibility-code-january-1,data/raw/html/variable_page/f453a495a9646c911b8540eeffa2930c115f7188.html,,mmleads-3__data-documentation__94e426ac6d__chunk_15
mmleads-3,mmleads-3__var__mdcr-dual-stus-cd-02,contains,https://resdac.org/cms-data/variables/medicare-medicaid-dual-eligibility-code-february-0,data/raw/html/variable_page/b1f4c88e21b851c44d9dcf474fdae6701067813d.html,,mmleads-3__data-documentation__94e426ac6d__chunk_16
mmleads-3,mmleads-3__var__mdcr-dual-stus-cd-03,contains,https://resdac.org/cms-data/variables/medicare-medicaid-dual-eligibility-code-march-0,data/raw/html/variable_page/7abfd0519615cd059f697611e688ca0157d0462e.html,,mmleads-3__data-documentation__94e426ac6d__chunk_17
mmleads-3,mmleads-3__var__mdcr-dual-stus-cd-04,contains,https://resdac.org/cms-data/variables/medicare-medicaid-dual-eligibility-code-april-0,data/raw/html/variable_page/a96dffbf64294845ca8aec805e60fe27a7070708.html,,mmleads-3__data-documentation__94e426ac6d__chunk_17
mmleads-3,mmleads-3__var__mdcr-dual-stus-cd-05,contains,https://resdac.org/cms-data/variables/medicare-medicaid-dual-eligibility-code-may-0,data/raw/html/variable_page/995ff4cd6e3508e29f3dbad4434d9ee4e5e31836.html,,mmleads-3__data-documentation__94e426ac6d__chunk_18
mmleads-3,mmleads-3__var__mdcr-dual-stus-cd-06,contains,https://resdac.org/cms-data/variables/medicare-medicaid-dual-eligibility-code-june-0,data/raw/html/variable_page/ee8e39ba65762fa636c3e2b39bab295ed9156493.html,,mmleads-3__data-documentation__94e426ac6d__chunk_19
mmleads-3,mmleads-3__var__mdcr-dual-stus-cd-07,contains,https://resdac.org/cms-data/variables/medicare-medicaid-dual-eligibility-code-july-0,data/raw/html/variable_page/6b95ad89cea304a849f858011e7efddcb767b90b.html,,mmleads-3__data-documentation__94e426ac6d__chunk_19
mmleads-3,mmleads-3__var__mdcr-dual-stus-cd-08,contains,https://resdac.org/cms-data/variables/medicare-medicaid-dual-eligibility-code-august-0,data/raw/html/variable_page/bdd154da11f3966668d6688124a66d89f5ee3151.html,,mmleads-3__data-documentation__94e426ac6d__chunk_20
mmleads-3,mmleads-3__var__mdcr-dual-stus-cd-09,contains,https://resdac.org/cms-data/variables/medicare-medicaid-dual-eligibility-code-september-0,data/raw/html/variable_page/2820207ae12ad74d76d03ceedee029ffd19fbd48.html,,mmleads-3__data-documentation__94e426ac6d__chunk_21
mmleads-3,mmleads-3__var__mdcr-dual-stus-cd-10,contains,https://resdac.org/cms-data/variables/medicare-medicaid-dual-eligibility-code-october-0,data/raw/html/variable_page/629e71ec5f23a3f05fb8132affd34116c03dc0e0.html,,mmleads-3__data-documentation__94e426ac6d__chunk_21
mmleads-3,mmleads-3__var__mdcr-dual-stus-cd-11,contains,https://resdac.org/cms-data/variables/medicare-medicaid-dual-eligibility-code-november-0,data/raw/html/variable_page/9ff582557065b972c644e1b1d7c191bafa419dcd.html,,mmleads-3__data-documentation__94e426ac6d__chunk_22
mmleads-3,mmleads-3__var__mdcr-dual-stus-cd-12,contains,https://resdac.org/cms-data/variables/medicare-medicaid-dual-eligibility-code-december-0,data/raw/html/variable_page/f18f281d8db0b2d83aca987b190ab5cb43adc26a.html,,mmleads-3__data-documentation__94e426ac6d__chunk_23
mmleads-3,mmleads-3__var__mdcr-d-snp-mos,contains,https://resdac.org/cms-data/variables/medicare-medicaid-dual-eligible-special-needs-plan-d-snp-months,data/raw/html/variable_page/dc73b503f6f4640a06beae20a2013d9aa355c97f.html,,mmleads-3__data-documentation__94e426ac6d__chunk_7
mmleads-3,mmleads-3__var__mdcr-ffs-medical-01,contains,https://resdac.org/cms-data/variables/medicare-fee-service-medical-coverage-indicator-january,data/raw/html/variable_page/a88657f9bbbda0d8103de13431998d31990e55b7.html,,mmleads-3__data-documentation__94e426ac6d__chunk_16
mmleads-3,mmleads-3__var__mdcr-ffs-medical-02,contains,https://resdac.org/cms-data/variables/medicare-fee-service-medical-coverage-indicator-february,data/raw/html/variable_page/d4f49356b978ff8ef61a1ecee7d070b27a8cf3b1.html,,mmleads-3__data-documentation__94e426ac6d__chunk_17
mmleads-3,mmleads-3__var__mdcr-ffs-medical-03,contains,https://resdac.org/cms-data/variables/medicare-fee-service-medical-coverage-indicator-march,data/raw/html/variable_page/d8d338a36f7ade0509a702aa5c8cc661da053fb6.html,,mmleads-3__data-documentation__94e426ac6d__chunk_17
mmleads-3,mmleads-3__var__mdcr-ffs-medical-04,contains,https://resdac.org/cms-data/variables/medicare-fee-service-medical-coverage-indicator-april,data/raw/html/variable_page/768a4e8aea46f384e24122b464718c4b6580509e.html,,mmleads-3__data-documentation__94e426ac6d__chunk_18
mmleads-3,mmleads-3__var__mdcr-ffs-medical-05,contains,https://resdac.org/cms-data/variables/medicare-fee-service-medical-coverage-indicator-may,data/raw/html/variable_page/9c830ab41bf21d5700111d39779595189458ba4f.html,,mmleads-3__data-documentation__94e426ac6d__chunk_19
mmleads-3,mmleads-3__var__mdcr-ffs-medical-06,contains,https://resdac.org/cms-data/variables/medicare-fee-service-medical-coverage-indicator-june,data/raw/html/variable_page/029c0aafb4f0780b2955e50a01db012d41370c64.html,,mmleads-3__data-documentation__94e426ac6d__chunk_19
mmleads-3,mmleads-3__var__mdcr-ffs-medical-07,contains,https://resdac.org/cms-data/variables/medicare-fee-service-medical-coverage-indicator-july,data/raw/html/variable_page/8434c62f34659b2d95bfa3652813c9584df88633.html,,mmleads-3__data-documentation__94e426ac6d__chunk_20
mmleads-3,mmleads-3__var__mdcr-ffs-medical-08,contains,https://resdac.org/cms-data/variables/medicare-fee-service-medical-coverage-indicator-august,data/raw/html/variable_page/cb9d3a44d5ae310342300d806050f797e7c7424c.html,,mmleads-3__data-documentation__94e426ac6d__chunk_21
mmleads-3,mmleads-3__var__mdcr-ffs-medical-09,contains,https://resdac.org/cms-data/variables/medicare-fee-service-medical-coverage-indicator-september,data/raw/html/variable_page/d13dc8a36d3fd734171e44d0f03783a7a73b6a2e.html,,mmleads-3__data-documentation__94e426ac6d__chunk_21
mmleads-3,mmleads-3__var__mdcr-ffs-medical-10,contains,https://resdac.org/cms-data/variables/medicare-fee-service-medical-coverage-indicator-october,data/raw/html/variable_page/6b2500e050275baa03ad4a44e7da5d9bdfb0ab5b.html,,mmleads-3__data-documentation__94e426ac6d__chunk_22
mmleads-3,mmleads-3__var__mdcr-ffs-medical-11,contains,https://resdac.org/cms-data/variables/medicare-fee-service-medical-coverage-indicator-november,data/raw/html/variable_page/40ae0c52f47dadc6b7f6aad0e1d83edc24e6c5a1.html,,mmleads-3__data-documentation__94e426ac6d__chunk_23
mmleads-3,mmleads-3__var__mdcr-ffs-medical-12,contains,https://resdac.org/cms-data/variables/medicare-fee-service-medical-coverage-indicator-december,data/raw/html/variable_page/11fa7e16a7b7de64ffd9f62b8e8ca65c151ee9f1.html,,mmleads-3__data-documentation__94e426ac6d__chunk_23
mmleads-3,mmleads-3__var__mdcr-ffs-medical-mm,contains,https://www2.ccwdata.org/documents/10280/19022436/codebook-mmleads.pdf,data/raw/assets/pdf/536286800bad660e7af16072eb5a63475d8835f9.pdf,93,mmleads-3__codebook-mmleads_pdf__536286800b__p93__chunk_1
mmleads-3,mmleads-3__var__mdcr-ffs-medical-mos,contains,https://resdac.org/cms-data/variables/medicare-fee-service-medical-coverage-months,data/raw/html/variable_page/2b1554ede76b630f5103657b833f6aab05cce6f4.html,,mmleads-3__data-documentation__94e426ac6d__chunk_6
mmleads-3,mmleads-3__var__mdcr-hmo-mos,contains,https://resdac.org/cms-data/variables/medicare-hmo-coverage-months,data/raw/html/variable_page/686bee8b68a8fed1b6ef604fffc591c0eb092d44.html,,mmleads-3__data-documentation__94e426ac6d__chunk_6
mmleads-3,mmleads-3__var__mdcr-i-snp-mos,contains,https://resdac.org/cms-data/variables/medicare-medicaid-institutional-special-needs-plan-i-snp-months,data/raw/html/variable_page/af0d3d04e165154a73ea48b24d7f36e02f92abda.html,,mmleads-3__data-documentation__94e426ac6d__chunk_7
mmleads-3,mmleads-3__var__mdcr-ltch-mos,contains,https://resdac.org/cms-data/variables/medicare-long-term-care-hospital-months-claims,data/raw/html/variable_page/f26c1b2445280fc76eae87f0b1cde3bec7803302.html,,mmleads-3__data-documentation__94e426ac6d__chunk_12
mmleads-3,mmleads-3__var__mdcr-mc-mmp-mos,contains,https://resdac.org/cms-data/variables/medicare-medicaid-plan-mmp-coverage-months,data/raw/html/variable_page/b8f278415bbfaec09d556235ef1eace56bf1c26f.html,,mmleads-3__data-documentation__94e426ac6d__chunk_6
mmleads-3,mmleads-3__var__mdcr-mc-other-mos,contains,https://resdac.org/cms-data/variables/medicare-other-managed-care-months,data/raw/html/variable_page/103f9ee6af23aeb41adf6413b4d46fffbb514338.html,,mmleads-3__data-documentation__94e426ac6d__chunk_6
mmleads-3,mmleads-3__var__mdcr-mc-pace-mos,contains,https://resdac.org/cms-data/variables/medicare-program-all-inclusive-care-elderly-pace-months,data/raw/html/variable_page/cc1b6c4498898bcf57cf58ca3e0b5d7358ac254d.html,,mmleads-3__data-documentation__94e426ac6d__chunk_6
mmleads-3,mmleads-3__var__mdcr-mc-unknown-mos,contains,https://resdac.org/cms-data/variables/medicare-unknown-plan-type-manage-care-months,data/raw/html/variable_page/c3ac1af911cdda97bd860f29763e99f4466501c1.html,,mmleads-3__data-documentation__94e426ac6d__chunk_7
mmleads-3,mmleads-3__var__mdcr-ms-cd,contains,https://resdac.org/cms-data/variables/medicare-status-code-latest-year,data/raw/html/variable_page/dc2b6374633863de3d8191b19c92dfaa73c4a087.html,,mmleads-3__data-documentation__94e426ac6d__chunk_4
mmleads-3,mmleads-3__var__mdcr-nf-mos,contains,https://resdac.org/cms-data/variables/medicare-nursing-facility-months-mds,data/raw/html/variable_page/fdf868fbe8986dcbcef33073e68a7e7137cd48c9.html,,mmleads-3__data-documentation__94e426ac6d__chunk_13
mmleads-3,mmleads-3__var__mdcr-only-mos,contains,https://resdac.org/cms-data/variables/medicare-only-months,data/raw/html/variable_page/13517f4b00bd17e186e1207dc489c81603f5d4a0.html,,mmleads-3__data-documentation__94e426ac6d__chunk_2
mmleads-3,mmleads-3__var__mdcr-orec,contains,https://resdac.org/cms-data/variables/medicare-original-reason-entitlement-code-orec,data/raw/html/variable_page/a46291f907bac4f2139b562563e044c8943be025.html,,mmleads-3__data-documentation__94e426ac6d__chunk_4
mmleads-3,mmleads-3__var__mdcr-ptaptb-mos,contains,https://resdac.org/cms-data/variables/medicare-part-and-part-b-enrolled-months,data/raw/html/variable_page/a6ec217e2d286931d5791f2f3881dd434a9fd484.html,,mmleads-3__data-documentation__94e426ac6d__chunk_2
mmleads-3,mmleads-3__var__mdcr-pta-mos,contains,https://resdac.org/cms-data/variables/medicare-part-enrolled-months,data/raw/html/variable_page/1df18dc84cb3d0a72b1591345c70fb5ec00814a1.html,,mmleads-3__data-documentation__94e426ac6d__chunk_2
mmleads-3,mmleads-3__var__mdcr-ptb-mos,contains,https://resdac.org/cms-data/variables/medicare-part-b-enrolled-months,data/raw/html/variable_page/62bb9c2d9e47a08e20f0fdfc5b514e05ded8e740.html,,mmleads-3__data-documentation__94e426ac6d__chunk_2
mmleads-3,mmleads-3__var__mdcr-ptd-mos,contains,https://resdac.org/cms-data/variables/medicare-part-d-months,data/raw/html/variable_page/184473b1065a37933da8ebe3bb7932422df39215.html,,mmleads-3__data-documentation__94e426ac6d__chunk_2
mmleads-3,mmleads-3__var__mdcr-rti-race,contains,https://resdac.org/cms-data/variables/medicare-research-triangle-institute-rti-race-code,data/raw/html/variable_page/fa1633386e7c81afbe9e0ddcb9deb165f79b6ab4.html,,mmleads-3__data-documentation__94e426ac6d__chunk_1
mmleads-3,mmleads-3__var__mdcr-snf-mos,contains,https://resdac.org/cms-data/variables/medicare-skilled-nursing-facility-months-claims,data/raw/html/variable_page/75a721ea98855e7954adb320de111c8c12f5510a.html,,mmleads-3__data-documentation__94e426ac6d__chunk_13
mmleads-3,mmleads-3__var__mdcr-state-cd,contains,https://resdac.org/cms-data/variables/medicare-state-code-fips,data/raw/html/variable_page/ef94e343042094b5e2d874d8b44dd29f8107828f.html,,mmleads-3__data-documentation__94e426ac6d__chunk_1
mmleads-3,mmleads-3__var__mme-type-cd,contains,https://resdac.org/cms-data/files/mmleads-3/data-documentation,data/raw/html/documentation_page/94e426ac6df090203083bffc9a6b039975585c37.html,,mmleads-3__data-documentation__94e426ac6d__chunk_0
mmleads-3,mmleads-3__var__mme-type-cd-01,contains,https://resdac.org/cms-data/variables/medicare-medicaid-eligibility-type-code-dual-eligibility-status-january,data/raw/html/variable_page/cd78f03b977eb00e149ec31785668ee460d1a789.html,,mmleads-3__data-documentation__94e426ac6d__chunk_34
mmleads-3,mmleads-3__var__mme-type-cd-02,contains,https://resdac.org/cms-data/variables/medicare-medicaid-eligibility-type-code-dual-eligibility-status-february,data/raw/html/variable_page/489d39ae4d62b4fe70c9e2a9ca7e141d6ea5109a.html,,mmleads-3__data-documentation__94e426ac6d__chunk_35
mmleads-3,mmleads-3__var__mme-type-cd-03,contains,https://resdac.org/cms-data/variables/medicare-medicaid-eligibility-type-code-dual-eligibility-status-march,data/raw/html/variable_page/cfd089a2a3527d99cec47616242f2e4c2b159f13.html,,mmleads-3__data-documentation__94e426ac6d__chunk_35
mmleads-3,mmleads-3__var__mme-type-cd-04,contains,https://resdac.org/cms-data/variables/medicare-medicaid-eligibility-type-code-dual-eligibility-status-april,data/raw/html/variable_page/115937abbacb519e9affb8dfb960fe2085e0ab22.html,,mmleads-3__data-documentation__94e426ac6d__chunk_35
mmleads-3,mmleads-3__var__mme-type-cd-05,contains,https://resdac.org/cms-data/variables/medicare-medicaid-eligibility-type-code-dual-eligibility-status-may,data/raw/html/variable_page/e4490bc1cec77e93317eea2cf597516bf0451552.html,,mmleads-3__data-documentation__94e426ac6d__chunk_35
mmleads-3,mmleads-3__var__mme-type-cd-06,contains,https://resdac.org/cms-data/variables/medicare-medicaid-eligibility-type-code-dual-eligibility-status-june,data/raw/html/variable_page/e72a414b2b28168e0762a023129e404881b441ff.html,,mmleads-3__data-documentation__94e426ac6d__chunk_36
mmleads-3,mmleads-3__var__mme-type-cd-07,contains,https://resdac.org/cms-data/variables/medicare-medicaid-eligibility-type-code-dual-eligibility-status-july,data/raw/html/variable_page/eb5d0a53509a5a4de240e3bc7489cfbb07f56dac.html,,mmleads-3__data-documentation__94e426ac6d__chunk_36
mmleads-3,mmleads-3__var__mme-type-cd-08,contains,https://resdac.org/cms-data/variables/medicare-medicaid-eligibility-type-code-dual-eligibility-status-august,data/raw/html/variable_page/fbe440395ad0c8f5be096c536f58db306a28cd2b.html,,mmleads-3__data-documentation__94e426ac6d__chunk_36
mmleads-3,mmleads-3__var__mme-type-cd-09,contains,https://resdac.org/cms-data/variables/medicare-medicaid-eligibility-type-code-dual-eligibility-status-september,data/raw/html/variable_page/518ba86a28c62638ed76ed5c2a5b0bd819ec28d9.html,,mmleads-3__data-documentation__94e426ac6d__chunk_36
mmleads-3,mmleads-3__var__mme-type-cd-10,contains,https://resdac.org/cms-data/variables/medicare-medicaid-eligibility-type-code-dual-eligibility-status-october,data/raw/html/variable_page/09b4c1662b78d42d4cfb172a3a984f44e7e6b476.html,,mmleads-3__data-documentation__94e426ac6d__chunk_37
mmleads-3,mmleads-3__var__mme-type-cd-11,contains,https://resdac.org/cms-data/variables/medicare-medicaid-eligibility-type-code-dual-eligibility-status-november,data/raw/html/variable_page/8133f10dbf40fbce0b5f8639f6836c3c27558f44.html,,mmleads-3__data-documentation__94e426ac6d__chunk_37
mmleads-3,mmleads-3__var__mme-type-cd-12,contains,https://resdac.org/cms-data/variables/medicare-medicaid-eligibility-type-code-dual-eligibility-status-december,data/raw/html/variable_page/e01834698b5ac4a0e2a589ee77aac2963bbaa83d.html,,mmleads-3__data-documentation__94e426ac6d__chunk_37
mmleads-3,mmleads-3__var__mme-type-cd-mm,contains,https://resdac.org/cms-data/variables/medicare-medicaid-eligibility-type-code-annual-dual-eligibility-status,data/raw/html/variable_page/9c37509494fdfe54942238080584061a830540ea.html,51,mmleads-3__codebook-mmleads_pdf__536286800b__p51__chunk_1
mmleads-3,mmleads-3__var__msis-id,contains,https://resdac.org/cms-data/variables/encrypted-state-assigned-beneficiary-unique-identifier,data/raw/html/variable_page/97095d300859bda5b47093a7ff598026f2ecdba4.html,,mmleads-3__data-documentation__94e426ac6d__chunk_0
mmleads-3,mmleads-3__var__pd-mos,contains,https://resdac.org/cms-data/variables/partial-dual-months,data/raw/html/variable_page/9d6b4ae48252bc7b80051df767209218aaaa8ce0.html,,mmleads-3__data-documentation__94e426ac6d__chunk_2
mmleads-3,mmleads-3__var__ptc-plan-tpe-cd-mm,contains,https://www2.ccwdata.org/documents/10280/19022436/codebook-mmleads.pdf,data/raw/assets/pdf/536286800bad660e7af16072eb5a63475d8835f9.pdf,101,mmleads-3__codebook-mmleads_pdf__536286800b__p101__chunk_2
mmleads-3,mmleads-3__var__rfrnc-yr,contains,https://resdac.org/cms-data/variables/reference-year-mmleads,data/raw/html/variable_page/0fa2fc5a2c0c26a97526a67f6e3cc95f65f02909.html,,mmleads-3__data-documentation__94e426ac6d__chunk_37
mmleads-3,mmleads-3__var__sample-grp,contains,https://resdac.org/cms-data/files/mmleads-3/data-documentation,data/raw/html/documentation_page/94e426ac6df090203083bffc9a6b039975585c37.html,,mmleads-3__data-documentation__94e426ac6d__chunk_0
mmleads-3,mmleads-3__var__sex-cd,contains,https://resdac.org/cms-data/variables/sex-biological-latest-year,data/raw/html/variable_page/298a0c776a164ad2c0a015ff0c0057ac6c9e5103.html,,mmleads-3__data-documentation__94e426ac6d__chunk_1
mmleads-3,mmleads-3__var__snp-type,contains,https://www2.ccwdata.org/documents/10280/19022436/codebook-mmleads.pdf,data/raw/assets/pdf/536286800bad660e7af16072eb5a63475d8835f9.pdf,97,mmleads-3__codebook-mmleads_pdf__536286800b__p97__chunk_1
mmleads-3,mmleads-3__var__state-cd,contains,https://resdac.org/cms-data/variables/submitting-state-alpha-abbreviation,data/raw/html/variable_page/88f3f43ad936f20fedfbe463595fa86d1ce93a6d.html,,mmleads-3__data-documentation__94e426ac6d__chunk_0
ngaco-beneficiary,ngaco-beneficiary__var__aco-id,contains,https://resdac.org/cms-data/variables/pioneer-aco-identifier,data/raw/html/variable_page/05f83c6b83a60ef9e507aa2b953fd5fcdfd64c72.html,,ngaco-beneficiary__data-documentation__0fc2b1e684__chunk_1
ngaco-beneficiary,ngaco-beneficiary__var__bene-id,contains,https://resdac.org/cms-data/variables/encrypted-ccw-beneficiary-id,data/raw/html/variable_page/69950b21ed36af6e7ed6c908dc18142a50445d3c.html,,ngaco-beneficiary__data-documentation__0fc2b1e684__chunk_1
ngaco-beneficiary,ngaco-beneficiary__var__birth-dt,contains,https://resdac.org/cms-data/variables/date-birth-1,data/raw/html/variable_page/d44369d8b7ec500882372867e83b890304ab8eb2.html,,ngaco-beneficiary__data-documentation__0fc2b1e684__chunk_1
ngaco-beneficiary,ngaco-beneficiary__var__death-dt,contains,https://resdac.org/cms-data/variables/date-death-0,data/raw/html/variable_page/a5e2f19fb4dbe0e9c952a9b1c182694cef8ff0e1.html,,ngaco-beneficiary__data-documentation__0fc2b1e684__chunk_1
ngaco-beneficiary,ngaco-beneficiary__var__mo10-align,contains,https://resdac.org/cms-data/variables/month-10-alignment-flag,data/raw/html/variable_page/aca490968e091883fa7eb98f33dacfb93d0e142e.html,,ngaco-beneficiary__data-documentation__0fc2b1e684__chunk_2
ngaco-beneficiary,ngaco-beneficiary__var__mo11-align,contains,https://resdac.org/cms-data/variables/month-11-alignment-flag,data/raw/html/variable_page/75e178d614ffedd59faf3032557fa1afe85f905a.html,,ngaco-beneficiary__data-documentation__0fc2b1e684__chunk_2
ngaco-beneficiary,ngaco-beneficiary__var__mo12-align,contains,https://resdac.org/cms-data/variables/month-12-alignment-flag,data/raw/html/variable_page/81cdbaf550def6661aef4e15827743eb77e10927.html,,ngaco-beneficiary__data-documentation__0fc2b1e684__chunk_2
ngaco-beneficiary,ngaco-beneficiary__var__mo1-align,contains,https://resdac.org/cms-data/variables/month-1-alignment-flag,data/raw/html/variable_page/ef6a022b26d4cdcf1543c27b799db5d90e8eeb50.html,,ngaco-beneficiary__data-documentation__0fc2b1e684__chunk_1
ngaco-beneficiary,ngaco-beneficiary__var__mo2-align,contains,https://resdac.org/cms-data/variables/month-2-alignment-flag,data/raw/html/variable_page/4e12e872b046bca905aaf1ac9b69be1e4bd65510.html,,ngaco-beneficiary__data-documentation__0fc2b1e684__chunk_1
ngaco-beneficiary,ngaco-beneficiary__var__mo3-align,contains,https://resdac.org/cms-data/variables/month-3-alignment-flag,data/raw/html/variable_page/d8f34f762c821ca5f72f3cf4e393686afa51e49e.html,,ngaco-beneficiary__data-documentation__0fc2b1e684__chunk_1
ngaco-beneficiary,ngaco-beneficiary__var__mo4-align,contains,https://resdac.org/cms-data/variables/month-4-alignment-flag,data/raw/html/variable_page/46df3eea7d601f3a0e41b1d84e28fc8c3c003c10.html,,ngaco-beneficiary__data-documentation__0fc2b1e684__chunk_1
ngaco-beneficiary,ngaco-beneficiary__var__mo5-align,contains,https://resdac.org/cms-data/variables/month-5-alignment-flag,data/raw/html/variable_page/29113dfc4e66ba83771467668a219892cc388c4f.html,,ngaco-beneficiary__data-documentation__0fc2b1e684__chunk_1
ngaco-beneficiary,ngaco-beneficiary__var__mo6-align,contains,https://resdac.org/cms-data/variables/month-6-alignment-flag,data/raw/html/variable_page/71ac30b2fb6247ab4c620aa251be4c69e4688880.html,,ngaco-beneficiary__data-documentation__0fc2b1e684__chunk_1
ngaco-beneficiary,ngaco-beneficiary__var__mo7-align,contains,https://resdac.org/cms-data/variables/month-7-alignment-flag,data/raw/html/variable_page/703066f96be61320a62f11c9b9e1c629d273838d.html,,ngaco-beneficiary__data-documentation__0fc2b1e684__chunk_2
ngaco-beneficiary,ngaco-beneficiary__var__mo8-align,contains,https://resdac.org/cms-data/variables/month-8-alignment-flag,data/raw/html/variable_page/63cb9cef94c51412eed4cee99d7ba0a7b7a2193c.html,,ngaco-beneficiary__data-documentation__0fc2b1e684__chunk_2
ngaco-beneficiary,ngaco-beneficiary__var__mo9-align,contains,https://resdac.org/cms-data/variables/month-9-alignment-flag,data/raw/html/variable_page/5497d96d161db3a392ef35ef2fda71f9393a445f.html,,ngaco-beneficiary__data-documentation__0fc2b1e684__chunk_2
ngaco-beneficiary,ngaco-beneficiary__var__sex-cd,contains,https://resdac.org/cms-data/variables/sex-1,data/raw/html/variable_page/2fa8249aacdc3cc0ffe33c49a8cf9af31635818b.html,,ngaco-beneficiary__data-documentation__0fc2b1e684__chunk_1
ngaco-provider,ngaco-provider__var__aco-id,contains,https://resdac.org/cms-data/variables/pioneer-aco-identifier,data/raw/html/variable_page/05f83c6b83a60ef9e507aa2b953fd5fcdfd64c72.html,,ngaco-provider__data-documentation__a061a7bd7a__chunk_1
ngaco-provider,ngaco-provider__var__ccn-type,contains,https://resdac.org/cms-data/variables/ccn-facility-type-0,data/raw/html/variable_page/10ca255c1cd238b62f754699bbde0015e8fff6c4.html,,ngaco-provider__data-documentation__a061a7bd7a__chunk_2
ngaco-provider,ngaco-provider__var__clndr-yr,contains,https://resdac.org/cms-data/variables/year-aco-source-record-0,data/raw/html/variable_page/50ebec9881c78c7cf29e4957a566fa09a7113bf1.html,,ngaco-provider__data-documentation__a061a7bd7a__chunk_1
ngaco-provider,ngaco-provider__var__first-name,contains,https://resdac.org/cms-data/variables/first-name-provider-associated-npi,data/raw/html/variable_page/91cbf3183a2353cf0893f77a4caf16f9e21fdd43.html,,ngaco-provider__data-documentation__a061a7bd7a__chunk_2
ngaco-provider,ngaco-provider__var__ind-npi,contains,https://resdac.org/cms-data/variables/npi-practitioner,data/raw/html/variable_page/e114e08288aab4bd233bff2f84b5f441ee79fe70.html,,ngaco-provider__data-documentation__a061a7bd7a__chunk_1
ngaco-provider,ngaco-provider__var__last-name,contains,https://resdac.org/cms-data/variables/last-name-provider-associated-npi,data/raw/html/variable_page/3acf55cbb8c2dff45e7f3d3e5f5f43b2e8e4d58f.html,,ngaco-provider__data-documentation__a061a7bd7a__chunk_2
ngaco-provider,ngaco-provider__var__org-ccn,contains,https://resdac.org/cms-data/variables/cms-certification-number,data/raw/html/variable_page/ea8edca86e0f521a0c5f94d49f62b9c92dc36a7e.html,,ngaco-provider__data-documentation__a061a7bd7a__chunk_1
ngaco-provider,ngaco-provider__var__org-name,contains,https://resdac.org/cms-data/variables/legal-business-name-associated-aco-participant-tin,data/raw/html/variable_page/1de1882f929ca35b5f6cb53c74b25ffe1cf23c74.html,,ngaco-provider__data-documentation__a061a7bd7a__chunk_1
ngaco-provider,ngaco-provider__var__org-npi,contains,https://resdac.org/cms-data/variables/national-provider-identifier-npi-organization,data/raw/html/variable_page/1ca9712c608750df9b34f4c99b9d25413573d66c.html,,ngaco-provider__data-documentation__a061a7bd7a__chunk_1
ngaco-provider,ngaco-provider__var__org-tin,contains,https://resdac.org/cms-data/variables/billing-tin-aco-participant,data/raw/html/variable_page/e27ca56fd819b8f1297b410b2966d3042d0a7952.html,,ngaco-provider__data-documentation__a061a7bd7a__chunk_1
ngaco-provider,ngaco-provider__var__pcp-flag,contains,https://resdac.org/cms-data/variables/primary-care-practitioner-indicator,data/raw/html/variable_page/bae6115748146dd21af6b4968fa250503c50297b.html,,ngaco-provider__data-documentation__a061a7bd7a__chunk_2
ngaco-provider,ngaco-provider__var__prvdr-class,contains,https://resdac.org/cms-data/variables/provider-class,data/raw/html/variable_page/3e63eba2888263cc57b6f3568479c81864168683.html,,ngaco-provider__data-documentation__a061a7bd7a__chunk_1
ocm-clinical-and-staging,ocm-clinical-and-staging__var__ajcc-edition,contains,https://resdac.org/cms-data/variables/ajcc-cancer-staging-edition,data/raw/html/variable_page/58b9d35a18c24d8bc1f52606dbecf1c01880a29c.html,,ocm-clinical-and-staging__data-documentation__b38db69f59__chunk_2
ocm-clinical-and-staging,ocm-clinical-and-staging__var__bene-id,contains,https://resdac.org/cms-data/variables/encrypted-ccw-beneficiary-id,data/raw/html/variable_page/69950b21ed36af6e7ed6c908dc18142a50445d3c.html,,ocm-clinical-and-staging__data-documentation__b38db69f59__chunk_1
ocm-clinical-and-staging,ocm-clinical-and-staging__var__cncr-type-asgned,contains,https://resdac.org/cms-data/variables/ocm-assigned-cancer-type,data/raw/html/variable_page/d298fd220d5c41ede61aa66302c35e0c2cf9d9da.html,,ocm-clinical-and-staging__data-documentation__b38db69f59__chunk_1
ocm-clinical-and-staging,ocm-clinical-and-staging__var__cncr-type-rptd,contains,https://resdac.org/cms-data/variables/participant-reported-cancer-type,data/raw/html/variable_page/9fca8ef6c91925741b4b25ec03ba01bff0e102df.html,,ocm-clinical-and-staging__data-documentation__b38db69f59__chunk_2
ocm-clinical-and-staging,ocm-clinical-and-staging__var__epsd-bgn-dt,contains,https://resdac.org/cms-data/variables/episode-beginning-date,data/raw/html/variable_page/703effae8119598c614da69a6427d09136531c92.html,,ocm-clinical-and-staging__data-documentation__b38db69f59__chunk_1
ocm-clinical-and-staging,ocm-clinical-and-staging__var__epsd-end-dt,contains,https://resdac.org/cms-data/variables/episode-ending-date,data/raw/html/variable_page/f027b3fb7f8c4d4c73dfd0d9b889abef451a382c.html,,ocm-clinical-and-staging__data-documentation__b38db69f59__chunk_1
ocm-clinical-and-staging,ocm-clinical-and-staging__var__estrogen-receptor,contains,https://resdac.org/cms-data/variables/breast-cancer-estrogen-receptor,data/raw/html/variable_page/4fa4bee38a91cd5bd4f091c96a2cb8008d09f915.html,,ocm-clinical-and-staging__data-documentation__b38db69f59__chunk_3
ocm-clinical-and-staging,ocm-clinical-and-staging__var__her2-amplification,contains,https://resdac.org/cms-data/variables/her2-amplification,data/raw/html/variable_page/5228af915917ccc03dd510f3a9133b8f260998f5.html,,ocm-clinical-and-staging__data-documentation__b38db69f59__chunk_3
ocm-clinical-and-staging,ocm-clinical-and-staging__var__icd10-cncr-dgns-cd-rptd,contains,https://resdac.org/cms-data/variables/icd10-cancer-diagnosis-code-reported-participant,data/raw/html/variable_page/3b4f50ad7fdc72b5df6b101cc04d2468bc2c711c.html,,ocm-clinical-and-staging__data-documentation__b38db69f59__chunk_2
ocm-clinical-and-staging,ocm-clinical-and-staging__var__initl-dgns-dt,contains,https://resdac.org/cms-data/variables/initial-diagnosis-date,data/raw/html/variable_page/b08a976806e76ccb8f64d9153ef92d069c3ceec5.html,,ocm-clinical-and-staging__data-documentation__b38db69f59__chunk_2
ocm-clinical-and-staging,ocm-clinical-and-staging__var__nodal-disease,contains,https://resdac.org/cms-data/variables/nodal-disease-staging,data/raw/html/variable_page/cb35801ffa5227b2d903f330d21e972c78fc2566.html,,ocm-clinical-and-staging__data-documentation__b38db69f59__chunk_2
ocm-clinical-and-staging,ocm-clinical-and-staging__var__prfmnc-prd,contains,https://resdac.org/cms-data/variables/ocm-6-month-performance-period,data/raw/html/variable_page/a1fcec550f0b881670989effc414743c29b74365.html,,ocm-clinical-and-staging__data-documentation__b38db69f59__chunk_1
ocm-clinical-and-staging,ocm-clinical-and-staging__var__prmry-tumor,contains,https://resdac.org/cms-data/variables/primary-tumor-staging,data/raw/html/variable_page/453301125a2fed0d222ffba5c77a62a3d25d1fc8.html,,ocm-clinical-and-staging__data-documentation__b38db69f59__chunk_2
ocm-clinical-and-staging,ocm-clinical-and-staging__var__progesterone-receptor,contains,https://resdac.org/cms-data/variables/breast-cancer-progesterone-receptor,data/raw/html/variable_page/4e0445123c74551e194f1720d4dea130f3343c1e.html,,ocm-clinical-and-staging__data-documentation__b38db69f59__chunk_3
ocm-clinical-and-staging,ocm-clinical-and-staging__var__rptd-to-rgstry,contains,https://resdac.org/cms-data/variables/participant-reported-episode-ocm-registry,data/raw/html/variable_page/4039907594f44ef48b5206437680970100904cc0.html,,ocm-clinical-and-staging__data-documentation__b38db69f59__chunk_1
ocm-current-clinical-status,ocm-current-clinical-status__var__bene-id,contains,https://resdac.org/cms-data/variables/encrypted-ccw-beneficiary-id,data/raw/html/variable_page/69950b21ed36af6e7ed6c908dc18142a50445d3c.html,,ocm-current-clinical-status__data-documentation__48a7e5faf1__chunk_1
ocm-current-clinical-status,ocm-current-clinical-status__var__crnt-clncl-stus,contains,https://resdac.org/cms-data/variables/current-clinical-status-date,data/raw/html/variable_page/b959574184ea5f717d5d5a0fa397b77587a47cb9.html,,ocm-current-clinical-status__data-documentation__48a7e5faf1__chunk_1
ocm-current-clinical-status,ocm-current-clinical-status__var__crnt-clncl-stus-dt,contains,https://resdac.org/cms-data/files/ocm-current-clinical-status/data-documentation,data/raw/html/documentation_page/48a7e5faf18b8abe2883eacd74972225c4f0cfa7.html,,ocm-current-clinical-status__data-documentation__48a7e5faf1__chunk_1
ocm-current-clinical-status,ocm-current-clinical-status__var__icd10-cncr-dgns-cd-rptd,contains,https://resdac.org/cms-data/variables/icd10-cancer-diagnosis-code-reported-participant,data/raw/html/variable_page/3b4f50ad7fdc72b5df6b101cc04d2468bc2c711c.html,,ocm-current-clinical-status__data-documentation__48a7e5faf1__chunk_1
ocm-current-clinical-status,ocm-current-clinical-status__var__initl-dgns-dt,contains,https://resdac.org/cms-data/variables/initial-diagnosis-date,data/raw/html/variable_page/b08a976806e76ccb8f64d9153ef92d069c3ceec5.html,,ocm-current-clinical-status__data-documentation__48a7e5faf1__chunk_1
ocm-current-clinical-status,ocm-current-clinical-status__var__rptd-to-rgstry,contains,https://www2.ccwdata.org/documents/10280/19022436/codebook-ocm.pdf,data/raw/assets/pdf/687e14bf310457071225d4833378b7f8cecd7290.pdf,30,ocm-current-clinical-status__codebook-ocm_pdf__687e14bf31__p30__chunk_3
op-encounter,op-encounter__var__at-physn-npi,contains,https://resdac.org/cms-data/variables/claim-attending-physician-npi-number-encounter,data/raw/html/variable_page/ff5af2ff57119673876c88872488cf99080265b0.html,,op-encounter__data-documentation__cc8c9ec100__chunk_3
op-encounter,op-encounter__var__at-physn-txnmy-cd,contains,https://resdac.org/cms-data/variables/claim-attending-physician-taxonomy-code,data/raw/html/variable_page/cc7a2c5fe9283be603fb5cd07a4749cc514a2dd1.html,,op-encounter__data-documentation__cc8c9ec100__chunk_3
op-encounter,op-encounter__var__bene-cnty-cd,contains,https://resdac.org/cms-data/variables/beneficiary-county-code-claim-ssa,data/raw/html/variable_page/44de11a8d9f06b57c8a0127cde7e021a0fa7aa08.html,,op-encounter__data-documentation__cc8c9ec100__chunk_16
op-encounter,op-encounter__var__bene-id,contains,https://resdac.org/cms-data/variables/encrypted-ccw-beneficiary-id,data/raw/html/variable_page/69950b21ed36af6e7ed6c908dc18142a50445d3c.html,,op-encounter__data-documentation__cc8c9ec100__chunk_0
op-encounter,op-encounter__var__bene-mdcr-stus-cd,contains,https://resdac.org/cms-data/variables/beneficiary-medicare-status-code,data/raw/html/variable_page/21d2b5d3e6d7751393cd3457c680b08af8465ddb.html,,op-encounter__data-documentation__cc8c9ec100__chunk_17
op-encounter,op-encounter__var__bene-mlg-cntct-zip-cd,contains,https://resdac.org/cms-data/variables/beneficiary-zip-code-residence-claim,data/raw/html/variable_page/6957fb9e482a19475aa81178e75d5b537d7099c7.html,,op-encounter__data-documentation__cc8c9ec100__chunk_17
op-encounter,op-encounter__var__bene-race-cd,contains,https://resdac.org/cms-data/variables/beneficiary-race-code-encounter,data/raw/html/variable_page/043138d3fd6f0b3516fcd85d8bc681353f7b5455.html,,op-encounter__data-documentation__cc8c9ec100__chunk_17
op-encounter,op-encounter__var__bene-state,contains,https://resdac.org/cms-data/variables/state-beneficiary-postal-abbreviation,data/raw/html/variable_page/70cba563652e93178f4850178edc27d43dc70329.html,,op-encounter__data-documentation__cc8c9ec100__chunk_18
op-encounter,op-encounter__var__bene-state-cd,contains,https://resdac.org/cms-data/variables/beneficiary-residence-ssa-state-code-encounter,data/raw/html/variable_page/38a30f2316181bda8cfcfc744274fe8d5bc2d6c2.html,,op-encounter__data-documentation__cc8c9ec100__chunk_17
op-encounter,op-encounter__var__clm-1st-dgns-e-cd,contains,https://resdac.org/cms-data/variables/first-claim-diagnosis-e-code-encounter,data/raw/html/variable_page/ffedbc4750da285115ff502f0af4f4f44d6bf7ac.html,,op-encounter__data-documentation__cc8c9ec100__chunk_8
op-encounter,op-encounter__var__clm-bprvdr-adr-zip-cd,contains,https://resdac.org/cms-data/variables/billing-provider-zip-code,data/raw/html/variable_page/54a8dd3c94223a74c84b6b42f411bc480a102ff3.html,,op-encounter__data-documentation__cc8c9ec100__chunk_16
op-encounter,op-encounter__var__clm-bprvdr-city-name,contains,https://resdac.org/cms-data/variables/billing-provider-address-city,data/raw/html/variable_page/318c186010630165b59eccc8f0e54df7d2f05310.html,,op-encounter__data-documentation__cc8c9ec100__chunk_15
op-encounter,op-encounter__var__clm-bprvdr-usps-state-cd,contains,https://resdac.org/cms-data/variables/billing-provider-address-usps-state-code,data/raw/html/variable_page/93d11232aa6fa708fe3db3e5590d0362904cca7b.html,,op-encounter__data-documentation__cc8c9ec100__chunk_15
op-encounter,op-encounter__var__clm-chrt-rvw-sw,contains,https://resdac.org/cms-data/variables/claim-chart-review-switch,data/raw/html/variable_page/14d5996558216ec973e34c11872b747511f58362.html,,op-encounter__data-documentation__cc8c9ec100__chunk_0
op-encounter,op-encounter__var__clm-cntl-num,contains,https://resdac.org/cms-data/variables/claim-control-number,data/raw/html/variable_page/f308bdb2598ef08fe2bd1d74ff271da9cd40c698.html,,op-encounter__data-documentation__cc8c9ec100__chunk_0
op-encounter,op-encounter__var__clm-fac-type-cd,contains,https://resdac.org/cms-data/variables/claim-facility-type-code-encounter,data/raw/html/variable_page/390d7e03582218dd8e385a88880efb2c14a6065f.html,,op-encounter__data-documentation__cc8c9ec100__chunk_1
op-encounter,op-encounter__var__clm-finl-actn-ind,contains,https://resdac.org/cms-data/variables/claim-final-action-indicator,data/raw/html/variable_page/6ab3783d59a53b6434943d6ef2da7fdab1343dc6.html,,op-encounter__data-documentation__cc8c9ec100__chunk_1
op-encounter,op-encounter__var__clm-freq-cd,contains,https://resdac.org/cms-data/variables/claim-frequency-code-encounter,data/raw/html/variable_page/0d96785393c5b7175d15abacdde66155c1cc239f.html,,op-encounter__data-documentation__cc8c9ec100__chunk_2
op-encounter,op-encounter__var__clm-from-dt,contains,https://resdac.org/cms-data/variables/claim-date-encounter,data/raw/html/variable_page/0f70571fde4f787a36aee27f5c2031deb0fd5fc0.html,,op-encounter__data-documentation__cc8c9ec100__chunk_0
op-encounter,op-encounter__var__clm-ltst-clm-ind,contains,https://resdac.org/cms-data/variables/latest-claim-indicator,data/raw/html/variable_page/dab1079f4224a0f688808fc093c369b531df9cda.html,,op-encounter__data-documentation__cc8c9ec100__chunk_1
op-encounter,op-encounter__var__clm-mdcl-rec,contains,https://resdac.org/cms-data/variables/claim-medical-record-number-encounter,data/raw/html/variable_page/7db239102932bff1699b4cde56febf7197325f36.html,,op-encounter__data-documentation__cc8c9ec100__chunk_2
op-encounter,op-encounter__var__clm-obslt-dt,contains,https://resdac.org/cms-data/variables/claim-obsolete-date,data/raw/html/variable_page/138d8c8cf7c3fc7fa9c7ffc5c74a54b84ba1e33d.html,,op-encounter__data-documentation__cc8c9ec100__chunk_15
op-encounter,op-encounter__var__clm-orig-cntl-num,contains,https://resdac.org/cms-data/variables/claim-original-control-number,data/raw/html/variable_page/a7cf55cad61dc4dda13b1c619cf95abbe5752bdf.html,,op-encounter__data-documentation__cc8c9ec100__chunk_1
op-encounter,op-encounter__var__clm-rcpt-dt,contains,https://resdac.org/cms-data/variables/claim-receipt-date,data/raw/html/variable_page/76a830a2702145d7315961a838250e604646a1fe.html,,op-encounter__data-documentation__cc8c9ec100__chunk_1
op-encounter,op-encounter__var__clm-srvc-clsfctn-type-cd,contains,https://resdac.org/cms-data/variables/claim-service-classification-type-code-encounter,data/raw/html/variable_page/528f23ec1644c50a17ab13e4a899302f2ad55b3e.html,,op-encounter__data-documentation__cc8c9ec100__chunk_2
op-encounter,op-encounter__var__clm-subscr-adr-zip-cd,contains,https://resdac.org/cms-data/variables/medicare-subscriber-address-zip-code,data/raw/html/variable_page/d2293f0ad20838799899f246b927e0b71005a802.html,,op-encounter__data-documentation__cc8c9ec100__chunk_16
op-encounter,op-encounter__var__clm-subscr-city-name,contains,https://resdac.org/cms-data/variables/medicare-subscriber-address-city,data/raw/html/variable_page/5dbc0e5f5a8e4dba3086a8283b3a33ad0b8cd78f.html,,op-encounter__data-documentation__cc8c9ec100__chunk_16
op-encounter,op-encounter__var__clm-subscr-usps-state-cd,contains,https://resdac.org/cms-data/variables/medicare-subscriber-address-usps-state-code,data/raw/html/variable_page/594ae4af4cdaa28322f2124ad9ec66487a697321.html,,op-encounter__data-documentation__cc8c9ec100__chunk_16
op-encounter,op-encounter__var__clm-thru-dt,contains,https://resdac.org/cms-data/variables/service-month,data/raw/html/variable_page/30f9e17155cdb5b9ea1b3e40ef272f4d202ef6c0.html,,op-encounter__data-documentation__cc8c9ec100__chunk_0
op-encounter,op-encounter__var__clm-type-cd,contains,https://resdac.org/cms-data/variables/claim-type-code,data/raw/html/variable_page/5144fe4cf2f59dbc72755b334e64e75424e33bb1.html,,op-encounter__data-documentation__cc8c9ec100__chunk_0
op-encounter,op-encounter__var__cntrct-num,contains,https://resdac.org/cms-data/variables/medicare-part-c-contract-number,data/raw/html/variable_page/07516c9f250ef4bcf3388b87a800bae658ec0b46.html,,op-encounter__data-documentation__cc8c9ec100__chunk_2
op-encounter,op-encounter__var__cntrct-pbp-num,contains,https://resdac.org/cms-data/variables/medicare-part-c-plan-benefit-package-pbp-number,data/raw/html/variable_page/e2531a72cffa384d042d354e5946329ce54b25c5.html,,op-encounter__data-documentation__cc8c9ec100__chunk_2
op-encounter,op-encounter__var__dob-dt,contains,https://resdac.org/cms-data/variables/date-birth-encounter,data/raw/html/variable_page/771feda477f67cc2e58e879bf2bbb987da952e1b.html,,op-encounter__data-documentation__cc8c9ec100__chunk_17
op-encounter,op-encounter__var__edps-create-dt,contains,https://resdac.org/cms-data/variables/encounter-data-processing-system-edps-create-date,data/raw/html/variable_page/e256cb7eaba5b0cbdee8d303d79e9dc2e03c1bf4.html,,op-encounter__data-documentation__cc8c9ec100__chunk_1
op-encounter,op-encounter__var__enc-join-key,contains,https://resdac.org/cms-data/variables/unique-encounter-join-key,data/raw/html/variable_page/cd84d123e6d3599b990f20802f675e1209032c5d.html,,op-encounter__data-documentation__cc8c9ec100__chunk_0
op-encounter,op-encounter__var__icd-dgns-cd1,contains,https://resdac.org/cms-data/variables/claim-principal-diagnosis-code-encounter,data/raw/html/variable_page/653873440edef305a8cd0251a0d6a90189707b8c.html,,op-encounter__data-documentation__cc8c9ec100__chunk_4
op-encounter,op-encounter__var__icd-dgns-cd10,contains,https://resdac.org/cms-data/variables/claim-diagnosis-code-10-encounter,data/raw/html/variable_page/37662bf2769b190eb191c5d10e04d5e5845da6b4.html,,op-encounter__data-documentation__cc8c9ec100__chunk_6
op-encounter,op-encounter__var__icd-dgns-cd11,contains,https://resdac.org/cms-data/variables/claim-diagnosis-code-11-encounter,data/raw/html/variable_page/a4bbe6f8ce78b4176cce808d26c5d31b5d088a93.html,,op-encounter__data-documentation__cc8c9ec100__chunk_6
op-encounter,op-encounter__var__icd-dgns-cd12,contains,https://resdac.org/cms-data/variables/claim-diagnosis-code-12-encounter,data/raw/html/variable_page/6cae6fc64194078f8a26a8cbd1bb811657d79c65.html,,op-encounter__data-documentation__cc8c9ec100__chunk_6
op-encounter,op-encounter__var__icd-dgns-cd13,contains,https://resdac.org/cms-data/variables/claim-diagnosis-code-13-encounter,data/raw/html/variable_page/602735ebf769cb890b48ac0adc63564c2fe424e2.html,,op-encounter__data-documentation__cc8c9ec100__chunk_6
op-encounter,op-encounter__var__icd-dgns-cd14,contains,https://resdac.org/cms-data/variables/claim-diagnosis-code-14-encounter,data/raw/html/variable_page/d8c59f7e13482a56ea8679babb5aafa56e980ea5.html,,op-encounter__data-documentation__cc8c9ec100__chunk_6
op-encounter,op-encounter__var__icd-dgns-cd15,contains,https://resdac.org/cms-data/variables/claim-diagnosis-code-15-encounter,data/raw/html/variable_page/24ca35aa2865650796fcac6d84d9eb142df05b7d.html,,op-encounter__data-documentation__cc8c9ec100__chunk_7
op-encounter,op-encounter__var__icd-dgns-cd16,contains,https://resdac.org/cms-data/variables/claim-diagnosis-code-16-encounter,data/raw/html/variable_page/f7895477349da3ab05179bbe86ce5be03ec1142a.html,,op-encounter__data-documentation__cc8c9ec100__chunk_7
op-encounter,op-encounter__var__icd-dgns-cd17,contains,https://resdac.org/cms-data/variables/claim-diagnosis-code-17-encounter,data/raw/html/variable_page/9d42858d547ef306fc96bf8655abff46f910a2d4.html,,op-encounter__data-documentation__cc8c9ec100__chunk_7
op-encounter,op-encounter__var__icd-dgns-cd18,contains,https://resdac.org/cms-data/variables/claim-diagnosis-code-18-encounter,data/raw/html/variable_page/926a86687b22f4ddc41a2ee61461a59f9141f0f7.html,,op-encounter__data-documentation__cc8c9ec100__chunk_7
op-encounter,op-encounter__var__icd-dgns-cd19,contains,https://resdac.org/cms-data/variables/claim-diagnosis-code-19-encounter,data/raw/html/variable_page/3c8af6ec28a3dc21a7488eeb4075bd7710977681.html,,op-encounter__data-documentation__cc8c9ec100__chunk_7
op-encounter,op-encounter__var__icd-dgns-cd2,contains,https://resdac.org/cms-data/variables/claim-diagnosis-code-2-encounter,data/raw/html/variable_page/b86cc45e1d33ac76c2b80b8f5d8c3924c4f64fdb.html,,op-encounter__data-documentation__cc8c9ec100__chunk_4
op-encounter,op-encounter__var__icd-dgns-cd20,contains,https://resdac.org/cms-data/variables/claim-diagnosis-code-20-encounter,data/raw/html/variable_page/59ad3a3563d5c684377dd8ff5e5b315f356ad226.html,,op-encounter__data-documentation__cc8c9ec100__chunk_7
op-encounter,op-encounter__var__icd-dgns-cd21,contains,https://resdac.org/cms-data/variables/claim-diagnosis-code-21-encounter,data/raw/html/variable_page/ce015b707ab3a600db526870f03482613528500a.html,,op-encounter__data-documentation__cc8c9ec100__chunk_8
op-encounter,op-encounter__var__icd-dgns-cd22,contains,https://resdac.org/cms-data/variables/claim-diagnosis-code-22-encounter,data/raw/html/variable_page/5b39f41a91392c378790df27a3598dfdd21b50ff.html,,op-encounter__data-documentation__cc8c9ec100__chunk_8
op-encounter,op-encounter__var__icd-dgns-cd23,contains,https://resdac.org/cms-data/variables/claim-diagnosis-code-23-encounter,data/raw/html/variable_page/19a20eef589436f676f45efb9eef50faf08b0432.html,,op-encounter__data-documentation__cc8c9ec100__chunk_8
op-encounter,op-encounter__var__icd-dgns-cd24,contains,https://resdac.org/cms-data/variables/claim-diagnosis-code-24-encounter,data/raw/html/variable_page/d372e8318cac6459c4ab9ae80f9874c850fab7ff.html,,op-encounter__data-documentation__cc8c9ec100__chunk_8
op-encounter,op-encounter__var__icd-dgns-cd25,contains,https://resdac.org/cms-data/variables/claim-diagnosis-code-25-encounter,data/raw/html/variable_page/604cfa27f67063f710cc23f1982768294d37c4dd.html,,op-encounter__data-documentation__cc8c9ec100__chunk_8
op-encounter,op-encounter__var__icd-dgns-cd3,contains,https://resdac.org/cms-data/variables/claim-diagnosis-code-3-encounter,data/raw/html/variable_page/ec0761a5a5f70c00ef4b957b6cdd270118548943.html,,op-encounter__data-documentation__cc8c9ec100__chunk_5
op-encounter,op-encounter__var__icd-dgns-cd4,contains,https://resdac.org/cms-data/variables/claim-diagnosis-code-4-encounter-0,data/raw/html/variable_page/7b463072be45207475dfc0120c61517d5f123fc5.html,,op-encounter__data-documentation__cc8c9ec100__chunk_5
op-encounter,op-encounter__var__icd-dgns-cd5,contains,https://resdac.org/cms-data/variables/claim-diagnosis-code-5-encounter,data/raw/html/variable_page/f8c08424db135bc48e79820742fc48dfd0c48174.html,,op-encounter__data-documentation__cc8c9ec100__chunk_5
op-encounter,op-encounter__var__icd-dgns-cd6,contains,https://resdac.org/cms-data/variables/claim-diagnosis-code-6-encounter,data/raw/html/variable_page/8764bb474f1088dd04dfa6a62d895d2408d3b815.html,,op-encounter__data-documentation__cc8c9ec100__chunk_5
op-encounter,op-encounter__var__icd-dgns-cd7,contains,https://resdac.org/cms-data/variables/claim-diagnosis-code-7-encounter,data/raw/html/variable_page/c3ac64b42d85e3f62b929abff1e3b88ad90289c9.html,,op-encounter__data-documentation__cc8c9ec100__chunk_5
op-encounter,op-encounter__var__icd-dgns-cd8,contains,https://resdac.org/cms-data/variables/claim-diagnosis-code-8-encounter,data/raw/html/variable_page/d6f20d6e629272212aabad99bc12ec057c0dff86.html,,op-encounter__data-documentation__cc8c9ec100__chunk_5
op-encounter,op-encounter__var__icd-dgns-cd9,contains,https://resdac.org/cms-data/variables/claim-diagnosis-code-9-encounter,data/raw/html/variable_page/bd5e21765139a2831c0647cde43230904dae2a40.html,,op-encounter__data-documentation__cc8c9ec100__chunk_6
op-encounter,op-encounter__var__icd-dgns-e-cd1,contains,https://resdac.org/cms-data/variables/claim-diagnosis-e-code-1-encounter,data/raw/html/variable_page/869910e92416feac84653533b5016530bb4c96bb.html,,op-encounter__data-documentation__cc8c9ec100__chunk_9
op-encounter,op-encounter__var__icd-dgns-e-cd10,contains,https://resdac.org/cms-data/variables/claim-diagnosis-e-code-10-encounter,data/raw/html/variable_page/d81ef289f77bcc21fb2d4f1746b478ab23117a8d.html,,op-encounter__data-documentation__cc8c9ec100__chunk_10
op-encounter,op-encounter__var__icd-dgns-e-cd2,contains,https://resdac.org/cms-data/variables/claim-diagnosis-e-code-2-encounter,data/raw/html/variable_page/c17c0930cdd00a85fd158de37c2114600d1b01fc.html,,op-encounter__data-documentation__cc8c9ec100__chunk_9
op-encounter,op-encounter__var__icd-dgns-e-cd3,contains,https://resdac.org/cms-data/variables/claim-diagnosis-e-code-3-encounter,data/raw/html/variable_page/a4225f6077a1217862f627d805dfcc38c4c57ccc.html,,op-encounter__data-documentation__cc8c9ec100__chunk_9
op-encounter,op-encounter__var__icd-dgns-e-cd4,contains,https://resdac.org/cms-data/variables/claim-diagnosis-e-code-4-encounter,data/raw/html/variable_page/0fd1e9c6f2f0f35c5395bdf88347304d953f770a.html,,op-encounter__data-documentation__cc8c9ec100__chunk_9
op-encounter,op-encounter__var__icd-dgns-e-cd5,contains,https://resdac.org/cms-data/variables/claim-diagnosis-e-code-5-encounter,data/raw/html/variable_page/8e350ffc194830a9932eda579ceb9b6a32ba246e.html,,op-encounter__data-documentation__cc8c9ec100__chunk_9
op-encounter,op-encounter__var__icd-dgns-e-cd6,contains,https://resdac.org/cms-data/variables/claim-diagnosis-e-code-6-encounter,data/raw/html/variable_page/b9d4b8aed802ee8d6ad8d032d230469e29a2348b.html,,op-encounter__data-documentation__cc8c9ec100__chunk_9
op-encounter,op-encounter__var__icd-dgns-e-cd7,contains,https://resdac.org/cms-data/variables/claim-diagnosis-e-code-7-encounter,data/raw/html/variable_page/acd13a477b6ad87932a548f4994b8e72d465655a.html,,op-encounter__data-documentation__cc8c9ec100__chunk_10
op-encounter,op-encounter__var__icd-dgns-e-cd8,contains,https://resdac.org/cms-data/variables/claim-diagnosis-e-code-8-encounter,data/raw/html/variable_page/b359605d28203aee8bff12b77da16a49ca9e4803.html,,op-encounter__data-documentation__cc8c9ec100__chunk_10
op-encounter,op-encounter__var__icd-dgns-e-cd9,contains,https://resdac.org/cms-data/variables/claim-diagnosis-e-code-9-encounter,data/raw/html/variable_page/075c7d7e644779a2690884e157e5886f62c9e78c.html,,op-encounter__data-documentation__cc8c9ec100__chunk_10
op-encounter,op-encounter__var__icd-prcdr-cd1,contains,https://resdac.org/cms-data/variables/claim-procedure-code-9-date-encounter,data/raw/html/variable_page/14ff684212fdf392f811aaa0e1ce344e7ca33613.html,,op-encounter__data-documentation__cc8c9ec100__chunk_11
op-encounter,op-encounter__var__icd-prcdr-cd10,contains,https://resdac.org/cms-data/variables/claim-procedure-code-10-encounter,data/raw/html/variable_page/988d3ff77a06ae7d1cb22746769d796c9ba31465.html,,op-encounter__data-documentation__cc8c9ec100__chunk_12
op-encounter,op-encounter__var__icd-prcdr-cd11,contains,https://resdac.org/cms-data/variables/claim-procedure-code-11-encounter,data/raw/html/variable_page/0b5a872cf3c204544564ca55b8ccdbbdb8c03019.html,,op-encounter__data-documentation__cc8c9ec100__chunk_12
op-encounter,op-encounter__var__icd-prcdr-cd12,contains,https://resdac.org/cms-data/variables/claim-procedure-code-12-encounter,data/raw/html/variable_page/c740e8946aa24be881f4ccfc816f316a4d6bc396.html,,op-encounter__data-documentation__cc8c9ec100__chunk_13
op-encounter,op-encounter__var__icd-prcdr-cd13,contains,https://resdac.org/cms-data/files/op-encounter/data-documentation,data/raw/html/documentation_page/cc8c9ec10085c1e35a3492144e3ee40013ca2d48.html,,op-encounter__data-documentation__cc8c9ec100__chunk_13
op-encounter,op-encounter__var__icd-prcdr-cd2,contains,https://resdac.org/cms-data/variables/claim-procedure-code-2-encounter,data/raw/html/variable_page/996558ec61de86068731391f9635c60f95cacfc3.html,,op-encounter__data-documentation__cc8c9ec100__chunk_11
op-encounter,op-encounter__var__icd-prcdr-cd3,contains,https://resdac.org/cms-data/variables/claim-procedure-code-3-encounter,data/raw/html/variable_page/fb162267c380302a057889bc7fa885a6617138ea.html,,op-encounter__data-documentation__cc8c9ec100__chunk_11
op-encounter,op-encounter__var__icd-prcdr-cd4,contains,https://resdac.org/cms-data/variables/claim-procedure-code-4-encounter,data/raw/html/variable_page/a76e260487b4770c8e3f0ba4b5be351d2f91367c.html,,op-encounter__data-documentation__cc8c9ec100__chunk_11
op-encounter,op-encounter__var__icd-prcdr-cd5,contains,https://resdac.org/cms-data/variables/claim-procedure-code-5-encounter,data/raw/html/variable_page/09f0d43c8f9df1a62c8c2b0bc0ac3c1ccdb208c4.html,,op-encounter__data-documentation__cc8c9ec100__chunk_11
op-encounter,op-encounter__var__icd-prcdr-cd6,contains,https://resdac.org/cms-data/variables/claim-procedure-code-6-encounter,data/raw/html/variable_page/047c41b590afd2197c16f1a576f080bef000951b.html,,op-encounter__data-documentation__cc8c9ec100__chunk_12
op-encounter,op-encounter__var__icd-prcdr-cd7,contains,https://resdac.org/cms-data/variables/claim-procedure-code-7-encounter,data/raw/html/variable_page/16a8f5136fea02743eeafc754eb31aab4eef334c.html,,op-encounter__data-documentation__cc8c9ec100__chunk_12
op-encounter,op-encounter__var__icd-prcdr-cd8,contains,https://resdac.org/cms-data/variables/claim-procedure-code-8-encounter,data/raw/html/variable_page/7ce18c509f403ef83558d742bf15258f28f76131.html,,op-encounter__data-documentation__cc8c9ec100__chunk_12
op-encounter,op-encounter__var__icd-prcdr-cd9,contains,https://resdac.org/cms-data/variables/claim-procedure-code-9-encounter,data/raw/html/variable_page/a87a3c1354d588e9e440bfb7f741bbcdce3592b0.html,,op-encounter__data-documentation__cc8c9ec100__chunk_12
op-encounter,op-encounter__var__op-physn-npi,contains,https://resdac.org/cms-data/variables/claim-operating-physician-npi-number-encounter,data/raw/html/variable_page/16572a53465444528b656cf1fd3c71ef25a4b3c5.html,,op-encounter__data-documentation__cc8c9ec100__chunk_4
op-encounter,op-encounter__var__org-npi,contains,https://resdac.org/cms-data/variables/organization-npi-number-encounter,data/raw/html/variable_page/9c456125d808cf0695d104e7ac1c51683d929ed5.html,,op-encounter__data-documentation__cc8c9ec100__chunk_2
op-encounter,op-encounter__var__org-txnmy-cd,contains,https://resdac.org/cms-data/variables/organization-taxonomy-code,data/raw/html/variable_page/2551fcbfe39553af1e1212aa2d09657b856d4c85.html,,op-encounter__data-documentation__cc8c9ec100__chunk_3
op-encounter,op-encounter__var__ot-physn-npi,contains,https://resdac.org/cms-data/variables/claim-other-physician-npi-number-encounter,data/raw/html/variable_page/ab2c2e79ae945001da5b09951d9841c884c0a456.html,,op-encounter__data-documentation__cc8c9ec100__chunk_4
op-encounter,op-encounter__var__prcdr-dt1,contains,https://resdac.org/cms-data/files/op-encounter/data-documentation,data/raw/html/documentation_page/cc8c9ec10085c1e35a3492144e3ee40013ca2d48.html,,op-encounter__data-documentation__cc8c9ec100__chunk_13
op-encounter,op-encounter__var__prcdr-dt10,contains,https://resdac.org/cms-data/variables/claim-procedure-code-10-date-encounter,data/raw/html/variable_page/001ac0359661670f8f2b5645ef9bcc1ebf80e145.html,,op-encounter__data-documentation__cc8c9ec100__chunk_14
op-encounter,op-encounter__var__prcdr-dt11,contains,https://resdac.org/cms-data/variables/claim-procedure-code-11-date-encounter,data/raw/html/variable_page/22581075ddfd5c133319efea05f0b5323e73c991.html,,op-encounter__data-documentation__cc8c9ec100__chunk_15
op-encounter,op-encounter__var__prcdr-dt12,contains,https://resdac.org/cms-data/variables/claim-procedure-code-12-date-encounter,data/raw/html/variable_page/3864c36c9fce393343dee01d919782d883f7b66d.html,,op-encounter__data-documentation__cc8c9ec100__chunk_15
op-encounter,op-encounter__var__prcdr-dt13,contains,https://resdac.org/cms-data/variables/claim-procedure-code-13-date-encounter,data/raw/html/variable_page/cd6cc52568135e90d0f062cd15e0c3168ac02178.html,,op-encounter__data-documentation__cc8c9ec100__chunk_15
op-encounter,op-encounter__var__prcdr-dt2,contains,https://resdac.org/cms-data/variables/claim-procedure-code-2-date-encounter,data/raw/html/variable_page/79a19e4b530f727b3d1e59d4ebcfb5fc007a4dd2.html,,op-encounter__data-documentation__cc8c9ec100__chunk_13
op-encounter,op-encounter__var__prcdr-dt3,contains,https://resdac.org/cms-data/variables/claim-procedure-code-3-date-encounter,data/raw/html/variable_page/c4c6a370cb46c6bb758a47cbcef60e1c211f0292.html,,op-encounter__data-documentation__cc8c9ec100__chunk_13
op-encounter,op-encounter__var__prcdr-dt4,contains,https://resdac.org/cms-data/variables/claim-procedure-code-4-date-encounter,data/raw/html/variable_page/494ebdc6bf940a163be3e3eb36322e963b5d2c3b.html,,op-encounter__data-documentation__cc8c9ec100__chunk_13
op-encounter,op-encounter__var__prcdr-dt5,contains,https://resdac.org/cms-data/variables/claim-procedure-code-5-date-encounter,data/raw/html/variable_page/0fc713fa4128246726899efec6c0033c9f8214ab.html,,op-encounter__data-documentation__cc8c9ec100__chunk_14
op-encounter,op-encounter__var__prcdr-dt6,contains,https://resdac.org/cms-data/variables/claim-procedure-code-6-date-encounter,data/raw/html/variable_page/457ff329dca8f1d4897ad748890231bffdf22a7c.html,,op-encounter__data-documentation__cc8c9ec100__chunk_14
op-encounter,op-encounter__var__prcdr-dt7,contains,https://resdac.org/cms-data/variables/claim-procedure-code-7-date-encounter,data/raw/html/variable_page/556b6a67bbee434c3df313a0e1dd5af9ad1dbe15.html,,op-encounter__data-documentation__cc8c9ec100__chunk_14
op-encounter,op-encounter__var__prcdr-dt8,contains,https://resdac.org/cms-data/variables/claim-procedure-code-8-date-encounter,data/raw/html/variable_page/590c8e027ba288597a606669f7442d9350ab9931.html,,op-encounter__data-documentation__cc8c9ec100__chunk_14
op-encounter,op-encounter__var__prcdr-dt9,contains,https://resdac.org/cms-data/files/op-encounter/data-documentation,data/raw/html/documentation_page/cc8c9ec10085c1e35a3492144e3ee40013ca2d48.html,,op-encounter__data-documentation__cc8c9ec100__chunk_14
op-encounter,op-encounter__var__prncpal-dgns-cd,contains,https://resdac.org/cms-data/files/op-encounter/data-documentation,data/raw/html/documentation_page/cc8c9ec10085c1e35a3492144e3ee40013ca2d48.html,,op-encounter__data-documentation__cc8c9ec100__chunk_4
op-encounter,op-encounter__var__ptnt-dschrg-stus-cd,contains,https://resdac.org/cms-data/files/op-encounter/data-documentation,data/raw/html/documentation_page/cc8c9ec10085c1e35a3492144e3ee40013ca2d48.html,,op-encounter__data-documentation__cc8c9ec100__chunk_4
op-encounter,op-encounter__var__rfrg-physn-npi,contains,https://resdac.org/cms-data/variables/carrierdme-referring-physician-npi-number,data/raw/html/variable_page/0ffb82d62009e595d3a144d388f7c4180fd1acc1.html,,op-encounter__data-documentation__cc8c9ec100__chunk_3
op-encounter,op-encounter__var__rndrng-physn-npi,contains,https://resdac.org/cms-data/variables/rendering-physician-npi-encounter,data/raw/html/variable_page/ac334533c3e55c8568c5201ac11abff7f1fc4e2e.html,,op-encounter__data-documentation__cc8c9ec100__chunk_3
op-encounter,op-encounter__var__rsn-visit-cd1,contains,https://resdac.org/cms-data/variables/reason-visit-diagnosis-code-1-encounter,data/raw/html/variable_page/23457cb431ba11de7a282b4212d1ea83c07904b5.html,,op-encounter__data-documentation__cc8c9ec100__chunk_10
op-encounter,op-encounter__var__rsn-visit-cd2,contains,https://resdac.org/cms-data/variables/reason-visit-diagnosis-code-2-encounter,data/raw/html/variable_page/ed8b160eafd7b46f8c443e40a7fd958f8b39556e.html,,op-encounter__data-documentation__cc8c9ec100__chunk_10
op-encounter,op-encounter__var__rsn-visit-cd3,contains,https://resdac.org/cms-data/variables/reason-visit-diagnosis-code-3-encounter,data/raw/html/variable_page/a3aaea9f45253b6f8eaed84df1a8c9419d7b7581.html,,op-encounter__data-documentation__cc8c9ec100__chunk_11
op-encounter,op-encounter__var__sample-group,contains,https://resdac.org/cms-data/variables/ccw-beneficiary-random-sample-group,data/raw/html/variable_page/897ff53ce87896eec8613904c7ba348808da734b.html,,op-encounter__data-documentation__cc8c9ec100__chunk_0
op-encounter,op-encounter__var__srvc-month,contains,https://resdac.org/cms-data/files/op-encounter/data-documentation,data/raw/html/documentation_page/cc8c9ec10085c1e35a3492144e3ee40013ca2d48.html,,op-encounter__data-documentation__cc8c9ec100__chunk_0
op-encounter,op-encounter__var__tax-num,contains,https://resdac.org/cms-data/variables/provider-tax-number,data/raw/html/variable_page/f3acee345281228c660aef9ff452d3a38ecfbf14.html,,op-encounter__data-documentation__cc8c9ec100__chunk_17
op-ffs,op-ffs__var__aco-id-num,contains,https://resdac.org/cms-data/variables/claim-accountable-care-organization-aco-identification-number,data/raw/html/variable_page/7907c87db97da05623c5caf524ad6901eccd6f7c.html,,op-ffs__data-documentation__98b7c41c59__chunk_26
op-ffs,op-ffs__var__at-physn-npi,contains,https://resdac.org/cms-data/variables/claim-attending-physician-npi-number-ffs,data/raw/html/variable_page/dbe58666ccdfe6cdd5039dbf0e339ad888bd556e.html,,op-ffs__data-documentation__98b7c41c59__chunk_3
op-ffs,op-ffs__var__at-physn-spclty-cd,contains,https://resdac.org/cms-data/variables/claim-attending-physician-specialty-code,data/raw/html/variable_page/c06eeb85a09e7c15549359bc468f48e6962ff0ef.html,,op-ffs__data-documentation__98b7c41c59__chunk_3
op-ffs,op-ffs__var__at-physn-upin,contains,https://resdac.org/cms-data/variables/claim-attending-physician-upin-number,data/raw/html/variable_page/3104686fe2f381921b703826a849abe6739b6b23.html,,op-ffs__data-documentation__98b7c41c59__chunk_3
op-ffs,op-ffs__var__bene-cnty-cd,contains,https://resdac.org/cms-data/variables/county-code-claim-ssa,data/raw/html/variable_page/e56351dbbbbdbc93e24d44cca5111740efaf7b38.html,,op-ffs__data-documentation__98b7c41c59__chunk_22
op-ffs,op-ffs__var__bene-id,contains,https://resdac.org/cms-data/variables/encrypted-ccw-beneficiary-id,data/raw/html/variable_page/69950b21ed36af6e7ed6c908dc18142a50445d3c.html,,op-ffs__data-documentation__98b7c41c59__chunk_0
op-ffs,op-ffs__var__bene-mlg-cntct-zip-cd,contains,https://resdac.org/cms-data/variables/zip-code-residence-claim,data/raw/html/variable_page/4e89b65565f7e1c564c44024ade6e52795c411d4.html,,op-ffs__data-documentation__98b7c41c59__chunk_22
op-ffs,op-ffs__var__bene-race-cd,contains,https://resdac.org/cms-data/variables/beneficiary-race-code-ffs,data/raw/html/variable_page/125923723e3bd54159f5f98694ac7ce4a4a394b7.html,,op-ffs__data-documentation__98b7c41c59__chunk_22
op-ffs,op-ffs__var__bene-state-cd,contains,https://resdac.org/cms-data/variables/beneficiary-residence-ssa-state-code-ffs,data/raw/html/variable_page/512bc1fd8daa3c878e418f6d97b03c2e183fb36c.html,,op-ffs__data-documentation__98b7c41c59__chunk_22
op-ffs,op-ffs__var__claim-query-code,contains,https://resdac.org/cms-data/variables/claim-query-code,data/raw/html/variable_page/a1352a27d5f964ed31ba3c5f667f5229055b908f.html,,op-ffs__data-documentation__98b7c41c59__chunk_0
op-ffs,op-ffs__var__clm-adjust-grp-cd,contains,https://resdac.org/cms-data/variables/claim-adjustment-group-code,data/raw/html/variable_page/2f7979c1543d4de24f5135c05f34970dcd03c2c4.html,,op-ffs__data-documentation__98b7c41c59__chunk_27
op-ffs,op-ffs__var__clm-adjust-rsn-cd,contains,https://resdac.org/cms-data/variables/claim-adjustment-reason-code,data/raw/html/variable_page/8bceff68ebd08ce91c27308e6934ebdb149935dd.html,,op-ffs__data-documentation__98b7c41c59__chunk_27
op-ffs,op-ffs__var__clm-bene-id-type-cd,contains,https://resdac.org/cms-data/variables/claim-beneficiary-identifier-type-code,data/raw/html/variable_page/4044859b0a86ea0c6fd9f238d89bee1c828ab44a.html,,op-ffs__data-documentation__98b7c41c59__chunk_26
op-ffs,op-ffs__var__clm-clncl-tril-num,contains,https://resdac.org/cms-data/variables/clinical-trial-number,data/raw/html/variable_page/4df27e68d2885fc675b4c5f6d71151a8d11d4f8c.html,,op-ffs__data-documentation__98b7c41c59__chunk_27
op-ffs,op-ffs__var__clm-fac-type-cd,contains,https://resdac.org/cms-data/variables/claim-facility-type-code-ffs,data/raw/html/variable_page/60f4f278b28f810bf0be4c7bb2d022c72b9a3016.html,,op-ffs__data-documentation__98b7c41c59__chunk_1
op-ffs,op-ffs__var__clm-freq-cd,contains,https://resdac.org/cms-data/variables/claim-frequency-code-ffs,data/raw/html/variable_page/f5fc159d9b355c622a6f920facd62416e1047827.html,,op-ffs__data-documentation__98b7c41c59__chunk_1
op-ffs,op-ffs__var__clm-from-dt,contains,https://resdac.org/cms-data/variables/claim-date-ffs,data/raw/html/variable_page/02457398703925ce3d536d225abd78786dbbf3b2.html,,op-ffs__data-documentation__98b7c41c59__chunk_0
op-ffs,op-ffs__var__clm-id,contains,https://resdac.org/cms-data/variables/claim-line-number,data/raw/html/variable_page/9b2848ebe106f29b20cd60c9b55612add6696e91.html,,op-ffs__data-documentation__98b7c41c59__chunk_0
op-ffs,op-ffs__var__clm-mco-pd-sw,contains,https://resdac.org/cms-data/variables/claim-mco-paid-switch,data/raw/html/variable_page/8d976aba706159838b184f427a9cf514335ea07b.html,,op-ffs__data-documentation__98b7c41c59__chunk_5
op-ffs,op-ffs__var__clm-mdcl-rec,contains,https://resdac.org/cms-data/variables/claim-medical-record-number-ffs,data/raw/html/variable_page/b2e5fc90c77e198aa4afa50be9fa5def1a6580cc.html,,op-ffs__data-documentation__98b7c41c59__chunk_22
op-ffs,op-ffs__var__clm-mdcr-non-pmt-rsn-cd,contains,https://resdac.org/cms-data/variables/claim-medicare-non-payment-reason-code,data/raw/html/variable_page/d740866108affabd0c6683f4288829600d3c4af7.html,,op-ffs__data-documentation__98b7c41c59__chunk_2
op-ffs,op-ffs__var__clm-model-reimbrsmt-amt,contains,https://resdac.org/cms-data/files/op-ffs/data-documentation,data/raw/html/documentation_page/98b7c41c59324a19534b3a875a60fe0f7a82596e.html,,op-ffs__data-documentation__98b7c41c59__chunk_26
op-ffs,op-ffs__var__clm-next-gnrtn-aco-ind-cd1,contains,https://resdac.org/cms-data/variables/claim-next-generation-ng-accountable-care-organization-aco-indicator-code-population-based-payment-pbp,data/raw/html/variable_page/ae99c2db0488f1e89b5f87430680de8f8329a8b1.html,,op-ffs__data-documentation__98b7c41c59__chunk_24
op-ffs,op-ffs__var__clm-next-gnrtn-aco-ind-cd2,contains,https://resdac.org/cms-data/variables/claim-next-generation-ng-accountable-care-organization-aco-indicator-code,data/raw/html/variable_page/531afb00cf1e8e2cbad9e0534b10f12c0b7141c8.html,,op-ffs__data-documentation__98b7c41c59__chunk_24
op-ffs,op-ffs__var__clm-next-gnrtn-aco-ind-cd3,contains,https://resdac.org/cms-data/variables/claim-next-generation-ng-accountable-care-organization-aco-indicator-code-post,data/raw/html/variable_page/f049110b3b59bfeb3c69dba86142eb08207daf1d.html,,op-ffs__data-documentation__98b7c41c59__chunk_25
op-ffs,op-ffs__var__clm-next-gnrtn-aco-ind-cd4,contains,https://resdac.org/cms-data/variables/claim-next-generation-ng-accountable-care-organization-aco-indicator-code-3-day,data/raw/html/variable_page/a11dc318a06cc9546b30f6400cd4d50b879722a2.html,,op-ffs__data-documentation__98b7c41c59__chunk_25
op-ffs,op-ffs__var__clm-next-gnrtn-aco-ind-cd5,contains,https://resdac.org/cms-data/variables/claim-next-generation-ng-accountable-care-organization-aco-indicator-code-capitation,data/raw/html/variable_page/694416660044fe79f8f792ead71335b536fb9311.html,,op-ffs__data-documentation__98b7c41c59__chunk_25
op-ffs,op-ffs__var__clm-op-bene-pmt-amt,contains,https://resdac.org/cms-data/variables/claim-outpatient-payment-amount-beneficiary,data/raw/html/variable_page/c80565d78e8f2a2c29c5dd7114cb20c03f713fc7.html,,op-ffs__data-documentation__98b7c41c59__chunk_21
op-ffs,op-ffs__var__clm-op-esrd-mthd-cd,contains,https://resdac.org/cms-data/variables/claim-outpatient-end-stage-renal-disease-esrd-method-reimbursement-code,data/raw/html/variable_page/b047fe03fd13001b7adb1aa0682818320464799c.html,,op-ffs__data-documentation__98b7c41c59__chunk_23
op-ffs,op-ffs__var__clm-op-pps-ind,contains,https://resdac.org/cms-data/variables/claim-outpatient-prospective-payment-system-opps-indicator,data/raw/html/variable_page/7238dc9697939867c3380cc088b375be045b95a9.html,,op-ffs__data-documentation__98b7c41c59__chunk_27
op-ffs,op-ffs__var__clm-op-prvdr-pmt-amt,contains,https://resdac.org/cms-data/variables/claim-outpatient-provider-payment-amount,data/raw/html/variable_page/99e53ecbc3d430db85b3f3bf631328a6e105571e.html,,op-ffs__data-documentation__98b7c41c59__chunk_21
op-ffs,op-ffs__var__clm-op-trans-type-cd,contains,https://resdac.org/cms-data/variables/claim-outpatient-transaction-type,data/raw/html/variable_page/43cb7a8a37a131525219a15404ba5e17e70b5d5b.html,,op-ffs__data-documentation__98b7c41c59__chunk_23
op-ffs,op-ffs__var__clm-pmt-amt,contains,https://resdac.org/cms-data/variables/claim-model-reimbursement-amount,data/raw/html/variable_page/e91836e1dd6edd7f3d5418a688e3902733c19393.html,,op-ffs__data-documentation__98b7c41c59__chunk_2
op-ffs,op-ffs__var__clm-prcr-rtrn-cd,contains,https://resdac.org/cms-data/variables/claim-pricer-return-code,data/raw/html/variable_page/88d894fc3c7a329e5931abfcabcef77fb22d1374.html,,op-ffs__data-documentation__98b7c41c59__chunk_23
op-ffs,op-ffs__var__clm-prcr-vrsn-cd,contains,https://resdac.org/cms-data/variables/claim-pricer-version-code,data/raw/html/variable_page/1047485731efc56abb10951f6c94f56ad31729ad.html,,op-ffs__data-documentation__98b7c41c59__chunk_23
op-ffs,op-ffs__var__clm-rsdl-pymt-ind-cd,contains,https://resdac.org/cms-data/variables/claim-residual-payment-indicator-code,data/raw/html/variable_page/9c7082c889b6f540c7104f3c7865bc1965688c4e.html,,op-ffs__data-documentation__98b7c41c59__chunk_26
op-ffs,op-ffs__var__clm-srvc-clsfctn-type-cd,contains,https://resdac.org/cms-data/variables/claim-service-classification-type-code-ffs,data/raw/html/variable_page/f89aac11784f011066bc0de3137c1b2c0cdb59ec.html,,op-ffs__data-documentation__98b7c41c59__chunk_1
op-ffs,op-ffs__var__clm-srvc-fac-zip-cd,contains,https://resdac.org/cms-data/variables/claim-service-facility-zip-code-where-service-was-provided,data/raw/html/variable_page/c2fb48ef1078e732a197e0df1a5950b95cdff56b.html,,op-ffs__data-documentation__98b7c41c59__chunk_23
op-ffs,op-ffs__var__clm-thru-dt,contains,https://resdac.org/cms-data/variables/patient-discharge-status-code-ffs,data/raw/html/variable_page/909a971a8d0ff217fe8ca63c942a5108c80e5e75.html,,op-ffs__data-documentation__98b7c41c59__chunk_0
op-ffs,op-ffs__var__clm-tot-chrg-amt,contains,https://resdac.org/cms-data/variables/claim-total-charge-amount,data/raw/html/variable_page/7f61ac3a1a342217964f53e6bfd51b17ec893a04.html,,op-ffs__data-documentation__98b7c41c59__chunk_6
op-ffs,op-ffs__var__clm-trtmt-authrztn-num,contains,https://resdac.org/cms-data/variables/claim-treatment-authorization-number,data/raw/html/variable_page/910c425b4c2779228030d2698a96597bf53a4054.html,,op-ffs__data-documentation__98b7c41c59__chunk_22
op-ffs,op-ffs__var__dob-dt,contains,https://resdac.org/cms-data/variables/date-birth-claim,data/raw/html/variable_page/69b98fdd381a3112e7aa54e240ebfb13845a9689.html,,op-ffs__data-documentation__98b7c41c59__chunk_21
op-ffs,op-ffs__var__esrd-trtmt-chs-ind-cd,contains,https://resdac.org/cms-data/variables/end-stage-renal-disease-esrd-treatment-choices-demonstration-indicator-code,data/raw/html/variable_page/305321f5bc6444bb76ce171894d45de7a476b16e.html,,op-ffs__data-documentation__98b7c41c59__chunk_27
op-ffs,op-ffs__var__fi-clm-actn-cd,contains,https://resdac.org/cms-data/variables/fi-or-mac-claim-action-code,data/raw/html/variable_page/da445dfed8531a4fb3923865b1460cb903dcb530.html,,op-ffs__data-documentation__98b7c41c59__chunk_2
op-ffs,op-ffs__var__fi-clm-proc-dt,contains,https://resdac.org/cms-data/variables/fi-claim-process-date,data/raw/html/variable_page/3fb55742da88ead1cf049edcb54a8d8694130180.html,,op-ffs__data-documentation__98b7c41c59__chunk_0
op-ffs,op-ffs__var__fi-num,contains,https://resdac.org/cms-data/variables/revenue-center-patient-responsibility-payment,data/raw/html/variable_page/8672ecc3217f6b2bbb030ad394c38c7b8f1561ed.html,,op-ffs__data-documentation__98b7c41c59__chunk_2
op-ffs,op-ffs__var__fst-dgns-e-cd,contains,https://resdac.org/cms-data/variables/first-claim-diagnosis-e-code-ffs,data/raw/html/variable_page/114509522f88f30e7c0cf8eb7d2d664cc89eb67b.html,,op-ffs__data-documentation__98b7c41c59__chunk_11
op-ffs,op-ffs__var__icd-dgns-cd1,contains,https://resdac.org/cms-data/variables/claim-principal-diagnosis-code-ffs,data/raw/html/variable_page/ad7d861ddc79d4c73b00fddbd7808c508fa026e6.html,,op-ffs__data-documentation__98b7c41c59__chunk_7
op-ffs,op-ffs__var__icd-dgns-cd10,contains,https://resdac.org/cms-data/variables/claim-diagnosis-code-x-ffs,data/raw/html/variable_page/b549b31171cf4417985a7df400f0ea565a87e07c.html,,op-ffs__data-documentation__98b7c41c59__chunk_8
op-ffs,op-ffs__var__icd-dgns-cd11,contains,https://resdac.org/cms-data/variables/claim-diagnosis-code-xi-ffs,data/raw/html/variable_page/a195f80386d9b06137e38bd13242cdaa15fa6091.html,,op-ffs__data-documentation__98b7c41c59__chunk_8
op-ffs,op-ffs__var__icd-dgns-cd12,contains,https://resdac.org/cms-data/variables/claim-diagnosis-code-xii-ffs,data/raw/html/variable_page/b3ea2e7447a88ba6f9a5f828f99e0aacd5aa73cb.html,,op-ffs__data-documentation__98b7c41c59__chunk_8
op-ffs,op-ffs__var__icd-dgns-cd13,contains,https://resdac.org/cms-data/variables/claim-diagnosis-code-xiii-ffs,data/raw/html/variable_page/f8baf0f286e0c8bc6f92e6e57e1ae35ce9acde62.html,,op-ffs__data-documentation__98b7c41c59__chunk_9
op-ffs,op-ffs__var__icd-dgns-cd14,contains,https://resdac.org/cms-data/variables/claim-diagnosis-code-xiv-ffs,data/raw/html/variable_page/b1af0ce8cfc1078d878b9f1ee9a35f823333b393.html,,op-ffs__data-documentation__98b7c41c59__chunk_9
op-ffs,op-ffs__var__icd-dgns-cd15,contains,https://resdac.org/cms-data/variables/claim-diagnosis-code-xv-ffs,data/raw/html/variable_page/26927492b7ec7de0acc4940d08e5afac7e111057.html,,op-ffs__data-documentation__98b7c41c59__chunk_9
op-ffs,op-ffs__var__icd-dgns-cd16,contains,https://resdac.org/cms-data/variables/claim-diagnosis-code-xvi-ffs,data/raw/html/variable_page/2174e8c0731decd04e16de9446691440953e58cf.html,,op-ffs__data-documentation__98b7c41c59__chunk_9
op-ffs,op-ffs__var__icd-dgns-cd17,contains,https://resdac.org/cms-data/variables/claim-diagnosis-code-xvii-ffs,data/raw/html/variable_page/eb2a7f765cfd53a59f0b267184452706b05b9a6a.html,,op-ffs__data-documentation__98b7c41c59__chunk_9
op-ffs,op-ffs__var__icd-dgns-cd18,contains,https://resdac.org/cms-data/variables/claim-diagnosis-code-xviii-ffs,data/raw/html/variable_page/8237f3505f3746ec7b4644d3962f78d74bdd294a.html,,op-ffs__data-documentation__98b7c41c59__chunk_9
op-ffs,op-ffs__var__icd-dgns-cd19,contains,https://resdac.org/cms-data/variables/claim-diagnosis-code-xix-ffs,data/raw/html/variable_page/f717fe68280a2cfe1cdcbef78dec577e2e3b0955.html,,op-ffs__data-documentation__98b7c41c59__chunk_9
op-ffs,op-ffs__var__icd-dgns-cd2,contains,https://resdac.org/cms-data/variables/claim-diagnosis-code-ii-ffs,data/raw/html/variable_page/2f285ff3d715f7e55df9654a26a8f8c9a8b50f63.html,,op-ffs__data-documentation__98b7c41c59__chunk_7
op-ffs,op-ffs__var__icd-dgns-cd20,contains,https://resdac.org/cms-data/variables/claim-diagnosis-code-xx-ffs,data/raw/html/variable_page/b6dc58c95dc90df5959319f5de2cca25c04e70b5.html,,op-ffs__data-documentation__98b7c41c59__chunk_10
op-ffs,op-ffs__var__icd-dgns-cd21,contains,https://resdac.org/cms-data/variables/claim-diagnosis-code-xxi-ffs,data/raw/html/variable_page/7a5350f6810babdd634148297a578b9a92dcae9a.html,,op-ffs__data-documentation__98b7c41c59__chunk_10
op-ffs,op-ffs__var__icd-dgns-cd22,contains,https://resdac.org/cms-data/variables/claim-diagnosis-code-xxii-ffs,data/raw/html/variable_page/10aaa05f96973abc119bd0595ad58ab98a256917.html,,op-ffs__data-documentation__98b7c41c59__chunk_10
op-ffs,op-ffs__var__icd-dgns-cd23,contains,https://resdac.org/cms-data/variables/claim-diagnosis-code-xxiii-ffs,data/raw/html/variable_page/6ca148e7cd4da28abfb737842bdf7048d6331d0d.html,,op-ffs__data-documentation__98b7c41c59__chunk_10
op-ffs,op-ffs__var__icd-dgns-cd24,contains,https://resdac.org/cms-data/variables/claim-diagnosis-code-xxiv-ffs,data/raw/html/variable_page/81b6691fdfb6afc9198edb171d8dfaeca6d65a62.html,,op-ffs__data-documentation__98b7c41c59__chunk_10
op-ffs,op-ffs__var__icd-dgns-cd25,contains,https://resdac.org/cms-data/variables/claim-diagnosis-code-xxv-ffs,data/raw/html/variable_page/7857cb195704c2c995ded55397aacc8f48810185.html,,op-ffs__data-documentation__98b7c41c59__chunk_10
op-ffs,op-ffs__var__icd-dgns-cd3,contains,https://resdac.org/cms-data/variables/claim-diagnosis-code-iii-ffs,data/raw/html/variable_page/c4855455facd338af112b3426145db9f28d843de.html,,op-ffs__data-documentation__98b7c41c59__chunk_7
op-ffs,op-ffs__var__icd-dgns-cd4,contains,https://resdac.org/cms-data/variables/claim-diagnosis-code-iv-ffs,data/raw/html/variable_page/b45d506b0e3c37c5f633d7d8bf19b1af93ff159d.html,,op-ffs__data-documentation__98b7c41c59__chunk_7
op-ffs,op-ffs__var__icd-dgns-cd5,contains,https://resdac.org/cms-data/variables/claim-diagnosis-code-v-ffs,data/raw/html/variable_page/a2142bd7a007e273c4b50fec2c2088e0439836fa.html,,op-ffs__data-documentation__98b7c41c59__chunk_7
op-ffs,op-ffs__var__icd-dgns-cd6,contains,https://resdac.org/cms-data/variables/claim-diagnosis-code-vi-ffs,data/raw/html/variable_page/8896bfb47721666c353e179c1f57d10155a827a5.html,,op-ffs__data-documentation__98b7c41c59__chunk_7
op-ffs,op-ffs__var__icd-dgns-cd7,contains,https://resdac.org/cms-data/variables/claim-diagnosis-code-vii-ffs,data/raw/html/variable_page/85ba7909476ee6e9ef5b89e1ef89f432c7bd3edd.html,,op-ffs__data-documentation__98b7c41c59__chunk_8
op-ffs,op-ffs__var__icd-dgns-cd8,contains,https://resdac.org/cms-data/variables/claim-diagnosis-code-viii-ffs,data/raw/html/variable_page/1588f2733894ba2d5da021d9d54f5970c3cd61aa.html,,op-ffs__data-documentation__98b7c41c59__chunk_8
op-ffs,op-ffs__var__icd-dgns-cd9,contains,https://resdac.org/cms-data/variables/claim-diagnosis-code-ix-ffs,data/raw/html/variable_page/0f2556c81e5041805bf41b4828d13b5760efab1f.html,,op-ffs__data-documentation__98b7c41c59__chunk_8
op-ffs,op-ffs__var__icd-dgns-e-cd1,contains,https://resdac.org/cms-data/variables/claim-diagnosis-e-code-i-ffs,data/raw/html/variable_page/6066cc5a964ac400e9424778b715eaf46b4a42f5.html,,op-ffs__data-documentation__98b7c41c59__chunk_11
op-ffs,op-ffs__var__icd-dgns-e-cd10,contains,https://resdac.org/cms-data/variables/claim-diagnosis-e-code-x-ffs,data/raw/html/variable_page/d29e0f255cad3fe8a5766053041e53a34872f78c.html,,op-ffs__data-documentation__98b7c41c59__chunk_12
op-ffs,op-ffs__var__icd-dgns-e-cd11,contains,https://resdac.org/cms-data/variables/claim-diagnosis-e-code-xi,data/raw/html/variable_page/1506056a1144cd838762942358b2f6d2efa557e7.html,,op-ffs__data-documentation__98b7c41c59__chunk_12
op-ffs,op-ffs__var__icd-dgns-e-cd12,contains,https://resdac.org/cms-data/variables/claim-diagnosis-e-code-xii,data/raw/html/variable_page/063785d14c66d5b28aa90beff1b101110cdcfbe5.html,,op-ffs__data-documentation__98b7c41c59__chunk_12
op-ffs,op-ffs__var__icd-dgns-e-cd2,contains,https://resdac.org/cms-data/variables/claim-diagnosis-e-code-ii-ffs,data/raw/html/variable_page/22adb61c54e91b84ef7e26cfe59a230957c5818f.html,,op-ffs__data-documentation__98b7c41c59__chunk_11
op-ffs,op-ffs__var__icd-dgns-e-cd3,contains,https://resdac.org/cms-data/variables/claim-diagnosis-e-code-iii-ffs,data/raw/html/variable_page/6e6cf2405a02e910f024fdebdc9c46edc8db3342.html,,op-ffs__data-documentation__98b7c41c59__chunk_11
op-ffs,op-ffs__var__icd-dgns-e-cd4,contains,https://resdac.org/cms-data/variables/claim-diagnosis-e-code-iv-ffs,data/raw/html/variable_page/422967ea44d3bba99d629fd99214675cceeacb1d.html,,op-ffs__data-documentation__98b7c41c59__chunk_11
op-ffs,op-ffs__var__icd-dgns-e-cd5,contains,https://resdac.org/cms-data/variables/claim-diagnosis-e-code-v-ffs,data/raw/html/variable_page/725ee1f47c9d39aacf0f9617c72f40a9ab639117.html,,op-ffs__data-documentation__98b7c41c59__chunk_11
op-ffs,op-ffs__var__icd-dgns-e-cd6,contains,https://resdac.org/cms-data/variables/claim-diagnosis-e-code-vi-ffs,data/raw/html/variable_page/7a31bae902e413bc3d1057c356bee47627368b45.html,,op-ffs__data-documentation__98b7c41c59__chunk_12
op-ffs,op-ffs__var__icd-dgns-e-cd7,contains,https://resdac.org/cms-data/variables/claim-diagnosis-e-code-vii-ffs,data/raw/html/variable_page/596ecd0a3038fa5605510c5ea9712ad332f81a48.html,,op-ffs__data-documentation__98b7c41c59__chunk_12
op-ffs,op-ffs__var__icd-dgns-e-cd8,contains,https://resdac.org/cms-data/variables/claim-diagnosis-e-code-viii-ffs,data/raw/html/variable_page/383c1156fe6317c07f3c4aadeef1f69fac10aa66.html,,op-ffs__data-documentation__98b7c41c59__chunk_12
op-ffs,op-ffs__var__icd-dgns-e-cd9,contains,https://resdac.org/cms-data/variables/claim-diagnosis-e-code-ix-ffs,data/raw/html/variable_page/746b3d284c7ff4cd6294fc3adf6fd5acb47d82fa.html,,op-ffs__data-documentation__98b7c41c59__chunk_12
op-ffs,op-ffs__var__icd-prcdr-cd1,contains,https://resdac.org/cms-data/variables/claim-procedure-code-i-ffs,data/raw/html/variable_page/b810c497405edb79a708ddd321e497238e1024fd.html,,op-ffs__data-documentation__98b7c41c59__chunk_13
op-ffs,op-ffs__var__icd-prcdr-cd10,contains,https://resdac.org/cms-data/variables/claim-procedure-code-x-ffs,data/raw/html/variable_page/91e1b33c36efa30603364bc054249a4fde26df4c.html,,op-ffs__data-documentation__98b7c41c59__chunk_15
op-ffs,op-ffs__var__icd-prcdr-cd11,contains,https://resdac.org/cms-data/variables/claim-procedure-code-xi-ffs,data/raw/html/variable_page/bcb314796838da7c5a95cb91b601e5675e4a5d37.html,,op-ffs__data-documentation__98b7c41c59__chunk_16
op-ffs,op-ffs__var__icd-prcdr-cd12,contains,https://resdac.org/cms-data/variables/claim-procedure-code-xii-ffs,data/raw/html/variable_page/1a069f845d153c5d705d0d3130ee362d5b1769d4.html,,op-ffs__data-documentation__98b7c41c59__chunk_16
op-ffs,op-ffs__var__icd-prcdr-cd13,contains,https://resdac.org/cms-data/variables/claim-procedure-code-xiii-ffs,data/raw/html/variable_page/68dba0a118026aa00baa9ee53a96f8a41f9b5ada.html,,op-ffs__data-documentation__98b7c41c59__chunk_16
op-ffs,op-ffs__var__icd-prcdr-cd14,contains,https://resdac.org/cms-data/variables/claim-procedure-code-xiv,data/raw/html/variable_page/fb5a4262c461867b8afe0ef014c1518359c7b15d.html,,op-ffs__data-documentation__98b7c41c59__chunk_17
op-ffs,op-ffs__var__icd-prcdr-cd15,contains,https://resdac.org/cms-data/variables/claim-procedure-code-xv,data/raw/html/variable_page/e4f67b29c65d2af86724d2e00101ec86491a49df.html,,op-ffs__data-documentation__98b7c41c59__chunk_17
op-ffs,op-ffs__var__icd-prcdr-cd16,contains,https://resdac.org/cms-data/variables/claim-procedure-code-xvi,data/raw/html/variable_page/acd884835e2a9366f004666c9da96a8a173e7883.html,,op-ffs__data-documentation__98b7c41c59__chunk_17
op-ffs,op-ffs__var__icd-prcdr-cd17,contains,https://resdac.org/cms-data/variables/claim-procedure-code-xvii,data/raw/html/variable_page/88f9f8b902e1e62a2825081d62d9dd775ad8cd52.html,,op-ffs__data-documentation__98b7c41c59__chunk_17
op-ffs,op-ffs__var__icd-prcdr-cd18,contains,https://resdac.org/cms-data/variables/claim-procedure-code-xviii,data/raw/html/variable_page/6e004565e7b51d0b377cb04d6ee00ed7446accbd.html,,op-ffs__data-documentation__98b7c41c59__chunk_18
op-ffs,op-ffs__var__icd-prcdr-cd19,contains,https://resdac.org/cms-data/variables/claim-procedure-code-xix,data/raw/html/variable_page/35b66b6ff28c85f77bcabb2f31d9aaef081e1c7c.html,,op-ffs__data-documentation__98b7c41c59__chunk_18
op-ffs,op-ffs__var__icd-prcdr-cd2,contains,https://resdac.org/cms-data/variables/claim-procedure-code-ii-ffs,data/raw/html/variable_page/d47821d649649ded9f7935c640717a04c9028aec.html,,op-ffs__data-documentation__98b7c41c59__chunk_13
op-ffs,op-ffs__var__icd-prcdr-cd20,contains,https://resdac.org/cms-data/variables/claim-procedure-code-xx,data/raw/html/variable_page/ca3134fa6a5b11038a9b8f6bec4ee678fc6a0dc2.html,,op-ffs__data-documentation__98b7c41c59__chunk_18
op-ffs,op-ffs__var__icd-prcdr-cd21,contains,https://resdac.org/cms-data/variables/claim-procedure-code-xxi,data/raw/html/variable_page/022facf6f1bdca0220089466ac431b15d4c34a43.html,,op-ffs__data-documentation__98b7c41c59__chunk_19
op-ffs,op-ffs__var__icd-prcdr-cd22,contains,https://resdac.org/cms-data/variables/claim-procedure-code-xxii,data/raw/html/variable_page/4c0d31d38dacf0e52d6803982115cdc8fc20801b.html,,op-ffs__data-documentation__98b7c41c59__chunk_19
op-ffs,op-ffs__var__icd-prcdr-cd23,contains,https://resdac.org/cms-data/variables/claim-procedure-code-xxiii,data/raw/html/variable_page/9824be930b311ff3968b9feff9e64f16381353e3.html,,op-ffs__data-documentation__98b7c41c59__chunk_19
op-ffs,op-ffs__var__icd-prcdr-cd24,contains,https://resdac.org/cms-data/variables/claim-procedure-code-xxiv,data/raw/html/variable_page/69f55816607c603225571f96a294073d2ce3d808.html,,op-ffs__data-documentation__98b7c41c59__chunk_20
op-ffs,op-ffs__var__icd-prcdr-cd25,contains,https://resdac.org/cms-data/variables/claim-procedure-code-xxv,data/raw/html/variable_page/cd6103f301bf11b864c5dd44bb286165e6e3ac53.html,,op-ffs__data-documentation__98b7c41c59__chunk_20
op-ffs,op-ffs__var__icd-prcdr-cd3,contains,https://resdac.org/cms-data/variables/claim-procedure-code-iii-ffs,data/raw/html/variable_page/a12f79ced8c7a6e6ef440f90e570f5611337587f.html,,op-ffs__data-documentation__98b7c41c59__chunk_13
op-ffs,op-ffs__var__icd-prcdr-cd4,contains,https://resdac.org/cms-data/variables/claim-procedure-code-iv-ffs,data/raw/html/variable_page/54a0365f6ea55d28964a249d2c8faf59305f15de.html,,op-ffs__data-documentation__98b7c41c59__chunk_14
op-ffs,op-ffs__var__icd-prcdr-cd5,contains,https://resdac.org/cms-data/variables/claim-procedure-code-v-ffs,data/raw/html/variable_page/c8b94fa8fe7983f41b2773deb542af63a87120ee.html,,op-ffs__data-documentation__98b7c41c59__chunk_14
op-ffs,op-ffs__var__icd-prcdr-cd6,contains,https://resdac.org/cms-data/variables/claim-procedure-code-vi-ffs,data/raw/html/variable_page/67a8dfcb2640b3c2180ae75c9095c3b65dfb9c53.html,,op-ffs__data-documentation__98b7c41c59__chunk_14
op-ffs,op-ffs__var__icd-prcdr-cd7,contains,https://resdac.org/cms-data/variables/claim-procedure-code-vii-ffs,data/raw/html/variable_page/b6ec8bf33d12307ace55aee449accd0097602eec.html,,op-ffs__data-documentation__98b7c41c59__chunk_14
op-ffs,op-ffs__var__icd-prcdr-cd8,contains,https://resdac.org/cms-data/variables/claim-procedure-code-viii-ffs,data/raw/html/variable_page/1e96d025d69610f0f3712031c8476c27db94b16b.html,,op-ffs__data-documentation__98b7c41c59__chunk_15
op-ffs,op-ffs__var__icd-prcdr-cd9,contains,https://resdac.org/cms-data/variables/claim-procedure-code-ix-ffs,data/raw/html/variable_page/ae1bf8f7b6c99c2ed1983d08b60e4c5706fc5eaf.html,,op-ffs__data-documentation__98b7c41c59__chunk_15
op-ffs,op-ffs__var__nch-bene-blood-ddctbl-lblty-am,contains,https://resdac.org/cms-data/variables/nch-beneficiary-blood-deductible-liability-amount,data/raw/html/variable_page/1860b6825096476b57efd98122a83b503e460661.html,,op-ffs__data-documentation__98b7c41c59__chunk_6
op-ffs,op-ffs__var__nch-bene-ptb-coinsrnc-amt,contains,https://resdac.org/cms-data/variables/nch-beneficiary-part-b-coinsurance-amount,data/raw/html/variable_page/8b6d79c327244bf6055d87a233f61342e0b520a2.html,,op-ffs__data-documentation__98b7c41c59__chunk_21
op-ffs,op-ffs__var__nch-bene-ptb-ddctbl-amt,contains,https://resdac.org/cms-data/variables/nch-beneficiary-part-b-deductible-amount,data/raw/html/variable_page/dd8f53925e579e5921fcb1b23747c826865c6ba2.html,,op-ffs__data-documentation__98b7c41c59__chunk_21
op-ffs,op-ffs__var__nch-blood-pnts-frnshd-qty,contains,https://resdac.org/cms-data/variables/nch-blood-pints-furnished-quantity,data/raw/html/variable_page/325148b023c474720c426379ff05fbe1c95be2be.html,,op-ffs__data-documentation__98b7c41c59__chunk_6
op-ffs,op-ffs__var__nch-clm-type-cd,contains,https://resdac.org/cms-data/variables/revenue-center-medicare-provider-payment-amount,data/raw/html/variable_page/63408b8a4617db4e2f44a40f06c41f83ee982fa2.html,,op-ffs__data-documentation__98b7c41c59__chunk_0
op-ffs,op-ffs__var__nch-near-line-rec-ident-cd,contains,https://resdac.org/cms-data/variables/nch-near-line-record-identification-code-ric,data/raw/html/variable_page/e2a65d5ccbf09b134831997edc04f893982c342b.html,,op-ffs__data-documentation__98b7c41c59__chunk_0
op-ffs,op-ffs__var__nch-prmry-pyr-cd,contains,https://resdac.org/cms-data/variables/nch-primary-payer-code-if-not-medicare,data/raw/html/variable_page/b317a9a6ccf8ed6ecabb8cfe040aec5f316f1cc4.html,,op-ffs__data-documentation__98b7c41c59__chunk_2
op-ffs,op-ffs__var__nch-prmry-pyr-clm-pd-amt,contains,https://resdac.org/cms-data/variables/nch-primary-payer-if-not-medicare-claim-paid-amount,data/raw/html/variable_page/2b019e3401e5d10ae77ff71e42eb87e40c8519df.html,,op-ffs__data-documentation__98b7c41c59__chunk_2
op-ffs,op-ffs__var__nch-profnl-cmpnt-chrg-amt,contains,https://resdac.org/cms-data/variables/professional-component-charge-amount,data/raw/html/variable_page/f529d0867564fa7bc7a982cf3fea3ff3023b09a6.html,,op-ffs__data-documentation__98b7c41c59__chunk_6
op-ffs,op-ffs__var__nch-wkly-proc-dt,contains,https://resdac.org/cms-data/variables/nch-weekly-claim-processing-date,data/raw/html/variable_page/2c4fc50a162db7e581e0a12caf0ebc4f2b60bf39.html,,op-ffs__data-documentation__98b7c41c59__chunk_0
op-ffs,op-ffs__var__op-physn-npi,contains,https://resdac.org/cms-data/variables/claim-operating-physician-npi-number-ffs,data/raw/html/variable_page/71453b90edf9cb3f1bc8d156b32bf5cd04491e42.html,,op-ffs__data-documentation__98b7c41c59__chunk_4
op-ffs,op-ffs__var__op-physn-spclty-cd,contains,https://resdac.org/cms-data/variables/claim-operating-physician-specialty-code,data/raw/html/variable_page/a35ed051bd27b521da1d0e22f5239602bf4d43ef.html,,op-ffs__data-documentation__98b7c41c59__chunk_4
op-ffs,op-ffs__var__op-physn-upin,contains,https://resdac.org/cms-data/variables/claim-operating-physician-upin-number,data/raw/html/variable_page/fb6444e96240e7b3e3b4a37f11f8cda726e121a1.html,,op-ffs__data-documentation__98b7c41c59__chunk_4
op-ffs,op-ffs__var__org-npi-num,contains,https://resdac.org/cms-data/variables/organization-or-group-npi-number,data/raw/html/variable_page/e8247733716c1754f88e37f2ee97ab727459759f.html,,op-ffs__data-documentation__98b7c41c59__chunk_3
op-ffs,op-ffs__var__ot-physn-npi,contains,https://resdac.org/cms-data/variables/claim-other-physician-npi-number-ffs,data/raw/html/variable_page/023c022aea73887cc232e2301736aea58005996e.html,,op-ffs__data-documentation__98b7c41c59__chunk_4
op-ffs,op-ffs__var__ot-physn-spclty-cd,contains,https://resdac.org/cms-data/variables/claim-other-physician-specialty-code,data/raw/html/variable_page/3280d1644860439cfdef4ef30a51a3150cb10b36.html,,op-ffs__data-documentation__98b7c41c59__chunk_5
op-ffs,op-ffs__var__ot-physn-upin,contains,https://resdac.org/cms-data/variables/claim-other-physician-upin-number,data/raw/html/variable_page/f9c753ba8a72dd11a66309b65f2e5b1f2055c5cf.html,,op-ffs__data-documentation__98b7c41c59__chunk_4
op-ffs,op-ffs__var__owng-prvdr-tin-num,contains,https://resdac.org/cms-data/variables/owning-provider-tax-identification-number-tin,data/raw/html/variable_page/51718ccc243b50322a19f74b83577ab614bfa759.html,,op-ffs__data-documentation__98b7c41c59__chunk_1
op-ffs,op-ffs__var__prcdr-dt1,contains,https://resdac.org/cms-data/files/op-ffs/data-documentation,data/raw/html/documentation_page/98b7c41c59324a19534b3a875a60fe0f7a82596e.html,,op-ffs__data-documentation__98b7c41c59__chunk_13
op-ffs,op-ffs__var__prcdr-dt10,contains,https://resdac.org/cms-data/variables/claim-procedure-code-x-date-ffs,data/raw/html/variable_page/c125b91c92e9e531eda47865cb19171d64d204ca.html,,op-ffs__data-documentation__98b7c41c59__chunk_16
op-ffs,op-ffs__var__prcdr-dt11,contains,https://resdac.org/cms-data/variables/claim-procedure-code-xi-date-ffs,data/raw/html/variable_page/b07010bffe383703fd101eb2079bb95ae8d96189.html,,op-ffs__data-documentation__98b7c41c59__chunk_16
op-ffs,op-ffs__var__prcdr-dt12,contains,https://resdac.org/cms-data/variables/claim-procedure-code-xii-date-ffs,data/raw/html/variable_page/f482a8ca6707e49580bbb68c4b19661d83c8433d.html,,op-ffs__data-documentation__98b7c41c59__chunk_16
op-ffs,op-ffs__var__prcdr-dt13,contains,https://resdac.org/cms-data/variables/claim-procedure-code-xiii-date-ffs,data/raw/html/variable_page/706ffd02acc59d7353628ceb6469f0715eec79ce.html,,op-ffs__data-documentation__98b7c41c59__chunk_16
op-ffs,op-ffs__var__prcdr-dt14,contains,https://resdac.org/cms-data/variables/claim-procedure-code-xiv-date,data/raw/html/variable_page/60251f9a801ee9a27338bb4e02852039ccf3d034.html,,op-ffs__data-documentation__98b7c41c59__chunk_17
op-ffs,op-ffs__var__prcdr-dt15,contains,https://resdac.org/cms-data/variables/claim-procedure-code-xv-date,data/raw/html/variable_page/257b485b7f3eb0c40d2053369834eddb599dea74.html,,op-ffs__data-documentation__98b7c41c59__chunk_17
op-ffs,op-ffs__var__prcdr-dt16,contains,https://resdac.org/cms-data/variables/claim-procedure-code-xvi-date,data/raw/html/variable_page/0616228673a47c3b6b9ab821e9a537ad85bc0857.html,,op-ffs__data-documentation__98b7c41c59__chunk_17
op-ffs,op-ffs__var__prcdr-dt17,contains,https://resdac.org/cms-data/variables/claim-procedure-code-xvii-date,data/raw/html/variable_page/8fbcc779debe810be013be86264650593727c649.html,,op-ffs__data-documentation__98b7c41c59__chunk_18
op-ffs,op-ffs__var__prcdr-dt18,contains,https://resdac.org/cms-data/variables/claim-procedure-code-xviii-date,data/raw/html/variable_page/a101a9fa1cf47c26856923de331f46cdbeca0391.html,,op-ffs__data-documentation__98b7c41c59__chunk_18
op-ffs,op-ffs__var__prcdr-dt19,contains,https://resdac.org/cms-data/variables/claim-procedure-code-xix-date,data/raw/html/variable_page/60d61ec909163da1da58f1aad0b59b45da5bfb44.html,,op-ffs__data-documentation__98b7c41c59__chunk_18
op-ffs,op-ffs__var__prcdr-dt2,contains,https://resdac.org/cms-data/variables/claim-procedure-code-ii-date-ffs,data/raw/html/variable_page/4252951724a5fc796b3d53eca972dba27ca5cd5a.html,,op-ffs__data-documentation__98b7c41c59__chunk_13
op-ffs,op-ffs__var__prcdr-dt20,contains,https://resdac.org/cms-data/variables/claim-procedure-code-xx-date,data/raw/html/variable_page/ad2b1d7db6c407873a65921609ec9e162fb5b5da.html,,op-ffs__data-documentation__98b7c41c59__chunk_18
op-ffs,op-ffs__var__prcdr-dt21,contains,https://resdac.org/cms-data/variables/claim-procedure-code-xxi-date,data/raw/html/variable_page/89ecb8c4ffaccb05e19df0b1ebe124150dcf0431.html,,op-ffs__data-documentation__98b7c41c59__chunk_19
op-ffs,op-ffs__var__prcdr-dt22,contains,https://resdac.org/cms-data/variables/claim-procedure-code-xxii-date,data/raw/html/variable_page/61a1ed78bea5ae1036d91de3ef74709688399a9a.html,,op-ffs__data-documentation__98b7c41c59__chunk_19
op-ffs,op-ffs__var__prcdr-dt23,contains,https://resdac.org/cms-data/variables/claim-procedure-code-xxiii-date,data/raw/html/variable_page/731a5b517c426318e183d4d9a06c149a82957313.html,,op-ffs__data-documentation__98b7c41c59__chunk_19
op-ffs,op-ffs__var__prcdr-dt24,contains,https://resdac.org/cms-data/variables/claim-procedure-code-xxiv-date,data/raw/html/variable_page/7043ffbb1f566eec2a2e6a1eb1c320e2797e9a07.html,,op-ffs__data-documentation__98b7c41c59__chunk_20
op-ffs,op-ffs__var__prcdr-dt25,contains,https://resdac.org/cms-data/variables/claim-procedure-code-xxv-date,data/raw/html/variable_page/6965d468589fc842eba76b9f7ffc05dc6d06f233.html,,op-ffs__data-documentation__98b7c41c59__chunk_20
op-ffs,op-ffs__var__prcdr-dt3,contains,https://resdac.org/cms-data/variables/claim-procedure-code-iii-date-ffs,data/raw/html/variable_page/19c80cefea33734e70dfa13fa9cb3d9cc5f1242f.html,,op-ffs__data-documentation__98b7c41c59__chunk_13
op-ffs,op-ffs__var__prcdr-dt4,contains,https://resdac.org/cms-data/variables/claim-procedure-code-iv-date-ffs,data/raw/html/variable_page/dcdf8e7403da23d2a3f2ab90d2d3fb1cc3d80a8b.html,,op-ffs__data-documentation__98b7c41c59__chunk_14
op-ffs,op-ffs__var__prcdr-dt5,contains,https://resdac.org/cms-data/variables/claim-procedure-code-v-date-ffs,data/raw/html/variable_page/94b9176cebac432c90491136c198bf89f5df8b3d.html,,op-ffs__data-documentation__98b7c41c59__chunk_14
op-ffs,op-ffs__var__prcdr-dt6,contains,https://resdac.org/cms-data/variables/claim-procedure-code-vi-date-ffs,data/raw/html/variable_page/f814e0fe5c9878f73714b17bf2cbde9a186c3cdc.html,,op-ffs__data-documentation__98b7c41c59__chunk_14
op-ffs,op-ffs__var__prcdr-dt7,contains,https://resdac.org/cms-data/variables/claim-procedure-code-vii-date-ffs,data/raw/html/variable_page/7a2a64b5dfdcf1031364d6c9c546482d56726ef0.html,,op-ffs__data-documentation__98b7c41c59__chunk_15
op-ffs,op-ffs__var__prcdr-dt8,contains,https://resdac.org/cms-data/variables/claim-procedure-code-viii-date-ffs,data/raw/html/variable_page/afc977b2ed8ad90462821dca24e07e07039c7934.html,,op-ffs__data-documentation__98b7c41c59__chunk_15
op-ffs,op-ffs__var__prcdr-dt9,contains,https://resdac.org/cms-data/variables/claim-procedure-code-ix-date-ffs,data/raw/html/variable_page/19f0d4aaf5e80256cbca129ad3d22ac17841da21.html,,op-ffs__data-documentation__98b7c41c59__chunk_15
op-ffs,op-ffs__var__prncpal-dgns-cd,contains,https://resdac.org/cms-data/files/op-ffs/data-documentation,data/raw/html/documentation_page/98b7c41c59324a19534b3a875a60fe0f7a82596e.html,,op-ffs__data-documentation__98b7c41c59__chunk_7
op-ffs,op-ffs__var__prvdr-full-ccn-num,contains,https://resdac.org/cms-data/files/op-ffs/data-documentation,data/raw/html/documentation_page/98b7c41c59324a19534b3a875a60fe0f7a82596e.html,,op-ffs__data-documentation__98b7c41c59__chunk_1
op-ffs,op-ffs__var__prvdr-num,contains,https://resdac.org/cms-data/variables/provider-number,data/raw/html/variable_page/688c63400acc0dfaa76fe29417ac5e1641f360b0.html,,op-ffs__data-documentation__98b7c41c59__chunk_1
op-ffs,op-ffs__var__prvdr-state-cd,contains,https://resdac.org/cms-data/variables/nch-provider-ssa-state-code,data/raw/html/variable_page/51b49cc085d78a4b01d479d262d048edc53cc046.html,,op-ffs__data-documentation__98b7c41c59__chunk_3
op-ffs,op-ffs__var__prvdr-vldtn-type-cd,contains,https://resdac.org/cms-data/variables/provider-validation-type-code,data/raw/html/variable_page/b24c008e9ff17a9e5818a21ed874962c1be003ce.html,,op-ffs__data-documentation__98b7c41c59__chunk_26
op-ffs,op-ffs__var__ptnt-dschrg-stus-cd,contains,https://resdac.org/cms-data/files/op-ffs/data-documentation,data/raw/html/documentation_page/98b7c41c59324a19534b3a875a60fe0f7a82596e.html,,op-ffs__data-documentation__98b7c41c59__chunk_6
op-ffs,op-ffs__var__rfrg-spclty-cd,contains,https://resdac.org/cms-data/variables/claim-referring-physician-specialty-code,data/raw/html/variable_page/1cbfb8175933c84946c2283e84978bb02b820052.html,,op-ffs__data-documentation__98b7c41c59__chunk_5
op-ffs,op-ffs__var__rfr-physn-npi,contains,https://resdac.org/cms-data/variables/claim-referring-physician-npi-number,data/raw/html/variable_page/819e70e5dd4d211911223a924bb0ee19974988c1.html,,op-ffs__data-documentation__98b7c41c59__chunk_5
op-ffs,op-ffs__var__rndrng-physn-npi,contains,https://resdac.org/cms-data/variables/rendering-physician-npi-ffs,data/raw/html/variable_page/7599b431246712b6448a443663f7364254cd04db.html,,op-ffs__data-documentation__98b7c41c59__chunk_5
op-ffs,op-ffs__var__rndrng-physn-spclty-cd,contains,https://resdac.org/cms-data/variables/claim-or-revenue-center-rendering-physician-specialty-code,data/raw/html/variable_page/186ff3424eb9e479fb2f32a24454e8d69453bbca.html,,op-ffs__data-documentation__98b7c41c59__chunk_5
op-ffs,op-ffs__var__rr-brd-exclsn-ind-sw,contains,https://resdac.org/cms-data/variables/railroad-board-exclusion-indicator-switch,data/raw/html/variable_page/8fe27c72e8f915938d2f08038aafa8caa40705c7.html,,op-ffs__data-documentation__98b7c41c59__chunk_26
op-ffs,op-ffs__var__rsn-visit-cd1,contains,https://resdac.org/cms-data/variables/reason-visit-diagnosis-code-i-ffs,data/raw/html/variable_page/05aa3f82b74f6f29b567016afa65f0536db5de53.html,,op-ffs__data-documentation__98b7c41c59__chunk_20
op-ffs,op-ffs__var__rsn-visit-cd2,contains,https://resdac.org/cms-data/variables/reason-visit-diagnosis-code-ii-ffs,data/raw/html/variable_page/c3a874237d0dbfa702dc1099f3b84a9574b9b412.html,,op-ffs__data-documentation__98b7c41c59__chunk_20
op-ffs,op-ffs__var__rsn-visit-cd3,contains,https://resdac.org/cms-data/variables/reason-visit-diagnosis-code-iii-ffs,data/raw/html/variable_page/c455ba5a9b7b1ffe81a3aaf320c3db703e5f3248.html,,op-ffs__data-documentation__98b7c41c59__chunk_20
op-ffs,op-ffs__var__srvc-loc-npi-num,contains,https://resdac.org/cms-data/variables/claim-service-location-npi-number,data/raw/html/variable_page/ff34d059fe733dc6f31e10ab6365e69268d5aeee.html,,op-ffs__data-documentation__98b7c41c59__chunk_3
part-d-drug-characteristics,part-d-drug-characteristics__var__gcdf-desc,contains,https://resdac.org/cms-data/variables/dosage-form-code-description,data/raw/html/variable_page/0921e36208886263183c7c16974de2bcf56b2387.html,,part-d-drug-characteristics__data-documentation__94330ae01c__chunk_1
part-d-formulary,part-d-formulary__var__contract-id,contains,https://resdac.org/cms-data/variables/part-d-contract-identifier,data/raw/html/variable_page/64841a992a657e6874ee4aa5d26fa0ba5c010c72.html,,part-d-formulary__data-documentation__8d84b1bd65__chunk_2
part-d-formulary,part-d-formulary__var__formulary-id,contains,https://resdac.org/cms-data/variables/formulary-identification-number,data/raw/html/variable_page/2c3d1b9980cfead491b1c191161bd4d6817b12ee.html,,part-d-formulary__data-documentation__8d84b1bd65__chunk_1
part-d-formulary,part-d-formulary__var__frmlry-rx-id,contains,https://resdac.org/cms-data/variables/copay,data/raw/html/variable_page/9d1289ce4e87c6930a0b51b57541716fad946107.html,,part-d-formulary__data-documentation__8d84b1bd65__chunk_1
part-d-formulary,part-d-formulary__var__gcdf-desc,contains,https://resdac.org/cms-data/variables/dosage-form-code-description,data/raw/html/variable_page/0921e36208886263183c7c16974de2bcf56b2387.html,,part-d-formulary__data-documentation__8d84b1bd65__chunk_2
part-d-formulary,part-d-formulary__var__mesh-cui,contains,https://resdac.org/cms-data/variables/coverage-indicator,data/raw/html/variable_page/26ebc7c2c34daeb79cc100f6017659d5b248c9fc.html,,part-d-formulary__data-documentation__8d84b1bd65__chunk_5
part-d-formulary,part-d-formulary__var__plan-id,contains,https://resdac.org/cms-data/variables/part-d-plan-benefit-package-identifier,data/raw/html/variable_page/0dfd4c81e4c15e8d46f4fb94a0152e757b905435.html,,part-d-formulary__data-documentation__8d84b1bd65__chunk_2
part-d-formulary,part-d-formulary__var__prior-authorization-yn,contains,https://resdac.org/cms-data/variables/prior-authorization-indicator-formulary,data/raw/html/variable_page/306f986e733df5832eac6ee0cf607ede2655ebb1.html,,part-d-formulary__data-documentation__8d84b1bd65__chunk_1
part-d-formulary,part-d-formulary__var__quantity-limit-yn,contains,https://resdac.org/cms-data/variables/quantity-limit-indicator-formulary,data/raw/html/variable_page/095544d54106c68298de5806426becaf480f357e.html,,part-d-formulary__data-documentation__8d84b1bd65__chunk_1
part-d-formulary,part-d-formulary__var__segment-id,contains,https://resdac.org/cms-data/variables/market-segment-identifier,data/raw/html/variable_page/8287c3a0a8de6d49ddcd9c85b85444ec1e05ebfc.html,,part-d-formulary__data-documentation__8d84b1bd65__chunk_5
part-d-formulary,part-d-formulary__var__step-therapy-yn,contains,https://resdac.org/cms-data/variables/step-therapy-indicator,data/raw/html/variable_page/c168a6cca9db59e49644cc58da5d91d611a0abad.html,,part-d-formulary__data-documentation__8d84b1bd65__chunk_2
part-d-formulary,part-d-formulary__var__tier-id,contains,https://resdac.org/cms-data/variables/medicare-part-d-formulary-tier-number,data/raw/html/variable_page/9f27b4b468e1081eadd880e9e6229feb005519db.html,,part-d-formulary__data-documentation__8d84b1bd65__chunk_1
part-d-mtm,part-d-mtm__var__bene-id,contains,https://resdac.org/cms-data/variables/encrypted-ccw-beneficiary-id,data/raw/html/variable_page/69950b21ed36af6e7ed6c908dc18142a50445d3c.html,5,part-d-mtm__codebook-ptd-mtm_pdf__731de851b0__p5__chunk_2
part-d-mtm,part-d-mtm__var__cmr-received,contains,https://resdac.org/cms-data/variables/comprehensive-medication-review-cmr-received,data/raw/html/variable_page/b5a6a53e73176216acdff4542425b4b9d9b5e8de.html,11,part-d-mtm__codebook-ptd-mtm_pdf__731de851b0__p11__chunk_1
part-d-mtm,part-d-mtm__var__cmr-received-num,contains,https://resdac.org/cms-data/variables/number-comprehensive-medication-reviews-cmrs-received,data/raw/html/variable_page/daf9ae92165b08b5e597d941c8c49b5ad4b3898f.html,12,part-d-mtm__codebook-ptd-mtm_pdf__731de851b0__p12__chunk_1
part-d-plan-election-type-beneficiary-summary,part-d-plan-election-type-beneficiary-summary__var__aplctn-dt,contains,https://resdac.org/cms-data/variables/beneficiary-part-d-plan-enrollment-application-date,data/raw/html/variable_page/4bd2051698552d7a15976afe1daf5ae1c553afad.html,,part-d-plan-election-type-beneficiary-summary__data-documentation__5f87a8e2e1__chunk_1
part-d-plan-election-type-beneficiary-summary,part-d-plan-election-type-beneficiary-summary__var__audt-sqnc-num,contains,https://resdac.org/cms-data/variables/part-d-enrollment-transaction-audit-sequence-number,data/raw/html/variable_page/7c7e40347a8a44616e33fffd88202b38445a32d1.html,,part-d-plan-election-type-beneficiary-summary__data-documentation__5f87a8e2e1__chunk_2
part-d-plan-election-type-beneficiary-summary,part-d-plan-election-type-beneficiary-summary__var__auto-assigned-flag,contains,https://resdac.org/cms-data/variables/part-d-plan-auto-assignment-indicator,data/raw/html/variable_page/b7111f468a9c63963ca7ee6ca2d018466de1abd5.html,,part-d-plan-election-type-beneficiary-summary__data-documentation__5f87a8e2e1__chunk_3
part-d-plan-election-type-beneficiary-summary,part-d-plan-election-type-beneficiary-summary__var__bene-id,contains,https://resdac.org/cms-data/variables/ccw-beneficiary-id,data/raw/html/variable_page/58f42a183bf2cf15e906e3e9823b85e3ec21173b.html,,part-d-plan-election-type-beneficiary-summary__data-documentation__5f87a8e2e1__chunk_1
part-d-plan-election-type-beneficiary-summary,part-d-plan-election-type-beneficiary-summary__var__contract-id,contains,https://resdac.org/cms-data/variables/part-d-contract-number,data/raw/html/variable_page/af345f754fb6dbeb8b480b373f62dde88d868e4a.html,,part-d-plan-election-type-beneficiary-summary__data-documentation__5f87a8e2e1__chunk_2
part-d-plan-election-type-beneficiary-summary,part-d-plan-election-type-beneficiary-summary__var__crnt-prev-yr-chooser,contains,https://resdac.org/cms-data/variables/part-d-plan-self-selection-current-or-previous-year-indicator,data/raw/html/variable_page/12d7fa8a044bf8d015c978ee47ea2b6a8a5433ee.html,,part-d-plan-election-type-beneficiary-summary__data-documentation__5f87a8e2e1__chunk_3
part-d-plan-election-type-beneficiary-summary,part-d-plan-election-type-beneficiary-summary__var__disenrlmnt-dt,contains,https://resdac.org/cms-data/variables/beneficiary-part-d-plan-disenrollment-date,data/raw/html/variable_page/56dd04dc7cf1f3c698363cbf351989ca43efaf06.html,,part-d-plan-election-type-beneficiary-summary__data-documentation__5f87a8e2e1__chunk_2
part-d-plan-election-type-beneficiary-summary,part-d-plan-election-type-beneficiary-summary__var__enrlmt-efctv-dt,contains,https://resdac.org/cms-data/variables/beneficiary-part-d-plan-enrollment-effective-date,data/raw/html/variable_page/ccc7ae26e8abd7c3f515157de1f28836ecf1ce0f.html,,part-d-plan-election-type-beneficiary-summary__data-documentation__5f87a8e2e1__chunk_1
part-d-plan-election-type-beneficiary-summary,part-d-plan-election-type-beneficiary-summary__var__enrlmt-type-cd,contains,https://resdac.org/cms-data/variables/part-d-plan-self-selection-indicator,data/raw/html/variable_page/89bbb3ce3bab2e3e7d649c358bf5263c4b668c6f.html,,part-d-plan-election-type-beneficiary-summary__data-documentation__5f87a8e2e1__chunk_2
part-d-plan-election-type-beneficiary-summary,part-d-plan-election-type-beneficiary-summary__var__lis-months,contains,https://resdac.org/cms-data/variables/part-d-low-income-subsidy-lis-months,data/raw/html/variable_page/585e03675dec0100927dd7bba53440d92f267952.html,,part-d-plan-election-type-beneficiary-summary__data-documentation__5f87a8e2e1__chunk_3
part-d-plan-election-type-beneficiary-summary,part-d-plan-election-type-beneficiary-summary__var__plan-id,contains,https://resdac.org/cms-data/variables/part-d-plan-benefit-package-identifier,data/raw/html/variable_page/0dfd4c81e4c15e8d46f4fb94a0152e757b905435.html,,part-d-plan-election-type-beneficiary-summary__data-documentation__5f87a8e2e1__chunk_2
part-d-plan-election-type-beneficiary-summary,part-d-plan-election-type-beneficiary-summary__var__reassign-jan,contains,https://resdac.org/cms-data/variables/beneficiary-newly-reassigned-january-plan,data/raw/html/variable_page/da4b3ee68ba95b1181a6773f616b7ed0a18e7733.html,,part-d-plan-election-type-beneficiary-summary__data-documentation__5f87a8e2e1__chunk_3
part-d-plan-election-type-beneficiary-summary,part-d-plan-election-type-beneficiary-summary__var__ref-year,contains,https://resdac.org/cms-data/variables/part-d-plan-enrollment-year,data/raw/html/variable_page/09cd375f104ef87f6eb27b2edfb22945b2236119.html,,part-d-plan-election-type-beneficiary-summary__data-documentation__5f87a8e2e1__chunk_1
pde,pde__var__bene-id,contains,https://resdac.org/cms-data/variables/ccw-encrypted-beneficiary-id-number,data/raw/html/variable_page/9fcc3c0f0ed861814179c9c1c8b54176d968d110.html,7,pde__codebook-pde_pdf__c8d3789e9b__p7__chunk_1
pde,pde__var__ccw-pharm-id,contains,https://www2.ccwdata.org/documents/10280/19022436/record-layout-pde.xlsx,data/raw/assets/xlsx/10e3b41cc377b7165469269d45f85ae89f9baed4.xlsx,1,pde__record-layout-pde_xlsx__10e3b41cc3__s1__chunk_18
pde,pde__var__ccw-prscrbr-id,contains,https://resdac.org/cms-data/variables/ccw-prescriber-identifier,data/raw/html/variable_page/63260fc6a6337ad5ab41ed0ddda0a8c276bac241.html,1,pde__record-layout-pde_xlsx__10e3b41cc3__s1__chunk_18
pde,pde__var__ltpac-dspnsng-freq-cd,contains,https://www2.ccwdata.org/documents/10280/19022436/codebook-pde.pdf,data/raw/assets/pdf/c8d3789e9b9a3e36ec93e4d39d180a1ab4ef52ce.pdf,71,pde__codebook-pde_pdf__c8d3789e9b__p71__chunk_4
pde,pde__var__ncpdp-id,contains,https://resdac.org/cms-data/variables/ncpdp-pharmacy-identifier,data/raw/html/variable_page/3b95cd9898ed5bcd002183bb81c88bbec56a047f.html,1,pde__record-layout-pde_xlsx__10e3b41cc3__s1__chunk_18
pde,pde__var__submsn-clrfctn-cd-2,contains,https://www2.ccwdata.org/documents/10280/19022436/codebook-pde.pdf,data/raw/assets/pdf/c8d3789e9b9a3e36ec93e4d39d180a1ab4ef52ce.pdf,69,pde__codebook-pde_pdf__c8d3789e9b__p69__chunk_4
pde,pde__var__tier-id,contains,https://resdac.org/cms-data/variables/medicare-part-d-formulary-tier-identifier,data/raw/html/variable_page/ec0bbd9c3eef1cbff1d9e37e83de2aa79ed1ad91.html,73,pde__codebook-pde_pdf__c8d3789e9b__p73__chunk_2
pioneer-aco,pioneer-aco__var__aco-id,contains,https://resdac.org/cms-data/variables/pioneer-aco-identifier,data/raw/html/variable_page/05f83c6b83a60ef9e507aa2b953fd5fcdfd64c72.html,,pioneer-aco__data-documentation__fbf03a23f2__chunk_1
pioneer-aco,pioneer-aco__var__bene-aco-year,contains,https://resdac.org/cms-data/variables/year-beneficiary-claims,data/raw/html/variable_page/3b2e49066a169bb2a57eef866c148f276fb759aa.html,,pioneer-aco__data-documentation__fbf03a23f2__chunk_1
pioneer-aco,pioneer-aco__var__bene-id,contains,https://resdac.org/cms-data/variables/encrypted-ccw-beneficiary-id,data/raw/html/variable_page/69950b21ed36af6e7ed6c908dc18142a50445d3c.html,,pioneer-aco__data-documentation__fbf03a23f2__chunk_1
pioneer-aco,pioneer-aco__var__birth-dt,contains,https://resdac.org/cms-data/variables/date-birth-1,data/raw/html/variable_page/d44369d8b7ec500882372867e83b890304ab8eb2.html,,pioneer-aco__data-documentation__fbf03a23f2__chunk_1
pioneer-aco,pioneer-aco__var__ccn-type,contains,https://resdac.org/cms-data/variables/ccn-facility-type-0,data/raw/html/variable_page/10ca255c1cd238b62f754699bbde0015e8fff6c4.html,,pioneer-aco__data-documentation__fbf03a23f2__chunk_4
pioneer-aco,pioneer-aco__var__death-dt,contains,https://resdac.org/cms-data/variables/date-death-0,data/raw/html/variable_page/a5e2f19fb4dbe0e9c952a9b1c182694cef8ff0e1.html,,pioneer-aco__data-documentation__fbf03a23f2__chunk_1
pioneer-aco,pioneer-aco__var__first-name,contains,https://resdac.org/cms-data/variables/first-name-provider-associated-npi,data/raw/html/variable_page/91cbf3183a2353cf0893f77a4caf16f9e21fdd43.html,,pioneer-aco__data-documentation__fbf03a23f2__chunk_4
pioneer-aco,pioneer-aco__var__ind-npi,contains,https://resdac.org/cms-data/variables/npi-practitioner,data/raw/html/variable_page/e114e08288aab4bd233bff2f84b5f441ee79fe70.html,,pioneer-aco__data-documentation__fbf03a23f2__chunk_3
pioneer-aco,pioneer-aco__var__last-name,contains,https://resdac.org/cms-data/variables/last-name-provider-associated-npi,data/raw/html/variable_page/3acf55cbb8c2dff45e7f3d3e5f5f43b2e8e4d58f.html,,pioneer-aco__data-documentation__fbf03a23f2__chunk_4
pioneer-aco,pioneer-aco__var__mo10-align,contains,https://resdac.org/cms-data/variables/month-10-alignment-flag,data/raw/html/variable_page/aca490968e091883fa7eb98f33dacfb93d0e142e.html,,pioneer-aco__data-documentation__fbf03a23f2__chunk_2
pioneer-aco,pioneer-aco__var__mo11-align,contains,https://resdac.org/cms-data/variables/month-11-alignment-flag,data/raw/html/variable_page/75e178d614ffedd59faf3032557fa1afe85f905a.html,,pioneer-aco__data-documentation__fbf03a23f2__chunk_2
pioneer-aco,pioneer-aco__var__mo12-align,contains,https://resdac.org/cms-data/variables/month-12-alignment-flag,data/raw/html/variable_page/81cdbaf550def6661aef4e15827743eb77e10927.html,,pioneer-aco__data-documentation__fbf03a23f2__chunk_3
pioneer-aco,pioneer-aco__var__mo1-align,contains,https://resdac.org/cms-data/variables/month-1-alignment-flag,data/raw/html/variable_page/ef6a022b26d4cdcf1543c27b799db5d90e8eeb50.html,,pioneer-aco__data-documentation__fbf03a23f2__chunk_1
pioneer-aco,pioneer-aco__var__mo2-align,contains,https://resdac.org/cms-data/variables/month-2-alignment-flag,data/raw/html/variable_page/4e12e872b046bca905aaf1ac9b69be1e4bd65510.html,,pioneer-aco__data-documentation__fbf03a23f2__chunk_2
pioneer-aco,pioneer-aco__var__mo3-align,contains,https://resdac.org/cms-data/variables/month-3-alignment-flag,data/raw/html/variable_page/d8f34f762c821ca5f72f3cf4e393686afa51e49e.html,,pioneer-aco__data-documentation__fbf03a23f2__chunk_2
pioneer-aco,pioneer-aco__var__mo4-align,contains,https://resdac.org/cms-data/variables/month-4-alignment-flag,data/raw/html/variable_page/46df3eea7d601f3a0e41b1d84e28fc8c3c003c10.html,,pioneer-aco__data-documentation__fbf03a23f2__chunk_2
pioneer-aco,pioneer-aco__var__mo5-align,contains,https://resdac.org/cms-data/variables/month-5-alignment-flag,data/raw/html/variable_page/29113dfc4e66ba83771467668a219892cc388c4f.html,,pioneer-aco__data-documentation__fbf03a23f2__chunk_2
pioneer-aco,pioneer-aco__var__mo6-align,contains,https://resdac.org/cms-data/variables/month-6-alignment-flag,data/raw/html/variable_page/71ac30b2fb6247ab4c620aa251be4c69e4688880.html,,pioneer-aco__data-documentation__fbf03a23f2__chunk_2
pioneer-aco,pioneer-aco__var__mo7-align,contains,https://resdac.org/cms-data/variables/month-7-alignment-flag,data/raw/html/variable_page/703066f96be61320a62f11c9b9e1c629d273838d.html,,pioneer-aco__data-documentation__fbf03a23f2__chunk_2
pioneer-aco,pioneer-aco__var__mo8-align,contains,https://resdac.org/cms-data/variables/month-8-alignment-flag,data/raw/html/variable_page/63cb9cef94c51412eed4cee99d7ba0a7b7a2193c.html,,pioneer-aco__data-documentation__fbf03a23f2__chunk_2
pioneer-aco,pioneer-aco__var__mo9-align,contains,https://resdac.org/cms-data/variables/month-9-alignment-flag,data/raw/html/variable_page/5497d96d161db3a392ef35ef2fda71f9393a445f.html,,pioneer-aco__data-documentation__fbf03a23f2__chunk_2
pioneer-aco,pioneer-aco__var__org-ccn,contains,https://resdac.org/cms-data/variables/cms-certification-number,data/raw/html/variable_page/ea8edca86e0f521a0c5f94d49f62b9c92dc36a7e.html,,pioneer-aco__data-documentation__fbf03a23f2__chunk_3
pioneer-aco,pioneer-aco__var__org-name,contains,https://resdac.org/cms-data/variables/name-tin,data/raw/html/variable_page/6b7037627162ca056e5df3da31330253a989ce0a.html,,pioneer-aco__data-documentation__fbf03a23f2__chunk_3
pioneer-aco,pioneer-aco__var__org-tin,contains,https://resdac.org/cms-data/variables/billing-tin-aco-participant,data/raw/html/variable_page/e27ca56fd819b8f1297b410b2966d3042d0a7952.html,,pioneer-aco__data-documentation__fbf03a23f2__chunk_3
pioneer-aco,pioneer-aco__var__pcp-flag,contains,https://resdac.org/cms-data/variables/primary-care-practitioner-indicator,data/raw/html/variable_page/bae6115748146dd21af6b4968fa250503c50297b.html,,pioneer-aco__data-documentation__fbf03a23f2__chunk_4
pioneer-aco,pioneer-aco__var__prvdr-aco-year,contains,https://resdac.org/cms-data/variables/year-provider-aco-source-record,data/raw/html/variable_page/395e43343f6a76d9834955f0fee7ffc3fd343831.html,,pioneer-aco__data-documentation__fbf03a23f2__chunk_3
pioneer-aco,pioneer-aco__var__sex-cd,contains,https://resdac.org/cms-data/variables/sex-1,data/raw/html/variable_page/2fa8249aacdc3cc0ffe33c49a8cf9af31635818b.html,,pioneer-aco__data-documentation__fbf03a23f2__chunk_1
plan-characteristics,plan-characteristics__var__below-benchmark,contains,https://www2.ccwdata.org/documents/10280/19022436/record-layout-plan-char.xlsx,data/raw/assets/xlsx/fb2d5917eb403209d1bb6382dce2e9ae79a43582.xlsx,2,plan-characteristics__record-layout-plan-char_xlsx__fb2d5917eb__s2__chunk_3
plan-characteristics,plan-characteristics__var__excluded-drugs,contains,https://www2.ccwdata.org/documents/10280/19022436/record-layout-plan-char.xlsx,data/raw/assets/xlsx/fb2d5917eb403209d1bb6382dce2e9ae79a43582.xlsx,1,plan-characteristics__record-layout-plan-char_xlsx__fb2d5917eb__s1__chunk_6
plan-characteristics,plan-characteristics__var__excluded-tier-gap,contains,https://www2.ccwdata.org/documents/10280/19022436/record-layout-plan-char.xlsx,data/raw/assets/xlsx/fb2d5917eb403209d1bb6382dce2e9ae79a43582.xlsx,3,plan-characteristics__record-layout-plan-char_xlsx__fb2d5917eb__s3__chunk_1
plan-characteristics,plan-characteristics__var__excluded-tier-pre-icl,contains,https://www2.ccwdata.org/documents/10280/19022436/record-layout-plan-char.xlsx,data/raw/assets/xlsx/fb2d5917eb403209d1bb6382dce2e9ae79a43582.xlsx,3,plan-characteristics__record-layout-plan-char_xlsx__fb2d5917eb__s3__chunk_1
plan-characteristics,plan-characteristics__var__free-first-fill,contains,https://www2.ccwdata.org/documents/10280/19022436/record-layout-plan-char.xlsx,data/raw/assets/xlsx/fb2d5917eb403209d1bb6382dce2e9ae79a43582.xlsx,1,plan-characteristics__record-layout-plan-char_xlsx__fb2d5917eb__s1__chunk_4
plan-characteristics,plan-characteristics__var__gap-drug-type-tier-01,contains,https://www2.ccwdata.org/documents/10280/19022436/codebook-ptd-plan-char-2007-2014.pdf,data/raw/assets/pdf/7bfed28cbc6d638a0319dd5eddbf46ee872d129f.pdf,92,plan-characteristics__codebook-ptd-plan-char-2007-2014_pdf__7bfed28cbc__p92__chunk_3
plan-characteristics,plan-characteristics__var__gap-inp-1m-coins-tier-01,contains,https://www2.ccwdata.org/documents/10280/19022436/codebook-ptd-plan-char-2007-2014.pdf,data/raw/assets/pdf/7bfed28cbc6d638a0319dd5eddbf46ee872d129f.pdf,128,plan-characteristics__codebook-ptd-plan-char-2007-2014_pdf__7bfed28cbc__p128__chunk_2
plan-characteristics,plan-characteristics__var__gap-inp-1m-copay-tier-01,contains,https://www2.ccwdata.org/documents/10280/19022436/codebook-ptd-plan-char-2007-2014.pdf,data/raw/assets/pdf/7bfed28cbc6d638a0319dd5eddbf46ee872d129f.pdf,133,plan-characteristics__codebook-ptd-plan-char-2007-2014_pdf__7bfed28cbc__p133__chunk_2
plan-characteristics,plan-characteristics__var__gap-partial-tier-01,contains,https://www2.ccwdata.org/documents/10280/19022436/codebook-ptd-plan-char-2007-2014.pdf,data/raw/assets/pdf/7bfed28cbc6d638a0319dd5eddbf46ee872d129f.pdf,194,plan-characteristics__codebook-ptd-plan-char-2007-2014_pdf__7bfed28cbc__p194__chunk_2
plan-characteristics,plan-characteristics__var__gap-partial-type-tier-01,contains,https://www2.ccwdata.org/documents/10280/19022436/codebook-ptd-plan-char-2007-2014.pdf,data/raw/assets/pdf/7bfed28cbc6d638a0319dd5eddbf46ee872d129f.pdf,218,plan-characteristics__codebook-ptd-plan-char-2007-2014_pdf__7bfed28cbc__p218__chunk_3
plan-characteristics,plan-characteristics__var__gap-tier,contains,https://www2.ccwdata.org/documents/10280/19022436/record-layout-plan-char.xlsx,data/raw/assets/xlsx/fb2d5917eb403209d1bb6382dce2e9ae79a43582.xlsx,3,plan-characteristics__record-layout-plan-char_xlsx__fb2d5917eb__s3__chunk_0
plan-characteristics,plan-characteristics__var__gap-tier-01,contains,https://www2.ccwdata.org/documents/10280/19022436/codebook-ptd-plan-char-2007-2014.pdf,data/raw/assets/pdf/7bfed28cbc6d638a0319dd5eddbf46ee872d129f.pdf,209,plan-characteristics__codebook-ptd-plan-char-2007-2014_pdf__7bfed28cbc__p209__chunk_1
plan-characteristics,plan-characteristics__var__gap-tier-partial,contains,https://www2.ccwdata.org/documents/10280/19022436/record-layout-plan-char.xlsx,data/raw/assets/xlsx/fb2d5917eb403209d1bb6382dce2e9ae79a43582.xlsx,3,plan-characteristics__record-layout-plan-char_xlsx__fb2d5917eb__s3__chunk_0
plan-characteristics,plan-characteristics__var__increased-icl,contains,https://www2.ccwdata.org/documents/10280/19022436/record-layout-plan-char.xlsx,data/raw/assets/xlsx/fb2d5917eb403209d1bb6382dce2e9ae79a43582.xlsx,1,plan-characteristics__record-layout-plan-char_xlsx__fb2d5917eb__s1__chunk_7
plan-characteristics,plan-characteristics__var__pre-icl-drug-type-tier-01,contains,https://www2.ccwdata.org/documents/10280/19022436/codebook-ptd-plan-char-2007-2014.pdf,data/raw/assets/pdf/7bfed28cbc6d638a0319dd5eddbf46ee872d129f.pdf,307,plan-characteristics__codebook-ptd-plan-char-2007-2014_pdf__7bfed28cbc__p307__chunk_3
plan-characteristics,plan-characteristics__var__pre-icl-inpp-1m-coins-tier-01,contains,https://www2.ccwdata.org/documents/10280/19022436/codebook-ptd-plan-char-2007-2014.pdf,data/raw/assets/pdf/7bfed28cbc6d638a0319dd5eddbf46ee872d129f.pdf,365,plan-characteristics__codebook-ptd-plan-char-2007-2014_pdf__7bfed28cbc__p365__chunk_2
plan-characteristics,plan-characteristics__var__pre-icl-inpp-1m-copay-tier-01,contains,https://www2.ccwdata.org/documents/10280/19022436/codebook-ptd-plan-char-2007-2014.pdf,data/raw/assets/pdf/7bfed28cbc6d638a0319dd5eddbf46ee872d129f.pdf,370,plan-characteristics__codebook-ptd-plan-char-2007-2014_pdf__7bfed28cbc__p370__chunk_2
plan-characteristics,plan-characteristics__var__pre-icl-inp-1m-coins-tier-01,contains,https://www2.ccwdata.org/documents/10280/19022436/codebook-ptd-plan-char-2007-2014.pdf,data/raw/assets/pdf/7bfed28cbc6d638a0319dd5eddbf46ee872d129f.pdf,355,plan-characteristics__codebook-ptd-plan-char-2007-2014_pdf__7bfed28cbc__p355__chunk_2
plan-characteristics,plan-characteristics__var__pre-icl-inp-1m-copay-tier-01,contains,https://www2.ccwdata.org/documents/10280/19022436/codebook-ptd-plan-char-2007-2014.pdf,data/raw/assets/pdf/7bfed28cbc6d638a0319dd5eddbf46ee872d129f.pdf,360,plan-characteristics__codebook-ptd-plan-char-2007-2014_pdf__7bfed28cbc__p360__chunk_2
plan-characteristics,plan-characteristics__var__ptcd-indicator,contains,https://www2.ccwdata.org/documents/10280/19022436/record-layout-plan-char.xlsx,data/raw/assets/xlsx/fb2d5917eb403209d1bb6382dce2e9ae79a43582.xlsx,1,plan-characteristics__record-layout-plan-char_xlsx__fb2d5917eb__s1__chunk_0
plan-characteristics,plan-characteristics__var__ptcd-indicator-15,contains,https://www2.ccwdata.org/documents/10280/19022436/record-layout-plan-char.xlsx,data/raw/assets/xlsx/fb2d5917eb403209d1bb6382dce2e9ae79a43582.xlsx,5,plan-characteristics__record-layout-plan-char_xlsx__fb2d5917eb__s5__chunk_0
plan-characteristics,plan-characteristics__var__ptcd-indicator-16,contains,https://www2.ccwdata.org/documents/10280/19022436/record-layout-plan-char.xlsx,data/raw/assets/xlsx/fb2d5917eb403209d1bb6382dce2e9ae79a43582.xlsx,5,plan-characteristics__record-layout-plan-char_xlsx__fb2d5917eb__s5__chunk_2
plan-characteristics,plan-characteristics__var__ptcd-indicator-17,contains,https://www2.ccwdata.org/documents/10280/19022436/record-layout-plan-char.xlsx,data/raw/assets/xlsx/fb2d5917eb403209d1bb6382dce2e9ae79a43582.xlsx,5,plan-characteristics__record-layout-plan-char_xlsx__fb2d5917eb__s5__chunk_3
plan-characteristics,plan-characteristics__var__ptcd-indicator-18,contains,https://www2.ccwdata.org/documents/10280/19022436/record-layout-plan-char.xlsx,data/raw/assets/xlsx/fb2d5917eb403209d1bb6382dce2e9ae79a43582.xlsx,5,plan-characteristics__record-layout-plan-char_xlsx__fb2d5917eb__s5__chunk_4
plan-characteristics,plan-characteristics__var__ptcd-indicator-19,contains,https://www2.ccwdata.org/documents/10280/19022436/record-layout-plan-char.xlsx,data/raw/assets/xlsx/fb2d5917eb403209d1bb6382dce2e9ae79a43582.xlsx,5,plan-characteristics__record-layout-plan-char_xlsx__fb2d5917eb__s5__chunk_5
plan-characteristics,plan-characteristics__var__ptcd-indicator-20,contains,https://www2.ccwdata.org/documents/10280/19022436/record-layout-plan-char.xlsx,data/raw/assets/xlsx/fb2d5917eb403209d1bb6382dce2e9ae79a43582.xlsx,5,plan-characteristics__record-layout-plan-char_xlsx__fb2d5917eb__s5__chunk_6
plan-characteristics,plan-characteristics__var__ptcd-indicator-21,contains,https://www2.ccwdata.org/documents/10280/19022436/record-layout-plan-char.xlsx,data/raw/assets/xlsx/fb2d5917eb403209d1bb6382dce2e9ae79a43582.xlsx,5,plan-characteristics__record-layout-plan-char_xlsx__fb2d5917eb__s5__chunk_7
plan-characteristics,plan-characteristics__var__ptcd-indicator-22,contains,https://www2.ccwdata.org/documents/10280/19022436/record-layout-plan-char.xlsx,data/raw/assets/xlsx/fb2d5917eb403209d1bb6382dce2e9ae79a43582.xlsx,5,plan-characteristics__record-layout-plan-char_xlsx__fb2d5917eb__s5__chunk_9
plan-characteristics,plan-characteristics__var__ptcd-indicator-23,contains,https://www2.ccwdata.org/documents/10280/19022436/record-layout-plan-char.xlsx,data/raw/assets/xlsx/fb2d5917eb403209d1bb6382dce2e9ae79a43582.xlsx,5,plan-characteristics__record-layout-plan-char_xlsx__fb2d5917eb__s5__chunk_10
plan-characteristics,plan-characteristics__var__ptcd-indicator-24,contains,https://www2.ccwdata.org/documents/10280/19022436/record-layout-plan-char.xlsx,data/raw/assets/xlsx/fb2d5917eb403209d1bb6382dce2e9ae79a43582.xlsx,5,plan-characteristics__record-layout-plan-char_xlsx__fb2d5917eb__s5__chunk_11
plan-characteristics,plan-characteristics__var__reduced-cost-share,contains,https://www2.ccwdata.org/documents/10280/19022436/record-layout-plan-char.xlsx,data/raw/assets/xlsx/fb2d5917eb403209d1bb6382dce2e9ae79a43582.xlsx,1,plan-characteristics__record-layout-plan-char_xlsx__fb2d5917eb__s1__chunk_6
plan-characteristics,plan-characteristics__var__reduced-ded,contains,https://www2.ccwdata.org/documents/10280/19022436/record-layout-plan-char.xlsx,data/raw/assets/xlsx/fb2d5917eb403209d1bb6382dce2e9ae79a43582.xlsx,1,plan-characteristics__record-layout-plan-char_xlsx__fb2d5917eb__s1__chunk_6
plan-characteristics,plan-characteristics__var__reduced-oopt-cs,contains,https://www2.ccwdata.org/documents/10280/19022436/record-layout-plan-char.xlsx,data/raw/assets/xlsx/fb2d5917eb403209d1bb6382dce2e9ae79a43582.xlsx,1,plan-characteristics__record-layout-plan-char_xlsx__fb2d5917eb__s1__chunk_7
plan-characteristics,plan-characteristics__var__reduced-preicl-cs,contains,https://www2.ccwdata.org/documents/10280/19022436/record-layout-plan-char.xlsx,data/raw/assets/xlsx/fb2d5917eb403209d1bb6382dce2e9ae79a43582.xlsx,1,plan-characteristics__record-layout-plan-char_xlsx__fb2d5917eb__s1__chunk_6
plan-characteristics,plan-characteristics__var__snp-percentage-type,contains,https://www2.ccwdata.org/documents/10280/19022436/record-layout-plan-char.xlsx,data/raw/assets/xlsx/fb2d5917eb403209d1bb6382dce2e9ae79a43582.xlsx,7,plan-characteristics__record-layout-plan-char_xlsx__fb2d5917eb__s7__chunk_3
plan-characteristics,plan-characteristics__var__specialty-tier,contains,https://www2.ccwdata.org/documents/10280/19022436/record-layout-plan-char.xlsx,data/raw/assets/xlsx/fb2d5917eb403209d1bb6382dce2e9ae79a43582.xlsx,3,plan-characteristics__record-layout-plan-char_xlsx__fb2d5917eb__s3__chunk_1
risk-score-mofs,risk-score-mofs__var__mof-dgns-input-cd,contains,https://www2.ccwdata.org/documents/10280/19002246/operational-payment-risk-score-user-guide.pdf,data/raw/assets/pdf/d8c366dd0abbcfd26c61b8c4fd0774178fc9ab1b.pdf,14,risk-score-mofs__operational-payment-risk-score-user-guide_pdf__d8c366dd0a__p14__chunk_2
snf-encounter,snf-encounter__var__admtg-dgns-cd,contains,https://resdac.org/cms-data/files/snf-encounter/data-documentation,data/raw/html/documentation_page/bc56024738729e306e5ee3f1b54282a875b74624.html,,snf-encounter__data-documentation__bc56024738__chunk_5
snf-encounter,snf-encounter__var__at-physn-npi,contains,https://resdac.org/cms-data/variables/claim-attending-physician-npi-number-encounter,data/raw/html/variable_page/ff5af2ff57119673876c88872488cf99080265b0.html,,snf-encounter__data-documentation__bc56024738__chunk_3
snf-encounter,snf-encounter__var__at-physn-txnmy-cd,contains,https://resdac.org/cms-data/variables/claim-attending-physician-taxonomy-code,data/raw/html/variable_page/cc7a2c5fe9283be603fb5cd07a4749cc514a2dd1.html,,snf-encounter__data-documentation__bc56024738__chunk_3
snf-encounter,snf-encounter__var__bene-cnty-cd,contains,https://resdac.org/cms-data/variables/beneficiary-county-code-claim-ssa,data/raw/html/variable_page/44de11a8d9f06b57c8a0127cde7e021a0fa7aa08.html,,snf-encounter__data-documentation__bc56024738__chunk_28
snf-encounter,snf-encounter__var__bene-dschrg-dt,contains,https://resdac.org/cms-data/variables/beneficiary-discharge-date,data/raw/html/variable_page/726ce9c4c18eb574b43c777e82bf75c7c255d737.html,,snf-encounter__data-documentation__bc56024738__chunk_5
snf-encounter,snf-encounter__var__bene-id,contains,https://resdac.org/cms-data/variables/encrypted-ccw-beneficiary-id,data/raw/html/variable_page/69950b21ed36af6e7ed6c908dc18142a50445d3c.html,,snf-encounter__data-documentation__bc56024738__chunk_0
snf-encounter,snf-encounter__var__bene-mdcr-stus-cd,contains,https://resdac.org/cms-data/variables/beneficiary-medicare-status-code,data/raw/html/variable_page/21d2b5d3e6d7751393cd3457c680b08af8465ddb.html,,snf-encounter__data-documentation__bc56024738__chunk_29
snf-encounter,snf-encounter__var__bene-mlg-cntct-zip-cd,contains,https://resdac.org/cms-data/variables/beneficiary-zip-code-residence-claim,data/raw/html/variable_page/6957fb9e482a19475aa81178e75d5b537d7099c7.html,,snf-encounter__data-documentation__bc56024738__chunk_29
snf-encounter,snf-encounter__var__bene-race-cd,contains,https://resdac.org/cms-data/variables/beneficiary-race-code-encounter,data/raw/html/variable_page/043138d3fd6f0b3516fcd85d8bc681353f7b5455.html,,snf-encounter__data-documentation__bc56024738__chunk_29
snf-encounter,snf-encounter__var__bene-state,contains,https://resdac.org/cms-data/variables/state-beneficiary-postal-abbreviation,data/raw/html/variable_page/70cba563652e93178f4850178edc27d43dc70329.html,,snf-encounter__data-documentation__bc56024738__chunk_29
snf-encounter,snf-encounter__var__bene-state-cd,contains,https://resdac.org/cms-data/variables/beneficiary-residence-ssa-state-code-encounter,data/raw/html/variable_page/38a30f2316181bda8cfcfc744274fe8d5bc2d6c2.html,,snf-encounter__data-documentation__bc56024738__chunk_28
snf-encounter,snf-encounter__var__clm-1st-dgns-e-cd,contains,https://resdac.org/cms-data/variables/first-claim-diagnosis-e-code-encounter,data/raw/html/variable_page/ffedbc4750da285115ff502f0af4f4f44d6bf7ac.html,,snf-encounter__data-documentation__bc56024738__chunk_17
snf-encounter,snf-encounter__var__clm-admsn-dt,contains,https://resdac.org/cms-data/variables/claim-admission-date-encounter,data/raw/html/variable_page/c1503b412787b399ac8a6dd90c554079d05ed1be.html,,snf-encounter__data-documentation__bc56024738__chunk_4
snf-encounter,snf-encounter__var__clm-bprvdr-adr-zip-cd,contains,https://resdac.org/cms-data/variables/billing-provider-zip-code,data/raw/html/variable_page/54a8dd3c94223a74c84b6b42f411bc480a102ff3.html,,snf-encounter__data-documentation__bc56024738__chunk_27
snf-encounter,snf-encounter__var__clm-bprvdr-city-name,contains,https://resdac.org/cms-data/variables/billing-provider-address-city,data/raw/html/variable_page/318c186010630165b59eccc8f0e54df7d2f05310.html,,snf-encounter__data-documentation__bc56024738__chunk_27
snf-encounter,snf-encounter__var__clm-bprvdr-usps-state-cd,contains,https://resdac.org/cms-data/variables/billing-provider-address-usps-state-code,data/raw/html/variable_page/93d11232aa6fa708fe3db3e5590d0362904cca7b.html,,snf-encounter__data-documentation__bc56024738__chunk_27
snf-encounter,snf-encounter__var__clm-chrt-rvw-sw,contains,https://resdac.org/cms-data/variables/claim-chart-review-switch,data/raw/html/variable_page/14d5996558216ec973e34c11872b747511f58362.html,,snf-encounter__data-documentation__bc56024738__chunk_0
snf-encounter,snf-encounter__var__clm-cntl-num,contains,https://resdac.org/cms-data/variables/claim-control-number,data/raw/html/variable_page/f308bdb2598ef08fe2bd1d74ff271da9cd40c698.html,,snf-encounter__data-documentation__bc56024738__chunk_0
snf-encounter,snf-encounter__var__clm-day-cnt,contains,https://resdac.org/cms-data/variables/day-count-length-stay,data/raw/html/variable_page/499115dbd4932df3bdae785a6144ed40ae26982f.html,,snf-encounter__data-documentation__bc56024738__chunk_4
snf-encounter,snf-encounter__var__clm-drg-cd,contains,https://resdac.org/cms-data/variables/claim-diagnosis-related-group-code-or-ms-drg-code,data/raw/html/variable_page/5e516b9a6adcb1172de9d631562beb43ab1acd7d.html,,snf-encounter__data-documentation__bc56024738__chunk_5
snf-encounter,snf-encounter__var__clm-e-poa-ind-sw1,contains,https://resdac.org/cms-data/variables/claim-diagnosis-e-code-1-diagnosis-present-admission-poa-indicator-code,data/raw/html/variable_page/8675d1c6ec7c7e9897f467e54d0fa63068438b5a.html,,snf-encounter__data-documentation__bc56024738__chunk_19
snf-encounter,snf-encounter__var__clm-e-poa-ind-sw10,contains,https://resdac.org/cms-data/variables/claim-diagnosis-e-code-10-diagnosis-present-admission-poa-indicator-code,data/raw/html/variable_page/da63f3f198b2b69cb6a09f5e6d514b85aa7006ec.html,,snf-encounter__data-documentation__bc56024738__chunk_22
snf-encounter,snf-encounter__var__clm-e-poa-ind-sw2,contains,https://resdac.org/cms-data/variables/claim-diagnosis-e-code-2-diagnosis-present-admission-poa-indicator-code,data/raw/html/variable_page/8b69d10e2dd9875f8da21a2e583db1bdb4e5fb79.html,,snf-encounter__data-documentation__bc56024738__chunk_20
snf-encounter,snf-encounter__var__clm-e-poa-ind-sw3,contains,https://resdac.org/cms-data/variables/claim-diagnosis-e-code-3-diagnosis-present-admission-poa-indicator-code,data/raw/html/variable_page/652a597f1e32fa7f30968d868740e5404f427716.html,,snf-encounter__data-documentation__bc56024738__chunk_20
snf-encounter,snf-encounter__var__clm-e-poa-ind-sw4,contains,https://resdac.org/cms-data/variables/claim-diagnosis-e-code-4-diagnosis-present-admission-poa-indicator-code,data/raw/html/variable_page/b7cac5b04c148cfcb355ee04ddc045f2f7b977c2.html,,snf-encounter__data-documentation__bc56024738__chunk_20
snf-encounter,snf-encounter__var__clm-e-poa-ind-sw5,contains,https://resdac.org/cms-data/variables/claim-diagnosis-e-code-5-diagnosis-present-admission-poa-indicator-code,data/raw/html/variable_page/45d0a1588edcc9fa072d4993029de0dd87a50787.html,,snf-encounter__data-documentation__bc56024738__chunk_21
snf-encounter,snf-encounter__var__clm-e-poa-ind-sw6,contains,https://resdac.org/cms-data/variables/claim-diagnosis-e-code-6-diagnosis-present-admission-poa-indicator-code,data/raw/html/variable_page/9e0541b228ce7dfeae4cacfdd29e5f7ff8d728d2.html,,snf-encounter__data-documentation__bc56024738__chunk_21
snf-encounter,snf-encounter__var__clm-e-poa-ind-sw7,contains,https://resdac.org/cms-data/variables/claim-diagnosis-e-code-7-diagnosis-present-admission-poa-indicator-code,data/raw/html/variable_page/0cb9adc14d658fb547aeff8f1d01dac935ba6132.html,,snf-encounter__data-documentation__bc56024738__chunk_21
snf-encounter,snf-encounter__var__clm-e-poa-ind-sw8,contains,https://resdac.org/cms-data/variables/claim-diagnosis-e-code-8-diagnosis-present-admission-poa-indicator-code,data/raw/html/variable_page/a9f1ee57fe3f7306ecabc4292bf13d3217aef878.html,,snf-encounter__data-documentation__bc56024738__chunk_22
snf-encounter,snf-encounter__var__clm-e-poa-ind-sw9,contains,https://resdac.org/cms-data/variables/claim-diagnosis-e-code-9-diagnosis-present-admission-poa-indicator-code,data/raw/html/variable_page/987eda9d8e8327601b310fdd750c8426d6a0640f.html,,snf-encounter__data-documentation__bc56024738__chunk_22
snf-encounter,snf-encounter__var__clm-fac-type-cd,contains,https://resdac.org/cms-data/variables/claim-facility-type-code-encounter,data/raw/html/variable_page/390d7e03582218dd8e385a88880efb2c14a6065f.html,,snf-encounter__data-documentation__bc56024738__chunk_1
snf-encounter,snf-encounter__var__clm-finl-actn-ind,contains,https://resdac.org/cms-data/variables/claim-final-action-indicator,data/raw/html/variable_page/6ab3783d59a53b6434943d6ef2da7fdab1343dc6.html,,snf-encounter__data-documentation__bc56024738__chunk_1
snf-encounter,snf-encounter__var__clm-freq-cd,contains,https://resdac.org/cms-data/variables/claim-frequency-code-encounter,data/raw/html/variable_page/0d96785393c5b7175d15abacdde66155c1cc239f.html,,snf-encounter__data-documentation__bc56024738__chunk_2
snf-encounter,snf-encounter__var__clm-from-dt,contains,https://resdac.org/cms-data/variables/claim-date-encounter,data/raw/html/variable_page/0f70571fde4f787a36aee27f5c2031deb0fd5fc0.html,,snf-encounter__data-documentation__bc56024738__chunk_0
snf-encounter,snf-encounter__var__clm-ip-admsn-type-cd,contains,https://resdac.org/cms-data/variables/claim-inpatient-admission-type-code-encounter,data/raw/html/variable_page/a94f0f097a4f0378ab7d935663469dbc10c689ce.html,,snf-encounter__data-documentation__bc56024738__chunk_4
snf-encounter,snf-encounter__var__clm-ltst-clm-ind,contains,https://resdac.org/cms-data/variables/latest-claim-indicator,data/raw/html/variable_page/dab1079f4224a0f688808fc093c369b531df9cda.html,,snf-encounter__data-documentation__bc56024738__chunk_1
snf-encounter,snf-encounter__var__clm-mdcl-rec,contains,https://resdac.org/cms-data/variables/claim-medical-record-number-encounter,data/raw/html/variable_page/7db239102932bff1699b4cde56febf7197325f36.html,,snf-encounter__data-documentation__bc56024738__chunk_2
snf-encounter,snf-encounter__var__clm-obslt-dt,contains,https://resdac.org/cms-data/variables/claim-obsolete-date,data/raw/html/variable_page/138d8c8cf7c3fc7fa9c7ffc5c74a54b84ba1e33d.html,,snf-encounter__data-documentation__bc56024738__chunk_27
snf-encounter,snf-encounter__var__clm-orig-cntl-num,contains,https://resdac.org/cms-data/variables/claim-original-control-number,data/raw/html/variable_page/a7cf55cad61dc4dda13b1c619cf95abbe5752bdf.html,,snf-encounter__data-documentation__bc56024738__chunk_1
snf-encounter,snf-encounter__var__clm-poa-ind-sw1,contains,https://resdac.org/cms-data/variables/claim-diagnosis-code-1-diagnosis-present-admission-poa-indicator-code-encounter,data/raw/html/variable_page/cb765f57e76595a5c4397e9c7d4b68f6ed10ec21.html,,snf-encounter__data-documentation__bc56024738__chunk_10
snf-encounter,snf-encounter__var__clm-poa-ind-sw10,contains,https://resdac.org/cms-data/variables/claim-diagnosis-code-10-diagnosis-present-admission-poa-indicator-code-encounter,data/raw/html/variable_page/f848ae370b80fd4e9643004172ede83acf7001d4.html,,snf-encounter__data-documentation__bc56024738__chunk_13
snf-encounter,snf-encounter__var__clm-poa-ind-sw11,contains,https://resdac.org/cms-data/variables/claim-diagnosis-code-11-diagnosis-present-admission-poa-indicator-code-encounter,data/raw/html/variable_page/68358767eb4a81f7cccd84b6b32f2cc519c87aaa.html,,snf-encounter__data-documentation__bc56024738__chunk_13
snf-encounter,snf-encounter__var__clm-poa-ind-sw12,contains,https://resdac.org/cms-data/variables/claim-diagnosis-code-12-diagnosis-present-admission-poa-indicator-code-encounter,data/raw/html/variable_page/f3282d5057754e5cdf3d99c0e9141c8478132084.html,,snf-encounter__data-documentation__bc56024738__chunk_13
snf-encounter,snf-encounter__var__clm-poa-ind-sw13,contains,https://resdac.org/cms-data/variables/claim-diagnosis-code-13-diagnosis-present-admission-poa-indicator-code-encounter,data/raw/html/variable_page/eead7ecd399266ae68985eeb355a065a66445873.html,,snf-encounter__data-documentation__bc56024738__chunk_13
snf-encounter,snf-encounter__var__clm-poa-ind-sw14,contains,https://resdac.org/cms-data/variables/claim-diagnosis-code-14-diagnosis-present-admission-poa-indicator-code-encounter,data/raw/html/variable_page/3ac36672ad591212bdc1424a5e945437b8529009.html,,snf-encounter__data-documentation__bc56024738__chunk_14
snf-encounter,snf-encounter__var__clm-poa-ind-sw15,contains,https://resdac.org/cms-data/variables/claim-diagnosis-code-15-diagnosis-present-admission-poa-indicator-code-encounter,data/raw/html/variable_page/e00b6226f2df1ea35bf6cacef552481bd9be02b0.html,,snf-encounter__data-documentation__bc56024738__chunk_14
snf-encounter,snf-encounter__var__clm-poa-ind-sw16,contains,https://resdac.org/cms-data/variables/claim-diagnosis-code-16-diagnosis-present-admission-poa-indicator-code-encounter,data/raw/html/variable_page/be959b7163a04a89d268b2f1f222b484cda15fcd.html,,snf-encounter__data-documentation__bc56024738__chunk_14
snf-encounter,snf-encounter__var__clm-poa-ind-sw17,contains,https://resdac.org/cms-data/variables/claim-diagnosis-code-17-diagnosis-present-admission-poa-indicator-code-encounter,data/raw/html/variable_page/2e1a347b12f3da208c9e93b73f095406fe32d126.html,,snf-encounter__data-documentation__bc56024738__chunk_15
snf-encounter,snf-encounter__var__clm-poa-ind-sw18,contains,https://resdac.org/cms-data/variables/claim-diagnosis-code-18-diagnosis-present-admission-poa-indicator-code-encounter,data/raw/html/variable_page/da7eec166195dfd9500febc33c56023f60d851d4.html,,snf-encounter__data-documentation__bc56024738__chunk_15
snf-encounter,snf-encounter__var__clm-poa-ind-sw19,contains,https://resdac.org/cms-data/variables/claim-diagnosis-code-19-diagnosis-present-admission-poa-indicator-code-encounter,data/raw/html/variable_page/7b656240057176d64655b687244c9cf1c4e72152.html,,snf-encounter__data-documentation__bc56024738__chunk_15
snf-encounter,snf-encounter__var__clm-poa-ind-sw2,contains,https://resdac.org/cms-data/variables/claim-diagnosis-code-2-diagnosis-present-admission-poa-indicator-code-encounter,data/raw/html/variable_page/abafa6b83aef5a202be883e7371bd7478ccab0ed.html,,snf-encounter__data-documentation__bc56024738__chunk_10
snf-encounter,snf-encounter__var__clm-poa-ind-sw20,contains,https://resdac.org/cms-data/variables/claim-diagnosis-code-20-diagnosis-present-admission-poa-indicator-code-encounter,data/raw/html/variable_page/942d40f3b8162edbb98c9fb81e6192467871e378.html,,snf-encounter__data-documentation__bc56024738__chunk_16
snf-encounter,snf-encounter__var__clm-poa-ind-sw21,contains,https://resdac.org/cms-data/variables/claim-diagnosis-code-21-diagnosis-present-admission-poa-indicator-code-encounter,data/raw/html/variable_page/4b90351e9fb38c63bbfee07f339e23fa9dc3b664.html,,snf-encounter__data-documentation__bc56024738__chunk_16
snf-encounter,snf-encounter__var__clm-poa-ind-sw22,contains,https://resdac.org/cms-data/variables/claim-diagnosis-code-22-diagnosis-present-admission-poa-indicator-code-encounter,data/raw/html/variable_page/d5634296cfa729c6105edf0591b8b78c89fd140d.html,,snf-encounter__data-documentation__bc56024738__chunk_16
snf-encounter,snf-encounter__var__clm-poa-ind-sw23,contains,https://resdac.org/cms-data/variables/claim-diagnosis-code-23-diagnosis-present-admission-poa-indicator-code-encounter,data/raw/html/variable_page/f6a94a8e3dbce90bf5baec6dc113d605732b2522.html,,snf-encounter__data-documentation__bc56024738__chunk_17
snf-encounter,snf-encounter__var__clm-poa-ind-sw24,contains,https://resdac.org/cms-data/variables/claim-diagnosis-code-24-diagnosis-present-admission-poa-indicator-code-encounter,data/raw/html/variable_page/33a48ab2000004f928a96c61ff0e506d9b006e86.html,,snf-encounter__data-documentation__bc56024738__chunk_17
snf-encounter,snf-encounter__var__clm-poa-ind-sw25,contains,https://resdac.org/cms-data/variables/claim-diagnosis-code-25-diagnosis-present-admission-poa-indicator-code-encounter,data/raw/html/variable_page/14b17c824a59f5ecfdf5f3cba814c411de0f33cd.html,,snf-encounter__data-documentation__bc56024738__chunk_17
snf-encounter,snf-encounter__var__clm-poa-ind-sw3,contains,https://resdac.org/cms-data/files/snf-encounter/data-documentation,data/raw/html/documentation_page/bc56024738729e306e5ee3f1b54282a875b74624.html,,snf-encounter__data-documentation__bc56024738__chunk_10
snf-encounter,snf-encounter__var__clm-poa-ind-sw4,contains,https://resdac.org/cms-data/variables/claim-diagnosis-code-4-diagnosis-present-admission-poa-indicator-code-encounter,data/raw/html/variable_page/f394b66606f3fadb491c08f0f8aecd4441dd37db.html,,snf-encounter__data-documentation__bc56024738__chunk_11
snf-encounter,snf-encounter__var__clm-poa-ind-sw5,contains,https://resdac.org/cms-data/variables/claim-diagnosis-code-5-diagnosis-present-admission-poa-indicator-code-encounter,data/raw/html/variable_page/8811cb6473dbd9432a4e66c00bae42e86b3ff9d1.html,,snf-encounter__data-documentation__bc56024738__chunk_11
snf-encounter,snf-encounter__var__clm-poa-ind-sw6,contains,https://resdac.org/cms-data/variables/claim-diagnosis-code-6-diagnosis-present-admission-poa-indicator-code-encounter,data/raw/html/variable_page/a27f2175d3b7dc7aff001fd5288e97023d242036.html,,snf-encounter__data-documentation__bc56024738__chunk_11
snf-encounter,snf-encounter__var__clm-poa-ind-sw7,contains,https://resdac.org/cms-data/variables/claim-diagnosis-code-7-diagnosis-present-admission-poa-indicator-code-encounter,data/raw/html/variable_page/03d1afeedb4a75500aec493501aea019e9cbeb41.html,,snf-encounter__data-documentation__bc56024738__chunk_12
snf-encounter,snf-encounter__var__clm-poa-ind-sw8,contains,https://resdac.org/cms-data/variables/claim-diagnosis-code-8-diagnosis-present-admission-poa-indicator-code-encounter,data/raw/html/variable_page/d09ca63e2bc73e810b68791d0eb6b2cfd501fb82.html,,snf-encounter__data-documentation__bc56024738__chunk_12
snf-encounter,snf-encounter__var__clm-poa-ind-sw9,contains,https://resdac.org/cms-data/variables/claim-diagnosis-code-9-diagnosis-present-admission-poa-indicator-code-encounter,data/raw/html/variable_page/8f279a88209cc1441efc9d20f9cedff9fc3b72e4.html,,snf-encounter__data-documentation__bc56024738__chunk_12
snf-encounter,snf-encounter__var__clm-rcpt-dt,contains,https://resdac.org/cms-data/variables/claim-receipt-date,data/raw/html/variable_page/76a830a2702145d7315961a838250e604646a1fe.html,,snf-encounter__data-documentation__bc56024738__chunk_1
snf-encounter,snf-encounter__var__clm-src-ip-admsn-cd,contains,https://resdac.org/cms-data/variables/claim-source-inpatient-admission-code-encounter,data/raw/html/variable_page/f07376336062655f8a145211032dc40e3f4ab55f.html,,snf-encounter__data-documentation__bc56024738__chunk_4
snf-encounter,snf-encounter__var__clm-srvc-clsfctn-type-cd,contains,https://resdac.org/cms-data/variables/claim-service-classification-type-code-encounter,data/raw/html/variable_page/528f23ec1644c50a17ab13e4a899302f2ad55b3e.html,,snf-encounter__data-documentation__bc56024738__chunk_2
snf-encounter,snf-encounter__var__clm-subscr-adr-zip-cd,contains,https://resdac.org/cms-data/variables/medicare-subscriber-address-zip-code,data/raw/html/variable_page/d2293f0ad20838799899f246b927e0b71005a802.html,,snf-encounter__data-documentation__bc56024738__chunk_28
snf-encounter,snf-encounter__var__clm-subscr-city-name,contains,https://resdac.org/cms-data/variables/medicare-subscriber-address-city,data/raw/html/variable_page/5dbc0e5f5a8e4dba3086a8283b3a33ad0b8cd78f.html,,snf-encounter__data-documentation__bc56024738__chunk_28
snf-encounter,snf-encounter__var__clm-subscr-usps-state-cd,contains,https://resdac.org/cms-data/variables/medicare-subscriber-address-usps-state-code,data/raw/html/variable_page/594ae4af4cdaa28322f2124ad9ec66487a697321.html,,snf-encounter__data-documentation__bc56024738__chunk_28
snf-encounter,snf-encounter__var__clm-thru-dt,contains,https://resdac.org/cms-data/variables/service-month,data/raw/html/variable_page/30f9e17155cdb5b9ea1b3e40ef272f4d202ef6c0.html,,snf-encounter__data-documentation__bc56024738__chunk_0
snf-encounter,snf-encounter__var__clm-type-cd,contains,https://resdac.org/cms-data/variables/claim-type-code,data/raw/html/variable_page/5144fe4cf2f59dbc72755b334e64e75424e33bb1.html,,snf-encounter__data-documentation__bc56024738__chunk_0
snf-encounter,snf-encounter__var__cntrct-num,contains,https://resdac.org/cms-data/variables/medicare-part-c-contract-number,data/raw/html/variable_page/07516c9f250ef4bcf3388b87a800bae658ec0b46.html,,snf-encounter__data-documentation__bc56024738__chunk_2
snf-encounter,snf-encounter__var__cntrct-pbp-num,contains,https://resdac.org/cms-data/variables/medicare-part-c-plan-benefit-package-pbp-number,data/raw/html/variable_page/e2531a72cffa384d042d354e5946329ce54b25c5.html,,snf-encounter__data-documentation__bc56024738__chunk_2
snf-encounter,snf-encounter__var__dob-dt,contains,https://resdac.org/cms-data/variables/date-birth-encounter,data/raw/html/variable_page/771feda477f67cc2e58e879bf2bbb987da952e1b.html,,snf-encounter__data-documentation__bc56024738__chunk_29
snf-encounter,snf-encounter__var__drvd-drg-cd,contains,https://resdac.org/cms-data/variables/derived-ms-diagnosis-related-group-code-ms-drg,data/raw/html/variable_page/6bfe526adfafd6ddecef1c25800c208ee58b0d04.html,,snf-encounter__data-documentation__bc56024738__chunk_5
snf-encounter,snf-encounter__var__edps-create-dt,contains,https://resdac.org/cms-data/variables/encounter-data-processing-system-edps-create-date,data/raw/html/variable_page/e256cb7eaba5b0cbdee8d303d79e9dc2e03c1bf4.html,,snf-encounter__data-documentation__bc56024738__chunk_1
snf-encounter,snf-encounter__var__enc-join-key,contains,https://resdac.org/cms-data/variables/unique-encounter-join-key,data/raw/html/variable_page/cd84d123e6d3599b990f20802f675e1209032c5d.html,,snf-encounter__data-documentation__bc56024738__chunk_0
snf-encounter,snf-encounter__var__icd-dgns-cd1,contains,https://resdac.org/cms-data/variables/claim-principal-diagnosis-code-encounter,data/raw/html/variable_page/653873440edef305a8cd0251a0d6a90189707b8c.html,,snf-encounter__data-documentation__bc56024738__chunk_6
snf-encounter,snf-encounter__var__icd-dgns-cd10,contains,https://resdac.org/cms-data/variables/claim-diagnosis-code-10-encounter,data/raw/html/variable_page/37662bf2769b190eb191c5d10e04d5e5845da6b4.html,,snf-encounter__data-documentation__bc56024738__chunk_7
snf-encounter,snf-encounter__var__icd-dgns-cd11,contains,https://resdac.org/cms-data/variables/claim-diagnosis-code-11-encounter,data/raw/html/variable_page/a4bbe6f8ce78b4176cce808d26c5d31b5d088a93.html,,snf-encounter__data-documentation__bc56024738__chunk_7
snf-encounter,snf-encounter__var__icd-dgns-cd12,contains,https://resdac.org/cms-data/variables/claim-diagnosis-code-12-encounter,data/raw/html/variable_page/6cae6fc64194078f8a26a8cbd1bb811657d79c65.html,,snf-encounter__data-documentation__bc56024738__chunk_7
snf-encounter,snf-encounter__var__icd-dgns-cd13,contains,https://resdac.org/cms-data/variables/claim-diagnosis-code-13-encounter,data/raw/html/variable_page/602735ebf769cb890b48ac0adc63564c2fe424e2.html,,snf-encounter__data-documentation__bc56024738__chunk_8
snf-encounter,snf-encounter__var__icd-dgns-cd14,contains,https://resdac.org/cms-data/variables/claim-diagnosis-code-14-encounter,data/raw/html/variable_page/d8c59f7e13482a56ea8679babb5aafa56e980ea5.html,,snf-encounter__data-documentation__bc56024738__chunk_8
snf-encounter,snf-encounter__var__icd-dgns-cd15,contains,https://resdac.org/cms-data/variables/claim-diagnosis-code-15-encounter,data/raw/html/variable_page/24ca35aa2865650796fcac6d84d9eb142df05b7d.html,,snf-encounter__data-documentation__bc56024738__chunk_8
snf-encounter,snf-encounter__var__icd-dgns-cd16,contains,https://resdac.org/cms-data/variables/claim-diagnosis-code-16-encounter,data/raw/html/variable_page/f7895477349da3ab05179bbe86ce5be03ec1142a.html,,snf-encounter__data-documentation__bc56024738__chunk_8
snf-encounter,snf-encounter__var__icd-dgns-cd17,contains,https://resdac.org/cms-data/variables/claim-diagnosis-code-17-encounter,data/raw/html/variable_page/9d42858d547ef306fc96bf8655abff46f910a2d4.html,,snf-encounter__data-documentation__bc56024738__chunk_8
snf-encounter,snf-encounter__var__icd-dgns-cd18,contains,https://resdac.org/cms-data/variables/claim-diagnosis-code-18-encounter,data/raw/html/variable_page/926a86687b22f4ddc41a2ee61461a59f9141f0f7.html,,snf-encounter__data-documentation__bc56024738__chunk_8
snf-encounter,snf-encounter__var__icd-dgns-cd19,contains,https://resdac.org/cms-data/variables/claim-diagnosis-code-19-encounter,data/raw/html/variable_page/3c8af6ec28a3dc21a7488eeb4075bd7710977681.html,,snf-encounter__data-documentation__bc56024738__chunk_9
snf-encounter,snf-encounter__var__icd-dgns-cd2,contains,https://resdac.org/cms-data/variables/claim-diagnosis-code-2-encounter,data/raw/html/variable_page/b86cc45e1d33ac76c2b80b8f5d8c3924c4f64fdb.html,,snf-encounter__data-documentation__bc56024738__chunk_6
snf-encounter,snf-encounter__var__icd-dgns-cd20,contains,https://resdac.org/cms-data/variables/claim-diagnosis-code-20-encounter,data/raw/html/variable_page/59ad3a3563d5c684377dd8ff5e5b315f356ad226.html,,snf-encounter__data-documentation__bc56024738__chunk_9
snf-encounter,snf-encounter__var__icd-dgns-cd21,contains,https://resdac.org/cms-data/variables/claim-diagnosis-code-21-encounter,data/raw/html/variable_page/ce015b707ab3a600db526870f03482613528500a.html,,snf-encounter__data-documentation__bc56024738__chunk_9
snf-encounter,snf-encounter__var__icd-dgns-cd22,contains,https://resdac.org/cms-data/variables/claim-diagnosis-code-22-encounter,data/raw/html/variable_page/5b39f41a91392c378790df27a3598dfdd21b50ff.html,,snf-encounter__data-documentation__bc56024738__chunk_9
snf-encounter,snf-encounter__var__icd-dgns-cd23,contains,https://resdac.org/cms-data/variables/claim-diagnosis-code-23-encounter,data/raw/html/variable_page/19a20eef589436f676f45efb9eef50faf08b0432.html,,snf-encounter__data-documentation__bc56024738__chunk_9
snf-encounter,snf-encounter__var__icd-dgns-cd24,contains,https://resdac.org/cms-data/variables/claim-diagnosis-code-24-encounter,data/raw/html/variable_page/d372e8318cac6459c4ab9ae80f9874c850fab7ff.html,,snf-encounter__data-documentation__bc56024738__chunk_9
snf-encounter,snf-encounter__var__icd-dgns-cd25,contains,https://resdac.org/cms-data/variables/claim-diagnosis-code-25-encounter,data/raw/html/variable_page/604cfa27f67063f710cc23f1982768294d37c4dd.html,,snf-encounter__data-documentation__bc56024738__chunk_10
snf-encounter,snf-encounter__var__icd-dgns-cd3,contains,https://resdac.org/cms-data/variables/claim-diagnosis-code-3-encounter,data/raw/html/variable_page/ec0761a5a5f70c00ef4b957b6cdd270118548943.html,,snf-encounter__data-documentation__bc56024738__chunk_6
snf-encounter,snf-encounter__var__icd-dgns-cd4,contains,https://resdac.org/cms-data/variables/claim-diagnosis-code-4-encounter-0,data/raw/html/variable_page/7b463072be45207475dfc0120c61517d5f123fc5.html,,snf-encounter__data-documentation__bc56024738__chunk_6
snf-encounter,snf-encounter__var__icd-dgns-cd5,contains,https://resdac.org/cms-data/variables/claim-diagnosis-code-5-encounter,data/raw/html/variable_page/f8c08424db135bc48e79820742fc48dfd0c48174.html,,snf-encounter__data-documentation__bc56024738__chunk_6
snf-encounter,snf-encounter__var__icd-dgns-cd6,contains,https://resdac.org/cms-data/variables/claim-diagnosis-code-6-encounter,data/raw/html/variable_page/8764bb474f1088dd04dfa6a62d895d2408d3b815.html,,snf-encounter__data-documentation__bc56024738__chunk_6
snf-encounter,snf-encounter__var__icd-dgns-cd7,contains,https://resdac.org/cms-data/variables/claim-diagnosis-code-7-encounter,data/raw/html/variable_page/c3ac64b42d85e3f62b929abff1e3b88ad90289c9.html,,snf-encounter__data-documentation__bc56024738__chunk_7
snf-encounter,snf-encounter__var__icd-dgns-cd8,contains,https://resdac.org/cms-data/variables/claim-diagnosis-code-8-encounter,data/raw/html/variable_page/d6f20d6e629272212aabad99bc12ec057c0dff86.html,,snf-encounter__data-documentation__bc56024738__chunk_7
snf-encounter,snf-encounter__var__icd-dgns-cd9,contains,https://resdac.org/cms-data/variables/claim-diagnosis-code-9-encounter,data/raw/html/variable_page/bd5e21765139a2831c0647cde43230904dae2a40.html,,snf-encounter__data-documentation__bc56024738__chunk_7
snf-encounter,snf-encounter__var__icd-dgns-e-cd1,contains,https://resdac.org/cms-data/variables/claim-diagnosis-e-code-1-encounter,data/raw/html/variable_page/869910e92416feac84653533b5016530bb4c96bb.html,,snf-encounter__data-documentation__bc56024738__chunk_18
snf-encounter,snf-encounter__var__icd-dgns-e-cd10,contains,https://resdac.org/cms-data/variables/claim-diagnosis-e-code-10-encounter,data/raw/html/variable_page/d81ef289f77bcc21fb2d4f1746b478ab23117a8d.html,,snf-encounter__data-documentation__bc56024738__chunk_19
snf-encounter,snf-encounter__var__icd-dgns-e-cd2,contains,https://resdac.org/cms-data/variables/claim-diagnosis-e-code-2-encounter,data/raw/html/variable_page/c17c0930cdd00a85fd158de37c2114600d1b01fc.html,,snf-encounter__data-documentation__bc56024738__chunk_18
snf-encounter,snf-encounter__var__icd-dgns-e-cd3,contains,https://resdac.org/cms-data/variables/claim-diagnosis-e-code-3-encounter,data/raw/html/variable_page/a4225f6077a1217862f627d805dfcc38c4c57ccc.html,,snf-encounter__data-documentation__bc56024738__chunk_18
snf-encounter,snf-encounter__var__icd-dgns-e-cd4,contains,https://resdac.org/cms-data/variables/claim-diagnosis-e-code-4-encounter,data/raw/html/variable_page/0fd1e9c6f2f0f35c5395bdf88347304d953f770a.html,,snf-encounter__data-documentation__bc56024738__chunk_18
snf-encounter,snf-encounter__var__icd-dgns-e-cd5,contains,https://resdac.org/cms-data/variables/claim-diagnosis-e-code-5-encounter,data/raw/html/variable_page/8e350ffc194830a9932eda579ceb9b6a32ba246e.html,,snf-encounter__data-documentation__bc56024738__chunk_18
snf-encounter,snf-encounter__var__icd-dgns-e-cd6,contains,https://resdac.org/cms-data/variables/claim-diagnosis-e-code-6-encounter,data/raw/html/variable_page/b9d4b8aed802ee8d6ad8d032d230469e29a2348b.html,,snf-encounter__data-documentation__bc56024738__chunk_18
snf-encounter,snf-encounter__var__icd-dgns-e-cd7,contains,https://resdac.org/cms-data/variables/claim-diagnosis-e-code-7-encounter,data/raw/html/variable_page/acd13a477b6ad87932a548f4994b8e72d465655a.html,,snf-encounter__data-documentation__bc56024738__chunk_19
snf-encounter,snf-encounter__var__icd-dgns-e-cd8,contains,https://resdac.org/cms-data/variables/claim-diagnosis-e-code-8-encounter,data/raw/html/variable_page/b359605d28203aee8bff12b77da16a49ca9e4803.html,,snf-encounter__data-documentation__bc56024738__chunk_19
snf-encounter,snf-encounter__var__icd-dgns-e-cd9,contains,https://resdac.org/cms-data/variables/claim-diagnosis-e-code-9-encounter,data/raw/html/variable_page/075c7d7e644779a2690884e157e5886f62c9e78c.html,,snf-encounter__data-documentation__bc56024738__chunk_19
snf-encounter,snf-encounter__var__icd-prcdr-cd1,contains,https://resdac.org/cms-data/variables/claim-procedure-code-9-date-encounter,data/raw/html/variable_page/14ff684212fdf392f811aaa0e1ce344e7ca33613.html,,snf-encounter__data-documentation__bc56024738__chunk_22
snf-encounter,snf-encounter__var__icd-prcdr-cd10,contains,https://resdac.org/cms-data/variables/claim-procedure-code-10-encounter,data/raw/html/variable_page/988d3ff77a06ae7d1cb22746769d796c9ba31465.html,,snf-encounter__data-documentation__bc56024738__chunk_24
snf-encounter,snf-encounter__var__icd-prcdr-cd11,contains,https://resdac.org/cms-data/variables/claim-procedure-code-11-encounter,data/raw/html/variable_page/0b5a872cf3c204544564ca55b8ccdbbdb8c03019.html,,snf-encounter__data-documentation__bc56024738__chunk_24
snf-encounter,snf-encounter__var__icd-prcdr-cd12,contains,https://resdac.org/cms-data/variables/claim-procedure-code-12-encounter,data/raw/html/variable_page/c740e8946aa24be881f4ccfc816f316a4d6bc396.html,,snf-encounter__data-documentation__bc56024738__chunk_24
snf-encounter,snf-encounter__var__icd-prcdr-cd13,contains,https://resdac.org/cms-data/files/snf-encounter/data-documentation,data/raw/html/documentation_page/bc56024738729e306e5ee3f1b54282a875b74624.html,,snf-encounter__data-documentation__bc56024738__chunk_24
snf-encounter,snf-encounter__var__icd-prcdr-cd2,contains,https://resdac.org/cms-data/variables/claim-procedure-code-2-encounter,data/raw/html/variable_page/996558ec61de86068731391f9635c60f95cacfc3.html,,snf-encounter__data-documentation__bc56024738__chunk_23
snf-encounter,snf-encounter__var__icd-prcdr-cd3,contains,https://resdac.org/cms-data/variables/claim-procedure-code-3-encounter,data/raw/html/variable_page/fb162267c380302a057889bc7fa885a6617138ea.html,,snf-encounter__data-documentation__bc56024738__chunk_23
snf-encounter,snf-encounter__var__icd-prcdr-cd4,contains,https://resdac.org/cms-data/variables/claim-procedure-code-4-encounter,data/raw/html/variable_page/a76e260487b4770c8e3f0ba4b5be351d2f91367c.html,,snf-encounter__data-documentation__bc56024738__chunk_23
snf-encounter,snf-encounter__var__icd-prcdr-cd5,contains,https://resdac.org/cms-data/variables/claim-procedure-code-5-encounter,data/raw/html/variable_page/09f0d43c8f9df1a62c8c2b0bc0ac3c1ccdb208c4.html,,snf-encounter__data-documentation__bc56024738__chunk_23
snf-encounter,snf-encounter__var__icd-prcdr-cd6,contains,https://resdac.org/cms-data/variables/claim-procedure-code-6-encounter,data/raw/html/variable_page/047c41b590afd2197c16f1a576f080bef000951b.html,,snf-encounter__data-documentation__bc56024738__chunk_23
snf-encounter,snf-encounter__var__icd-prcdr-cd7,contains,https://resdac.org/cms-data/variables/claim-procedure-code-7-encounter,data/raw/html/variable_page/16a8f5136fea02743eeafc754eb31aab4eef334c.html,,snf-encounter__data-documentation__bc56024738__chunk_23
snf-encounter,snf-encounter__var__icd-prcdr-cd8,contains,https://resdac.org/cms-data/variables/claim-procedure-code-8-encounter,data/raw/html/variable_page/7ce18c509f403ef83558d742bf15258f28f76131.html,,snf-encounter__data-documentation__bc56024738__chunk_24
snf-encounter,snf-encounter__var__icd-prcdr-cd9,contains,https://resdac.org/cms-data/variables/claim-procedure-code-9-encounter,data/raw/html/variable_page/a87a3c1354d588e9e440bfb7f741bbcdce3592b0.html,,snf-encounter__data-documentation__bc56024738__chunk_24
snf-encounter,snf-encounter__var__op-physn-npi,contains,https://resdac.org/cms-data/variables/claim-operating-physician-npi-number-encounter,data/raw/html/variable_page/16572a53465444528b656cf1fd3c71ef25a4b3c5.html,,snf-encounter__data-documentation__bc56024738__chunk_3
snf-encounter,snf-encounter__var__org-npi,contains,https://resdac.org/cms-data/variables/organization-npi-number-encounter,data/raw/html/variable_page/9c456125d808cf0695d104e7ac1c51683d929ed5.html,,snf-encounter__data-documentation__bc56024738__chunk_2
snf-encounter,snf-encounter__var__org-txnmy-cd,contains,https://resdac.org/cms-data/variables/organization-taxonomy-code,data/raw/html/variable_page/2551fcbfe39553af1e1212aa2d09657b856d4c85.html,,snf-encounter__data-documentation__bc56024738__chunk_3
snf-encounter,snf-encounter__var__ot-physn-npi,contains,https://resdac.org/cms-data/variables/claim-other-physician-npi-number-encounter,data/raw/html/variable_page/ab2c2e79ae945001da5b09951d9841c884c0a456.html,,snf-encounter__data-documentation__bc56024738__chunk_4
snf-encounter,snf-encounter__var__prcdr-dt1,contains,https://resdac.org/cms-data/files/snf-encounter/data-documentation,data/raw/html/documentation_page/bc56024738729e306e5ee3f1b54282a875b74624.html,,snf-encounter__data-documentation__bc56024738__chunk_25
snf-encounter,snf-encounter__var__prcdr-dt10,contains,https://resdac.org/cms-data/variables/claim-procedure-code-10-date-encounter,data/raw/html/variable_page/001ac0359661670f8f2b5645ef9bcc1ebf80e145.html,,snf-encounter__data-documentation__bc56024738__chunk_26
snf-encounter,snf-encounter__var__prcdr-dt11,contains,https://resdac.org/cms-data/variables/claim-procedure-code-11-date-encounter,data/raw/html/variable_page/22581075ddfd5c133319efea05f0b5323e73c991.html,,snf-encounter__data-documentation__bc56024738__chunk_26
snf-encounter,snf-encounter__var__prcdr-dt12,contains,https://resdac.org/cms-data/variables/claim-procedure-code-12-date-encounter,data/raw/html/variable_page/3864c36c9fce393343dee01d919782d883f7b66d.html,,snf-encounter__data-documentation__bc56024738__chunk_27
snf-encounter,snf-encounter__var__prcdr-dt13,contains,https://resdac.org/cms-data/variables/claim-procedure-code-13-date-encounter,data/raw/html/variable_page/cd6cc52568135e90d0f062cd15e0c3168ac02178.html,,snf-encounter__data-documentation__bc56024738__chunk_27
snf-encounter,snf-encounter__var__prcdr-dt2,contains,https://resdac.org/cms-data/variables/claim-procedure-code-2-date-encounter,data/raw/html/variable_page/79a19e4b530f727b3d1e59d4ebcfb5fc007a4dd2.html,,snf-encounter__data-documentation__bc56024738__chunk_25
snf-encounter,snf-encounter__var__prcdr-dt3,contains,https://resdac.org/cms-data/variables/claim-procedure-code-3-date-encounter,data/raw/html/variable_page/c4c6a370cb46c6bb758a47cbcef60e1c211f0292.html,,snf-encounter__data-documentation__bc56024738__chunk_25
snf-encounter,snf-encounter__var__prcdr-dt4,contains,https://resdac.org/cms-data/variables/claim-procedure-code-4-date-encounter,data/raw/html/variable_page/494ebdc6bf940a163be3e3eb36322e963b5d2c3b.html,,snf-encounter__data-documentation__bc56024738__chunk_25
snf-encounter,snf-encounter__var__prcdr-dt5,contains,https://resdac.org/cms-data/variables/claim-procedure-code-5-date-encounter,data/raw/html/variable_page/0fc713fa4128246726899efec6c0033c9f8214ab.html,,snf-encounter__data-documentation__bc56024738__chunk_25
snf-encounter,snf-encounter__var__prcdr-dt6,contains,https://resdac.org/cms-data/variables/claim-procedure-code-6-date-encounter,data/raw/html/variable_page/457ff329dca8f1d4897ad748890231bffdf22a7c.html,,snf-encounter__data-documentation__bc56024738__chunk_25
snf-encounter,snf-encounter__var__prcdr-dt7,contains,https://resdac.org/cms-data/variables/claim-procedure-code-7-date-encounter,data/raw/html/variable_page/556b6a67bbee434c3df313a0e1dd5af9ad1dbe15.html,,snf-encounter__data-documentation__bc56024738__chunk_26
snf-encounter,snf-encounter__var__prcdr-dt8,contains,https://resdac.org/cms-data/variables/claim-procedure-code-8-date-encounter,data/raw/html/variable_page/590c8e027ba288597a606669f7442d9350ab9931.html,,snf-encounter__data-documentation__bc56024738__chunk_26
snf-encounter,snf-encounter__var__prcdr-dt9,contains,https://resdac.org/cms-data/files/snf-encounter/data-documentation,data/raw/html/documentation_page/bc56024738729e306e5ee3f1b54282a875b74624.html,,snf-encounter__data-documentation__bc56024738__chunk_26
snf-encounter,snf-encounter__var__prncpal-dgns-cd,contains,https://resdac.org/cms-data/variables/claim-admitting-diagnosis-code-encounter,data/raw/html/variable_page/5965d3ca8ff348ca7ce6712ccfad03414e6dfd66.html,,snf-encounter__data-documentation__bc56024738__chunk_5
snf-encounter,snf-encounter__var__ptnt-dschrg-stus-cd,contains,https://resdac.org/cms-data/files/snf-encounter/data-documentation,data/raw/html/documentation_page/bc56024738729e306e5ee3f1b54282a875b74624.html,,snf-encounter__data-documentation__bc56024738__chunk_4
snf-encounter,snf-encounter__var__rndrng-physn-npi,contains,https://resdac.org/cms-data/variables/rendering-physician-npi-encounter,data/raw/html/variable_page/ac334533c3e55c8568c5201ac11abff7f1fc4e2e.html,,snf-encounter__data-documentation__bc56024738__chunk_3
snf-encounter,snf-encounter__var__sample-group,contains,https://resdac.org/cms-data/variables/ccw-beneficiary-random-sample-group,data/raw/html/variable_page/897ff53ce87896eec8613904c7ba348808da734b.html,,snf-encounter__data-documentation__bc56024738__chunk_0
snf-encounter,snf-encounter__var__srvc-month,contains,https://resdac.org/cms-data/files/snf-encounter/data-documentation,data/raw/html/documentation_page/bc56024738729e306e5ee3f1b54282a875b74624.html,,snf-encounter__data-documentation__bc56024738__chunk_0
snf-encounter,snf-encounter__var__tax-num,contains,https://resdac.org/cms-data/variables/provider-tax-number,data/raw/html/variable_page/f3acee345281228c660aef9ff452d3a38ecfbf14.html,,snf-encounter__data-documentation__bc56024738__chunk_29
snf-ffs,snf-ffs__var__aco-id-num,contains,https://resdac.org/cms-data/variables/claim-accountable-care-organization-aco-identification-number,data/raw/html/variable_page/7907c87db97da05623c5caf524ad6901eccd6f7c.html,,snf-ffs__data-documentation__4884fb854a__chunk_29
snf-ffs,snf-ffs__var__admtg-dgns-cd,contains,https://resdac.org/cms-data/files/snf-ffs/data-documentation,data/raw/html/documentation_page/4884fb854a6d49f92d07233bdd338c6ca594c7b0.html,,snf-ffs__data-documentation__4884fb854a__chunk_11
snf-ffs,snf-ffs__var__at-physn-npi,contains,https://resdac.org/cms-data/variables/claim-attending-physician-npi-number-ffs,data/raw/html/variable_page/dbe58666ccdfe6cdd5039dbf0e339ad888bd556e.html,,snf-ffs__data-documentation__4884fb854a__chunk_3
snf-ffs,snf-ffs__var__at-physn-spclty-cd,contains,https://resdac.org/cms-data/variables/claim-attending-physician-specialty-code,data/raw/html/variable_page/c06eeb85a09e7c15549359bc468f48e6962ff0ef.html,,snf-ffs__data-documentation__4884fb854a__chunk_3
snf-ffs,snf-ffs__var__at-physn-upin,contains,https://resdac.org/cms-data/variables/claim-attending-physician-upin-number,data/raw/html/variable_page/3104686fe2f381921b703826a849abe6739b6b23.html,,snf-ffs__data-documentation__4884fb854a__chunk_3
snf-ffs,snf-ffs__var__bene-cnty-cd,contains,https://resdac.org/cms-data/variables/county-code-claim-ssa,data/raw/html/variable_page/e56351dbbbbdbc93e24d44cca5111740efaf7b38.html,,snf-ffs__data-documentation__4884fb854a__chunk_25
snf-ffs,snf-ffs__var__bene-id,contains,https://resdac.org/cms-data/variables/encrypted-ccw-beneficiary-id,data/raw/html/variable_page/69950b21ed36af6e7ed6c908dc18142a50445d3c.html,,snf-ffs__data-documentation__4884fb854a__chunk_0
snf-ffs,snf-ffs__var__bene-mlg-cntct-zip-cd,contains,https://resdac.org/cms-data/variables/zip-code-residence-claim,data/raw/html/variable_page/4e89b65565f7e1c564c44024ade6e52795c411d4.html,,snf-ffs__data-documentation__4884fb854a__chunk_26
snf-ffs,snf-ffs__var__bene-race-cd,contains,https://resdac.org/cms-data/variables/beneficiary-race-code-ffs,data/raw/html/variable_page/125923723e3bd54159f5f98694ac7ce4a4a394b7.html,,snf-ffs__data-documentation__4884fb854a__chunk_25
snf-ffs,snf-ffs__var__bene-state-cd,contains,https://resdac.org/cms-data/variables/beneficiary-residence-ssa-state-code-ffs,data/raw/html/variable_page/512bc1fd8daa3c878e418f6d97b03c2e183fb36c.html,,snf-ffs__data-documentation__4884fb854a__chunk_25
snf-ffs,snf-ffs__var__bene-tot-coinsrnc-days-cnt,contains,https://resdac.org/cms-data/variables/beneficiary-total-coinsurance-days-count,data/raw/html/variable_page/1fa37217ca7d5c618be7d7802437e04f87f1261a.html,,snf-ffs__data-documentation__4884fb854a__chunk_9
snf-ffs,snf-ffs__var__claim-query-code,contains,https://resdac.org/cms-data/variables/claim-query-code,data/raw/html/variable_page/a1352a27d5f964ed31ba3c5f667f5229055b908f.html,,snf-ffs__data-documentation__4884fb854a__chunk_0
snf-ffs,snf-ffs__var__clm-adjust-grp-cd,contains,https://resdac.org/cms-data/variables/claim-adjustment-group-code,data/raw/html/variable_page/2f7979c1543d4de24f5135c05f34970dcd03c2c4.html,,snf-ffs__data-documentation__4884fb854a__chunk_30
snf-ffs,snf-ffs__var__clm-adjust-rsn-cd,contains,https://resdac.org/cms-data/variables/claim-adjustment-reason-code,data/raw/html/variable_page/8bceff68ebd08ce91c27308e6934ebdb149935dd.html,,snf-ffs__data-documentation__4884fb854a__chunk_30
snf-ffs,snf-ffs__var__clm-admsn-dt,contains,https://resdac.org/cms-data/variables/claim-admission-date-ffs,data/raw/html/variable_page/e0fa50a2fa8e5ddc694c4ddcff714c6eafb66bc2.html,,snf-ffs__data-documentation__4884fb854a__chunk_5
snf-ffs,snf-ffs__var__clm-bene-id-type-cd,contains,https://resdac.org/cms-data/variables/claim-beneficiary-identifier-type-code,data/raw/html/variable_page/4044859b0a86ea0c6fd9f238d89bee1c828ab44a.html,,snf-ffs__data-documentation__4884fb854a__chunk_29
snf-ffs,snf-ffs__var__clm-clncl-tril-num,contains,https://resdac.org/cms-data/variables/clinical-trial-number,data/raw/html/variable_page/4df27e68d2885fc675b4c5f6d71151a8d11d4f8c.html,,snf-ffs__data-documentation__4884fb854a__chunk_30
snf-ffs,snf-ffs__var__clm-drg-cd,contains,https://resdac.org/cms-data/variables/claim-diagnosis-related-group-code-or-ms-drg-code-ffs,data/raw/html/variable_page/813ca48d4b834663994dd4aba0ded87bb11fe4d6.html,,snf-ffs__data-documentation__4884fb854a__chunk_11
snf-ffs,snf-ffs__var__clm-fac-type-cd,contains,https://resdac.org/cms-data/variables/claim-facility-type-code-ffs,data/raw/html/variable_page/60f4f278b28f810bf0be4c7bb2d022c72b9a3016.html,,snf-ffs__data-documentation__4884fb854a__chunk_1
snf-ffs,snf-ffs__var__clm-freq-cd,contains,https://resdac.org/cms-data/variables/claim-frequency-code-ffs,data/raw/html/variable_page/f5fc159d9b355c622a6f920facd62416e1047827.html,,snf-ffs__data-documentation__4884fb854a__chunk_1
snf-ffs,snf-ffs__var__clm-from-dt,contains,https://resdac.org/cms-data/variables/claim-date-ffs,data/raw/html/variable_page/02457398703925ce3d536d225abd78786dbbf3b2.html,,snf-ffs__data-documentation__4884fb854a__chunk_0
snf-ffs,snf-ffs__var__clm-id,contains,https://resdac.org/cms-data/variables/claim-line-number,data/raw/html/variable_page/9b2848ebe106f29b20cd60c9b55612add6696e91.html,,snf-ffs__data-documentation__4884fb854a__chunk_0
snf-ffs,snf-ffs__var__clm-ip-admsn-type-cd,contains,https://resdac.org/cms-data/variables/claim-inpatient-admission-type-code-ffs,data/raw/html/variable_page/d934185e4a5652220d9e3912c6a2bdc10ced5846.html,,snf-ffs__data-documentation__4884fb854a__chunk_5
snf-ffs,snf-ffs__var__clm-mco-pd-sw,contains,https://resdac.org/cms-data/variables/claim-mco-paid-switch,data/raw/html/variable_page/8d976aba706159838b184f427a9cf514335ea07b.html,,snf-ffs__data-documentation__4884fb854a__chunk_5
snf-ffs,snf-ffs__var__clm-mdcl-rec,contains,https://resdac.org/cms-data/variables/claim-medical-record-number-ffs,data/raw/html/variable_page/b2e5fc90c77e198aa4afa50be9fa5def1a6580cc.html,,snf-ffs__data-documentation__4884fb854a__chunk_26
snf-ffs,snf-ffs__var__clm-mdcr-non-pmt-rsn-cd,contains,https://resdac.org/cms-data/variables/claim-medicare-non-payment-reason-code,data/raw/html/variable_page/d740866108affabd0c6683f4288829600d3c4af7.html,,snf-ffs__data-documentation__4884fb854a__chunk_1
snf-ffs,snf-ffs__var__clm-model-reimbrsmt-amt,contains,https://resdac.org/cms-data/files/snf-ffs/data-documentation,data/raw/html/documentation_page/4884fb854a6d49f92d07233bdd338c6ca594c7b0.html,,snf-ffs__data-documentation__4884fb854a__chunk_30
snf-ffs,snf-ffs__var__clm-next-gnrtn-aco-ind-cd1,contains,https://resdac.org/cms-data/variables/claim-next-generation-ng-accountable-care-organization-aco-indicator-code-population-based-payment-pbp,data/raw/html/variable_page/ae99c2db0488f1e89b5f87430680de8f8329a8b1.html,,snf-ffs__data-documentation__4884fb854a__chunk_27
snf-ffs,snf-ffs__var__clm-next-gnrtn-aco-ind-cd2,contains,https://resdac.org/cms-data/variables/claim-next-generation-ng-accountable-care-organization-aco-indicator-code,data/raw/html/variable_page/531afb00cf1e8e2cbad9e0534b10f12c0b7141c8.html,,snf-ffs__data-documentation__4884fb854a__chunk_27
snf-ffs,snf-ffs__var__clm-next-gnrtn-aco-ind-cd3,contains,https://resdac.org/cms-data/variables/claim-next-generation-ng-accountable-care-organization-aco-indicator-code-post,data/raw/html/variable_page/f049110b3b59bfeb3c69dba86142eb08207daf1d.html,,snf-ffs__data-documentation__4884fb854a__chunk_28
snf-ffs,snf-ffs__var__clm-next-gnrtn-aco-ind-cd4,contains,https://resdac.org/cms-data/variables/claim-next-generation-ng-accountable-care-organization-aco-indicator-code-3-day,data/raw/html/variable_page/a11dc318a06cc9546b30f6400cd4d50b879722a2.html,,snf-ffs__data-documentation__4884fb854a__chunk_28
snf-ffs,snf-ffs__var__clm-next-gnrtn-aco-ind-cd5,contains,https://resdac.org/cms-data/variables/claim-next-generation-ng-accountable-care-organization-aco-indicator-code-capitation,data/raw/html/variable_page/694416660044fe79f8f792ead71335b536fb9311.html,,snf-ffs__data-documentation__4884fb854a__chunk_29
snf-ffs,snf-ffs__var__clm-non-utlztn-days-cnt,contains,https://resdac.org/cms-data/variables/claim-medicare-non-utilization-days-count,data/raw/html/variable_page/892af8458df5303d1803f527b04b46e4cff88e91.html,,snf-ffs__data-documentation__4884fb854a__chunk_9
snf-ffs,snf-ffs__var__clm-pmt-amt,contains,https://resdac.org/cms-data/variables/claim-model-reimbursement-amount,data/raw/html/variable_page/e91836e1dd6edd7f3d5418a688e3902733c19393.html,,snf-ffs__data-documentation__4884fb854a__chunk_2
snf-ffs,snf-ffs__var__clm-pps-cptl-dsprprtnt-shr-amt,contains,https://resdac.org/cms-data/files/snf-ffs/data-documentation,data/raw/html/documentation_page/4884fb854a6d49f92d07233bdd338c6ca594c7b0.html,,snf-ffs__data-documentation__4884fb854a__chunk_8
snf-ffs,snf-ffs__var__clm-pps-cptl-excptn-amt,contains,https://resdac.org/cms-data/files/snf-ffs/data-documentation,data/raw/html/documentation_page/4884fb854a6d49f92d07233bdd338c6ca594c7b0.html,,snf-ffs__data-documentation__4884fb854a__chunk_8
snf-ffs,snf-ffs__var__clm-pps-cptl-fsp-amt,contains,https://resdac.org/cms-data/files/snf-ffs/data-documentation,data/raw/html/documentation_page/4884fb854a6d49f92d07233bdd338c6ca594c7b0.html,,snf-ffs__data-documentation__4884fb854a__chunk_7
snf-ffs,snf-ffs__var__clm-pps-cptl-ime-amt,contains,https://resdac.org/cms-data/files/snf-ffs/data-documentation,data/raw/html/documentation_page/4884fb854a6d49f92d07233bdd338c6ca594c7b0.html,,snf-ffs__data-documentation__4884fb854a__chunk_8
snf-ffs,snf-ffs__var__clm-pps-cptl-outlier-amt,contains,https://resdac.org/cms-data/files/snf-ffs/data-documentation,data/raw/html/documentation_page/4884fb854a6d49f92d07233bdd338c6ca594c7b0.html,,snf-ffs__data-documentation__4884fb854a__chunk_8
snf-ffs,snf-ffs__var__clm-pps-ind-cd,contains,https://resdac.org/cms-data/variables/claim-pps-indicator-code,data/raw/html/variable_page/be74f08b4ca2da3d5e5a515e2dcf9609a03e9fba.html,,snf-ffs__data-documentation__4884fb854a__chunk_5
snf-ffs,snf-ffs__var__clm-pps-old-cptl-hld-hrmls-amt,contains,https://resdac.org/cms-data/variables/claim-pps-old-capital-hold-harmless-amount,data/raw/html/variable_page/6725d1c6efa306ebdcb75e349c288c2b5fcc6875.html,,snf-ffs__data-documentation__4884fb854a__chunk_8
snf-ffs,snf-ffs__var__clm-prcr-rtrn-cd,contains,https://resdac.org/cms-data/variables/claim-pricer-return-code,data/raw/html/variable_page/88d894fc3c7a329e5931abfcabcef77fb22d1374.html,,snf-ffs__data-documentation__4884fb854a__chunk_26
snf-ffs,snf-ffs__var__clm-prcr-vrsn-cd,contains,https://resdac.org/cms-data/variables/claim-pricer-version-code,data/raw/html/variable_page/1047485731efc56abb10951f6c94f56ad31729ad.html,,snf-ffs__data-documentation__4884fb854a__chunk_26
snf-ffs,snf-ffs__var__clm-rndrng-physn-spclty-cd,contains,https://resdac.org/cms-data/variables/claim-rendering-physician-specialty-code,data/raw/html/variable_page/dcdec25c190453a41ec8c717a9529e43c8cb5519.html,,snf-ffs__data-documentation__4884fb854a__chunk_5
snf-ffs,snf-ffs__var__clm-rsdl-pymt-ind-cd,contains,https://resdac.org/cms-data/variables/claim-residual-payment-indicator-code,data/raw/html/variable_page/9c7082c889b6f540c7104f3c7865bc1965688c4e.html,,snf-ffs__data-documentation__4884fb854a__chunk_29
snf-ffs,snf-ffs__var__clm-src-ip-admsn-cd,contains,https://resdac.org/cms-data/variables/claim-source-inpatient-admission-code-ffs,data/raw/html/variable_page/001cc7ea3645d2478633a844a37c377e96f4ae09.html,,snf-ffs__data-documentation__4884fb854a__chunk_6
snf-ffs,snf-ffs__var__clm-srvc-clsfctn-type-cd,contains,https://resdac.org/cms-data/variables/claim-service-classification-type-code-ffs,data/raw/html/variable_page/f89aac11784f011066bc0de3137c1b2c0cdb59ec.html,,snf-ffs__data-documentation__4884fb854a__chunk_1
snf-ffs,snf-ffs__var__clm-srvc-fac-zip-cd,contains,https://resdac.org/cms-data/variables/claim-service-facility-zip-code-where-service-was-provided,data/raw/html/variable_page/c2fb48ef1078e732a197e0df1a5950b95cdff56b.html,,snf-ffs__data-documentation__4884fb854a__chunk_27
snf-ffs,snf-ffs__var__clm-thru-dt,contains,https://resdac.org/cms-data/variables/patient-discharge-status-code-ffs,data/raw/html/variable_page/909a971a8d0ff217fe8ca63c942a5108c80e5e75.html,,snf-ffs__data-documentation__4884fb854a__chunk_0
snf-ffs,snf-ffs__var__clm-tot-chrg-amt,contains,https://resdac.org/cms-data/variables/claim-total-charge-amount,data/raw/html/variable_page/7f61ac3a1a342217964f53e6bfd51b17ec893a04.html,,snf-ffs__data-documentation__4884fb854a__chunk_5
snf-ffs,snf-ffs__var__clm-trtmt-authrztn-num,contains,https://resdac.org/cms-data/variables/claim-treatment-authorization-number,data/raw/html/variable_page/910c425b4c2779228030d2698a96597bf53a4054.html,,snf-ffs__data-documentation__4884fb854a__chunk_26
snf-ffs,snf-ffs__var__clm-utlztn-day-cnt,contains,https://resdac.org/cms-data/variables/claim-medicare-utilization-day-count,data/raw/html/variable_page/a385cb94f9ce139880afcc854aa18452da70ae20.html,,snf-ffs__data-documentation__4884fb854a__chunk_9
snf-ffs,snf-ffs__var__dob-dt,contains,https://resdac.org/cms-data/variables/date-birth-claim,data/raw/html/variable_page/69b98fdd381a3112e7aa54e240ebfb13845a9689.html,,snf-ffs__data-documentation__4884fb854a__chunk_25
snf-ffs,snf-ffs__var__fi-clm-actn-cd,contains,https://resdac.org/cms-data/variables/fi-or-mac-claim-action-code,data/raw/html/variable_page/da445dfed8531a4fb3923865b1460cb903dcb530.html,,snf-ffs__data-documentation__4884fb854a__chunk_2
snf-ffs,snf-ffs__var__fi-clm-proc-dt,contains,https://resdac.org/cms-data/variables/fi-claim-process-date,data/raw/html/variable_page/3fb55742da88ead1cf049edcb54a8d8694130180.html,,snf-ffs__data-documentation__4884fb854a__chunk_0
snf-ffs,snf-ffs__var__fi-num,contains,https://resdac.org/cms-data/variables/fi-or-mac-number,data/raw/html/variable_page/e2cb5261d195e4e228d1f714ee572f4c08795085.html,,snf-ffs__data-documentation__4884fb854a__chunk_1
snf-ffs,snf-ffs__var__fst-dgns-e-cd,contains,https://resdac.org/cms-data/variables/first-claim-diagnosis-e-code-ffs,data/raw/html/variable_page/114509522f88f30e7c0cf8eb7d2d664cc89eb67b.html,,snf-ffs__data-documentation__4884fb854a__chunk_15
snf-ffs,snf-ffs__var__icd-dgns-cd1,contains,https://resdac.org/cms-data/variables/claim-principal-diagnosis-code-ffs,data/raw/html/variable_page/ad7d861ddc79d4c73b00fddbd7808c508fa026e6.html,,snf-ffs__data-documentation__4884fb854a__chunk_12
snf-ffs,snf-ffs__var__icd-dgns-cd10,contains,https://resdac.org/cms-data/variables/claim-diagnosis-code-x-ffs,data/raw/html/variable_page/b549b31171cf4417985a7df400f0ea565a87e07c.html,,snf-ffs__data-documentation__4884fb854a__chunk_13
snf-ffs,snf-ffs__var__icd-dgns-cd11,contains,https://resdac.org/cms-data/variables/claim-diagnosis-code-xi-ffs,data/raw/html/variable_page/a195f80386d9b06137e38bd13242cdaa15fa6091.html,,snf-ffs__data-documentation__4884fb854a__chunk_13
snf-ffs,snf-ffs__var__icd-dgns-cd12,contains,https://resdac.org/cms-data/variables/claim-diagnosis-code-xii-ffs,data/raw/html/variable_page/b3ea2e7447a88ba6f9a5f828f99e0aacd5aa73cb.html,,snf-ffs__data-documentation__4884fb854a__chunk_13
snf-ffs,snf-ffs__var__icd-dgns-cd13,contains,https://resdac.org/cms-data/variables/claim-diagnosis-code-xiii-ffs,data/raw/html/variable_page/f8baf0f286e0c8bc6f92e6e57e1ae35ce9acde62.html,,snf-ffs__data-documentation__4884fb854a__chunk_13
snf-ffs,snf-ffs__var__icd-dgns-cd14,contains,https://resdac.org/cms-data/variables/claim-diagnosis-code-xiv-ffs,data/raw/html/variable_page/b1af0ce8cfc1078d878b9f1ee9a35f823333b393.html,,snf-ffs__data-documentation__4884fb854a__chunk_14
snf-ffs,snf-ffs__var__icd-dgns-cd15,contains,https://resdac.org/cms-data/variables/claim-diagnosis-code-xv-ffs,data/raw/html/variable_page/26927492b7ec7de0acc4940d08e5afac7e111057.html,,snf-ffs__data-documentation__4884fb854a__chunk_14
snf-ffs,snf-ffs__var__icd-dgns-cd16,contains,https://resdac.org/cms-data/variables/claim-diagnosis-code-xvi-ffs,data/raw/html/variable_page/2174e8c0731decd04e16de9446691440953e58cf.html,,snf-ffs__data-documentation__4884fb854a__chunk_14
snf-ffs,snf-ffs__var__icd-dgns-cd17,contains,https://resdac.org/cms-data/variables/claim-diagnosis-code-xvii-ffs,data/raw/html/variable_page/eb2a7f765cfd53a59f0b267184452706b05b9a6a.html,,snf-ffs__data-documentation__4884fb854a__chunk_14
snf-ffs,snf-ffs__var__icd-dgns-cd18,contains,https://resdac.org/cms-data/variables/claim-diagnosis-code-xviii-ffs,data/raw/html/variable_page/8237f3505f3746ec7b4644d3962f78d74bdd294a.html,,snf-ffs__data-documentation__4884fb854a__chunk_14
snf-ffs,snf-ffs__var__icd-dgns-cd19,contains,https://resdac.org/cms-data/variables/claim-diagnosis-code-xix-ffs,data/raw/html/variable_page/f717fe68280a2cfe1cdcbef78dec577e2e3b0955.html,,snf-ffs__data-documentation__4884fb854a__chunk_14
snf-ffs,snf-ffs__var__icd-dgns-cd2,contains,https://resdac.org/cms-data/variables/claim-diagnosis-code-ii-ffs,data/raw/html/variable_page/2f285ff3d715f7e55df9654a26a8f8c9a8b50f63.html,,snf-ffs__data-documentation__4884fb854a__chunk_12
snf-ffs,snf-ffs__var__icd-dgns-cd20,contains,https://resdac.org/cms-data/variables/claim-diagnosis-code-xx-ffs,data/raw/html/variable_page/b6dc58c95dc90df5959319f5de2cca25c04e70b5.html,,snf-ffs__data-documentation__4884fb854a__chunk_14
snf-ffs,snf-ffs__var__icd-dgns-cd21,contains,https://resdac.org/cms-data/variables/claim-diagnosis-code-xxi-ffs,data/raw/html/variable_page/7a5350f6810babdd634148297a578b9a92dcae9a.html,,snf-ffs__data-documentation__4884fb854a__chunk_15
snf-ffs,snf-ffs__var__icd-dgns-cd22,contains,https://resdac.org/cms-data/variables/claim-diagnosis-code-xxii-ffs,data/raw/html/variable_page/10aaa05f96973abc119bd0595ad58ab98a256917.html,,snf-ffs__data-documentation__4884fb854a__chunk_15
snf-ffs,snf-ffs__var__icd-dgns-cd23,contains,https://resdac.org/cms-data/variables/claim-diagnosis-code-xxiii-ffs,data/raw/html/variable_page/6ca148e7cd4da28abfb737842bdf7048d6331d0d.html,,snf-ffs__data-documentation__4884fb854a__chunk_15
snf-ffs,snf-ffs__var__icd-dgns-cd24,contains,https://resdac.org/cms-data/variables/claim-diagnosis-code-xxiv-ffs,data/raw/html/variable_page/81b6691fdfb6afc9198edb171d8dfaeca6d65a62.html,,snf-ffs__data-documentation__4884fb854a__chunk_15
snf-ffs,snf-ffs__var__icd-dgns-cd25,contains,https://resdac.org/cms-data/variables/claim-diagnosis-code-xxv-ffs,data/raw/html/variable_page/7857cb195704c2c995ded55397aacc8f48810185.html,,snf-ffs__data-documentation__4884fb854a__chunk_15
snf-ffs,snf-ffs__var__icd-dgns-cd3,contains,https://resdac.org/cms-data/variables/claim-diagnosis-code-iii-ffs,data/raw/html/variable_page/c4855455facd338af112b3426145db9f28d843de.html,,snf-ffs__data-documentation__4884fb854a__chunk_12
snf-ffs,snf-ffs__var__icd-dgns-cd4,contains,https://resdac.org/cms-data/variables/claim-diagnosis-code-iv-ffs,data/raw/html/variable_page/b45d506b0e3c37c5f633d7d8bf19b1af93ff159d.html,,snf-ffs__data-documentation__4884fb854a__chunk_12
snf-ffs,snf-ffs__var__icd-dgns-cd5,contains,https://resdac.org/cms-data/variables/claim-diagnosis-code-v-ffs,data/raw/html/variable_page/a2142bd7a007e273c4b50fec2c2088e0439836fa.html,,snf-ffs__data-documentation__4884fb854a__chunk_12
snf-ffs,snf-ffs__var__icd-dgns-cd6,contains,https://resdac.org/cms-data/variables/claim-diagnosis-code-vi-ffs,data/raw/html/variable_page/8896bfb47721666c353e179c1f57d10155a827a5.html,,snf-ffs__data-documentation__4884fb854a__chunk_12
snf-ffs,snf-ffs__var__icd-dgns-cd7,contains,https://resdac.org/cms-data/variables/claim-diagnosis-code-vii-ffs,data/raw/html/variable_page/85ba7909476ee6e9ef5b89e1ef89f432c7bd3edd.html,,snf-ffs__data-documentation__4884fb854a__chunk_12
snf-ffs,snf-ffs__var__icd-dgns-cd8,contains,https://resdac.org/cms-data/variables/claim-diagnosis-code-viii-ffs,data/raw/html/variable_page/1588f2733894ba2d5da021d9d54f5970c3cd61aa.html,,snf-ffs__data-documentation__4884fb854a__chunk_13
snf-ffs,snf-ffs__var__icd-dgns-cd9,contains,https://resdac.org/cms-data/variables/claim-diagnosis-code-ix-ffs,data/raw/html/variable_page/0f2556c81e5041805bf41b4828d13b5760efab1f.html,,snf-ffs__data-documentation__4884fb854a__chunk_13
snf-ffs,snf-ffs__var__icd-dgns-e-cd1,contains,https://resdac.org/cms-data/variables/claim-diagnosis-e-code-i-ffs,data/raw/html/variable_page/6066cc5a964ac400e9424778b715eaf46b4a42f5.html,,snf-ffs__data-documentation__4884fb854a__chunk_16
snf-ffs,snf-ffs__var__icd-dgns-e-cd10,contains,https://resdac.org/cms-data/variables/claim-diagnosis-e-code-x-ffs,data/raw/html/variable_page/d29e0f255cad3fe8a5766053041e53a34872f78c.html,,snf-ffs__data-documentation__4884fb854a__chunk_17
snf-ffs,snf-ffs__var__icd-dgns-e-cd11,contains,https://resdac.org/cms-data/variables/claim-diagnosis-e-code-xi,data/raw/html/variable_page/1506056a1144cd838762942358b2f6d2efa557e7.html,,snf-ffs__data-documentation__4884fb854a__chunk_17
snf-ffs,snf-ffs__var__icd-dgns-e-cd12,contains,https://resdac.org/cms-data/variables/claim-diagnosis-e-code-xii,data/raw/html/variable_page/063785d14c66d5b28aa90beff1b101110cdcfbe5.html,,snf-ffs__data-documentation__4884fb854a__chunk_17
snf-ffs,snf-ffs__var__icd-dgns-e-cd2,contains,https://resdac.org/cms-data/variables/claim-diagnosis-e-code-ii-ffs,data/raw/html/variable_page/22adb61c54e91b84ef7e26cfe59a230957c5818f.html,,snf-ffs__data-documentation__4884fb854a__chunk_16
snf-ffs,snf-ffs__var__icd-dgns-e-cd3,contains,https://resdac.org/cms-data/variables/claim-diagnosis-e-code-iii-ffs,data/raw/html/variable_page/6e6cf2405a02e910f024fdebdc9c46edc8db3342.html,,snf-ffs__data-documentation__4884fb854a__chunk_16
snf-ffs,snf-ffs__var__icd-dgns-e-cd4,contains,https://resdac.org/cms-data/variables/claim-diagnosis-e-code-iv-ffs,data/raw/html/variable_page/422967ea44d3bba99d629fd99214675cceeacb1d.html,,snf-ffs__data-documentation__4884fb854a__chunk_16
snf-ffs,snf-ffs__var__icd-dgns-e-cd5,contains,https://resdac.org/cms-data/variables/claim-diagnosis-e-code-v-ffs,data/raw/html/variable_page/725ee1f47c9d39aacf0f9617c72f40a9ab639117.html,,snf-ffs__data-documentation__4884fb854a__chunk_16
snf-ffs,snf-ffs__var__icd-dgns-e-cd6,contains,https://resdac.org/cms-data/variables/claim-diagnosis-e-code-vi-ffs,data/raw/html/variable_page/7a31bae902e413bc3d1057c356bee47627368b45.html,,snf-ffs__data-documentation__4884fb854a__chunk_16
snf-ffs,snf-ffs__var__icd-dgns-e-cd7,contains,https://resdac.org/cms-data/variables/claim-diagnosis-e-code-vii-ffs,data/raw/html/variable_page/596ecd0a3038fa5605510c5ea9712ad332f81a48.html,,snf-ffs__data-documentation__4884fb854a__chunk_17
snf-ffs,snf-ffs__var__icd-dgns-e-cd8,contains,https://resdac.org/cms-data/variables/claim-diagnosis-e-code-viii-ffs,data/raw/html/variable_page/383c1156fe6317c07f3c4aadeef1f69fac10aa66.html,,snf-ffs__data-documentation__4884fb854a__chunk_17
snf-ffs,snf-ffs__var__icd-dgns-e-cd9,contains,https://resdac.org/cms-data/variables/claim-diagnosis-e-code-ix-ffs,data/raw/html/variable_page/746b3d284c7ff4cd6294fc3adf6fd5acb47d82fa.html,,snf-ffs__data-documentation__4884fb854a__chunk_17
snf-ffs,snf-ffs__var__icd-prcdr-cd1,contains,https://resdac.org/cms-data/variables/claim-procedure-code-i-ffs,data/raw/html/variable_page/b810c497405edb79a708ddd321e497238e1024fd.html,,snf-ffs__data-documentation__4884fb854a__chunk_17
snf-ffs,snf-ffs__var__icd-prcdr-cd10,contains,https://resdac.org/cms-data/variables/claim-procedure-code-x-ffs,data/raw/html/variable_page/91e1b33c36efa30603364bc054249a4fde26df4c.html,,snf-ffs__data-documentation__4884fb854a__chunk_20
snf-ffs,snf-ffs__var__icd-prcdr-cd11,contains,https://resdac.org/cms-data/variables/claim-procedure-code-xi-ffs,data/raw/html/variable_page/bcb314796838da7c5a95cb91b601e5675e4a5d37.html,,snf-ffs__data-documentation__4884fb854a__chunk_21
snf-ffs,snf-ffs__var__icd-prcdr-cd12,contains,https://resdac.org/cms-data/variables/claim-procedure-code-xii-ffs,data/raw/html/variable_page/1a069f845d153c5d705d0d3130ee362d5b1769d4.html,,snf-ffs__data-documentation__4884fb854a__chunk_21
snf-ffs,snf-ffs__var__icd-prcdr-cd13,contains,https://resdac.org/cms-data/variables/claim-procedure-code-xiii-ffs,data/raw/html/variable_page/68dba0a118026aa00baa9ee53a96f8a41f9b5ada.html,,snf-ffs__data-documentation__4884fb854a__chunk_21
snf-ffs,snf-ffs__var__icd-prcdr-cd14,contains,https://resdac.org/cms-data/variables/claim-procedure-code-xiv,data/raw/html/variable_page/fb5a4262c461867b8afe0ef014c1518359c7b15d.html,,snf-ffs__data-documentation__4884fb854a__chunk_21
snf-ffs,snf-ffs__var__icd-prcdr-cd15,contains,https://resdac.org/cms-data/variables/claim-procedure-code-xv,data/raw/html/variable_page/e4f67b29c65d2af86724d2e00101ec86491a49df.html,,snf-ffs__data-documentation__4884fb854a__chunk_22
snf-ffs,snf-ffs__var__icd-prcdr-cd16,contains,https://resdac.org/cms-data/variables/claim-procedure-code-xvi,data/raw/html/variable_page/acd884835e2a9366f004666c9da96a8a173e7883.html,,snf-ffs__data-documentation__4884fb854a__chunk_22
snf-ffs,snf-ffs__var__icd-prcdr-cd17,contains,https://resdac.org/cms-data/variables/claim-procedure-code-xvii,data/raw/html/variable_page/88f9f8b902e1e62a2825081d62d9dd775ad8cd52.html,,snf-ffs__data-documentation__4884fb854a__chunk_22
snf-ffs,snf-ffs__var__icd-prcdr-cd18,contains,https://resdac.org/cms-data/variables/claim-procedure-code-xviii,data/raw/html/variable_page/6e004565e7b51d0b377cb04d6ee00ed7446accbd.html,,snf-ffs__data-documentation__4884fb854a__chunk_23
snf-ffs,snf-ffs__var__icd-prcdr-cd19,contains,https://resdac.org/cms-data/variables/claim-procedure-code-xix,data/raw/html/variable_page/35b66b6ff28c85f77bcabb2f31d9aaef081e1c7c.html,,snf-ffs__data-documentation__4884fb854a__chunk_23
snf-ffs,snf-ffs__var__icd-prcdr-cd2,contains,https://resdac.org/cms-data/variables/claim-procedure-code-ii-ffs,data/raw/html/variable_page/d47821d649649ded9f7935c640717a04c9028aec.html,,snf-ffs__data-documentation__4884fb854a__chunk_18
snf-ffs,snf-ffs__var__icd-prcdr-cd20,contains,https://resdac.org/cms-data/variables/claim-procedure-code-xx,data/raw/html/variable_page/ca3134fa6a5b11038a9b8f6bec4ee678fc6a0dc2.html,,snf-ffs__data-documentation__4884fb854a__chunk_23
snf-ffs,snf-ffs__var__icd-prcdr-cd21,contains,https://resdac.org/cms-data/variables/claim-procedure-code-xxi,data/raw/html/variable_page/022facf6f1bdca0220089466ac431b15d4c34a43.html,,snf-ffs__data-documentation__4884fb854a__chunk_24
snf-ffs,snf-ffs__var__icd-prcdr-cd22,contains,https://resdac.org/cms-data/variables/claim-procedure-code-xxii,data/raw/html/variable_page/4c0d31d38dacf0e52d6803982115cdc8fc20801b.html,,snf-ffs__data-documentation__4884fb854a__chunk_24
snf-ffs,snf-ffs__var__icd-prcdr-cd23,contains,https://resdac.org/cms-data/variables/claim-procedure-code-xxiii,data/raw/html/variable_page/9824be930b311ff3968b9feff9e64f16381353e3.html,,snf-ffs__data-documentation__4884fb854a__chunk_24
snf-ffs,snf-ffs__var__icd-prcdr-cd24,contains,https://resdac.org/cms-data/variables/claim-procedure-code-xxiv,data/raw/html/variable_page/69f55816607c603225571f96a294073d2ce3d808.html,,snf-ffs__data-documentation__4884fb854a__chunk_24
snf-ffs,snf-ffs__var__icd-prcdr-cd25,contains,https://resdac.org/cms-data/variables/claim-procedure-code-xxv,data/raw/html/variable_page/cd6103f301bf11b864c5dd44bb286165e6e3ac53.html,,snf-ffs__data-documentation__4884fb854a__chunk_25
snf-ffs,snf-ffs__var__icd-prcdr-cd3,contains,https://resdac.org/cms-data/variables/claim-procedure-code-iii-ffs,data/raw/html/variable_page/a12f79ced8c7a6e6ef440f90e570f5611337587f.html,,snf-ffs__data-documentation__4884fb854a__chunk_18
snf-ffs,snf-ffs__var__icd-prcdr-cd4,contains,https://resdac.org/cms-data/variables/claim-procedure-code-iv-ffs,data/raw/html/variable_page/54a0365f6ea55d28964a249d2c8faf59305f15de.html,,snf-ffs__data-documentation__4884fb854a__chunk_18
snf-ffs,snf-ffs__var__icd-prcdr-cd5,contains,https://resdac.org/cms-data/variables/claim-procedure-code-v-ffs,data/raw/html/variable_page/c8b94fa8fe7983f41b2773deb542af63a87120ee.html,,snf-ffs__data-documentation__4884fb854a__chunk_19
snf-ffs,snf-ffs__var__icd-prcdr-cd6,contains,https://resdac.org/cms-data/variables/claim-procedure-code-vi-ffs,data/raw/html/variable_page/67a8dfcb2640b3c2180ae75c9095c3b65dfb9c53.html,,snf-ffs__data-documentation__4884fb854a__chunk_19
snf-ffs,snf-ffs__var__icd-prcdr-cd7,contains,https://resdac.org/cms-data/variables/claim-procedure-code-vii-ffs,data/raw/html/variable_page/b6ec8bf33d12307ace55aee449accd0097602eec.html,,snf-ffs__data-documentation__4884fb854a__chunk_19
snf-ffs,snf-ffs__var__icd-prcdr-cd8,contains,https://resdac.org/cms-data/variables/claim-procedure-code-viii-ffs,data/raw/html/variable_page/1e96d025d69610f0f3712031c8476c27db94b16b.html,,snf-ffs__data-documentation__4884fb854a__chunk_20
snf-ffs,snf-ffs__var__icd-prcdr-cd9,contains,https://resdac.org/cms-data/variables/claim-procedure-code-ix-ffs,data/raw/html/variable_page/ae1bf8f7b6c99c2ed1983d08b60e4c5706fc5eaf.html,,snf-ffs__data-documentation__4884fb854a__chunk_20
snf-ffs,snf-ffs__var__ms-drg-grpr-vrsn-cd,contains,https://resdac.org/cms-data/variables/ms-drg-grouper-version-code,data/raw/html/variable_page/a5e776b7d7fefb06e8e5a515fe764423fadfaf4c.html,,snf-ffs__data-documentation__4884fb854a__chunk_11
snf-ffs,snf-ffs__var__nch-actv-or-cvrd-lvl-care-thru,contains,https://resdac.org/cms-data/variables/nch-active-or-covered-level-care-thru-date,data/raw/html/variable_page/8909a64a782b888e506a6a4e91d9062b27718e61.html,,snf-ffs__data-documentation__4884fb854a__chunk_10
snf-ffs,snf-ffs__var__nch-bene-blood-ddctbl-lblty-am,contains,https://resdac.org/cms-data/variables/nch-beneficiary-blood-deductible-liability-amount,data/raw/html/variable_page/1860b6825096476b57efd98122a83b503e460661.html,,snf-ffs__data-documentation__4884fb854a__chunk_7
snf-ffs,snf-ffs__var__nch-bene-dschrg-dt,contains,https://resdac.org/cms-data/files/snf-ffs/data-documentation,data/raw/html/documentation_page/4884fb854a6d49f92d07233bdd338c6ca594c7b0.html,,snf-ffs__data-documentation__4884fb854a__chunk_11
snf-ffs,snf-ffs__var__nch-bene-ip-ddctbl-amt,contains,https://resdac.org/cms-data/variables/nch-beneficiary-inpatient-or-other-part-deductible-amount,data/raw/html/variable_page/f52457d5d9d3de5de7df7d4b1152399067bdc99a.html,,snf-ffs__data-documentation__4884fb854a__chunk_6
snf-ffs,snf-ffs__var__nch-bene-mdcr-bnfts-exhtd-dt-i,contains,https://resdac.org/cms-data/variables/nch-beneficiary-medicare-benefits-exhausted-date,data/raw/html/variable_page/ab296ccfc84b907ce304c7a2d39a1d4df7282b21.html,,snf-ffs__data-documentation__4884fb854a__chunk_11
snf-ffs,snf-ffs__var__nch-bene-pta-coinsrnc-lblty-am,contains,https://resdac.org/cms-data/variables/nch-beneficiary-part-coinsurance-liability-amount,data/raw/html/variable_page/852731aba2b287f957e70aa5992baae39c9fa902.html,,snf-ffs__data-documentation__4884fb854a__chunk_6
snf-ffs,snf-ffs__var__nch-blood-pnts-frnshd-qty,contains,https://resdac.org/cms-data/variables/nch-blood-pints-furnished-quantity,data/raw/html/variable_page/325148b023c474720c426379ff05fbe1c95be2be.html,,snf-ffs__data-documentation__4884fb854a__chunk_9
snf-ffs,snf-ffs__var__nch-clm-type-cd,contains,https://resdac.org/cms-data/variables/nch-claim-type-code,data/raw/html/variable_page/e3d7728c48c11b3a62505589ff8deb65e42b66cc.html,,snf-ffs__data-documentation__4884fb854a__chunk_0
snf-ffs,snf-ffs__var__nch-ip-ncvrd-chrg-amt,contains,https://resdac.org/cms-data/variables/nch-inpatient-or-other-part-non-covered-charge-amount,data/raw/html/variable_page/680216330949c6535c2c35af72a851c4139a3ca8.html,,snf-ffs__data-documentation__4884fb854a__chunk_7
snf-ffs,snf-ffs__var__nch-ip-tot-ddctn-amt,contains,https://resdac.org/cms-data/variables/nch-inpatient-or-other-part-total-deductiblecoinsurance-amount,data/raw/html/variable_page/a0615e2894181120bbf0f3780bd8adca940c4389.html,,snf-ffs__data-documentation__4884fb854a__chunk_7
snf-ffs,snf-ffs__var__nch-near-line-rec-ident-cd,contains,https://resdac.org/cms-data/variables/nch-near-line-record-identification-code-ric,data/raw/html/variable_page/e2a65d5ccbf09b134831997edc04f893982c342b.html,,snf-ffs__data-documentation__4884fb854a__chunk_0
snf-ffs,snf-ffs__var__nch-prmry-pyr-cd,contains,https://resdac.org/cms-data/variables/nch-primary-payer-code-if-not-medicare,data/raw/html/variable_page/b317a9a6ccf8ed6ecabb8cfe040aec5f316f1cc4.html,,snf-ffs__data-documentation__4884fb854a__chunk_2
snf-ffs,snf-ffs__var__nch-prmry-pyr-clm-pd-amt,contains,https://resdac.org/cms-data/variables/nch-primary-payer-if-not-medicare-claim-paid-amount,data/raw/html/variable_page/2b019e3401e5d10ae77ff71e42eb87e40c8519df.html,,snf-ffs__data-documentation__4884fb854a__chunk_2
snf-ffs,snf-ffs__var__nch-profnl-cmpnt-chrg-amt,contains,https://resdac.org/cms-data/variables/professional-component-charge-amount,data/raw/html/variable_page/f529d0867564fa7bc7a982cf3fea3ff3023b09a6.html,,snf-ffs__data-documentation__4884fb854a__chunk_27
snf-ffs,snf-ffs__var__nch-ptnt-stus-ind-cd,contains,https://resdac.org/cms-data/files/snf-ffs/data-documentation,data/raw/html/documentation_page/4884fb854a6d49f92d07233bdd338c6ca594c7b0.html,,snf-ffs__data-documentation__4884fb854a__chunk_6
snf-ffs,snf-ffs__var__nch-qlfyd-stay-from-dt,contains,https://resdac.org/cms-data/variables/nch-qualified-stay-date,data/raw/html/variable_page/bf9ec422509f151c67b350abce1cd2b9cb385cb5.html,,snf-ffs__data-documentation__4884fb854a__chunk_9
snf-ffs,snf-ffs__var__nch-qlfyd-stay-thru-dt,contains,https://resdac.org/cms-data/variables/nch-qualified-stay-through-date,data/raw/html/variable_page/c9cec735ada35b830c59b36c0eb18153d5edcb91.html,,snf-ffs__data-documentation__4884fb854a__chunk_10
snf-ffs,snf-ffs__var__nch-vrfd-ncvrd-stay-from-dt,contains,https://resdac.org/cms-data/variables/nch-verified-non-covered-stay-date,data/raw/html/variable_page/ed7ede1a6fa0eb08a743d2a67cd7b7cf98a01b5c.html,,snf-ffs__data-documentation__4884fb854a__chunk_10
snf-ffs,snf-ffs__var__nch-vrfd-ncvrd-stay-thru-dt,contains,https://resdac.org/cms-data/variables/nch-verified-non-covered-stay-through-date,data/raw/html/variable_page/81982b305e8792808c3734a9162cd47664d0cbef.html,,snf-ffs__data-documentation__4884fb854a__chunk_10
snf-ffs,snf-ffs__var__nch-wkly-proc-dt,contains,https://resdac.org/cms-data/variables/nch-weekly-claim-processing-date,data/raw/html/variable_page/2c4fc50a162db7e581e0a12caf0ebc4f2b60bf39.html,,snf-ffs__data-documentation__4884fb854a__chunk_0
snf-ffs,snf-ffs__var__op-physn-npi,contains,https://resdac.org/cms-data/variables/claim-operating-physician-npi-number-ffs,data/raw/html/variable_page/71453b90edf9cb3f1bc8d156b32bf5cd04491e42.html,,snf-ffs__data-documentation__4884fb854a__chunk_3
snf-ffs,snf-ffs__var__op-physn-spclty-cd,contains,https://resdac.org/cms-data/variables/claim-operating-physician-specialty-code,data/raw/html/variable_page/a35ed051bd27b521da1d0e22f5239602bf4d43ef.html,,snf-ffs__data-documentation__4884fb854a__chunk_4
snf-ffs,snf-ffs__var__op-physn-upin,contains,https://resdac.org/cms-data/variables/claim-operating-physician-upin-number,data/raw/html/variable_page/fb6444e96240e7b3e3b4a37f11f8cda726e121a1.html,,snf-ffs__data-documentation__4884fb854a__chunk_3
snf-ffs,snf-ffs__var__org-npi-num,contains,https://resdac.org/cms-data/variables/organization-or-group-npi-number,data/raw/html/variable_page/e8247733716c1754f88e37f2ee97ab727459759f.html,,snf-ffs__data-documentation__4884fb854a__chunk_3
snf-ffs,snf-ffs__var__ot-physn-npi,contains,https://resdac.org/cms-data/variables/claim-other-physician-npi-number-ffs,data/raw/html/variable_page/023c022aea73887cc232e2301736aea58005996e.html,,snf-ffs__data-documentation__4884fb854a__chunk_4
snf-ffs,snf-ffs__var__ot-physn-spclty-cd,contains,https://resdac.org/cms-data/variables/claim-other-physician-specialty-code,data/raw/html/variable_page/3280d1644860439cfdef4ef30a51a3150cb10b36.html,,snf-ffs__data-documentation__4884fb854a__chunk_4
snf-ffs,snf-ffs__var__ot-physn-upin,contains,https://resdac.org/cms-data/variables/claim-other-physician-upin-number,data/raw/html/variable_page/f9c753ba8a72dd11a66309b65f2e5b1f2055c5cf.html,,snf-ffs__data-documentation__4884fb854a__chunk_4
snf-ffs,snf-ffs__var__prcdr-dt1,contains,https://resdac.org/cms-data/files/snf-ffs/data-documentation,data/raw/html/documentation_page/4884fb854a6d49f92d07233bdd338c6ca594c7b0.html,,snf-ffs__data-documentation__4884fb854a__chunk_18
snf-ffs,snf-ffs__var__prcdr-dt10,contains,https://resdac.org/cms-data/variables/claim-procedure-code-x-date-ffs,data/raw/html/variable_page/c125b91c92e9e531eda47865cb19171d64d204ca.html,,snf-ffs__data-documentation__4884fb854a__chunk_20
snf-ffs,snf-ffs__var__prcdr-dt11,contains,https://resdac.org/cms-data/variables/claim-procedure-code-xi-date-ffs,data/raw/html/variable_page/b07010bffe383703fd101eb2079bb95ae8d96189.html,,snf-ffs__data-documentation__4884fb854a__chunk_21
snf-ffs,snf-ffs__var__prcdr-dt12,contains,https://resdac.org/cms-data/variables/claim-procedure-code-xii-date-ffs,data/raw/html/variable_page/f482a8ca6707e49580bbb68c4b19661d83c8433d.html,,snf-ffs__data-documentation__4884fb854a__chunk_21
snf-ffs,snf-ffs__var__prcdr-dt13,contains,https://resdac.org/cms-data/variables/claim-procedure-code-xiii-date-ffs,data/raw/html/variable_page/706ffd02acc59d7353628ceb6469f0715eec79ce.html,,snf-ffs__data-documentation__4884fb854a__chunk_21
snf-ffs,snf-ffs__var__prcdr-dt14,contains,https://resdac.org/cms-data/variables/claim-procedure-code-xiv-date,data/raw/html/variable_page/60251f9a801ee9a27338bb4e02852039ccf3d034.html,,snf-ffs__data-documentation__4884fb854a__chunk_22
snf-ffs,snf-ffs__var__prcdr-dt15,contains,https://resdac.org/cms-data/variables/claim-procedure-code-xv-date,data/raw/html/variable_page/257b485b7f3eb0c40d2053369834eddb599dea74.html,,snf-ffs__data-documentation__4884fb854a__chunk_22
snf-ffs,snf-ffs__var__prcdr-dt16,contains,https://resdac.org/cms-data/variables/claim-procedure-code-xvi-date,data/raw/html/variable_page/0616228673a47c3b6b9ab821e9a537ad85bc0857.html,,snf-ffs__data-documentation__4884fb854a__chunk_22
snf-ffs,snf-ffs__var__prcdr-dt17,contains,https://resdac.org/cms-data/variables/claim-procedure-code-xvii-date,data/raw/html/variable_page/8fbcc779debe810be013be86264650593727c649.html,,snf-ffs__data-documentation__4884fb854a__chunk_23
snf-ffs,snf-ffs__var__prcdr-dt18,contains,https://resdac.org/cms-data/variables/claim-procedure-code-xviii-date,data/raw/html/variable_page/a101a9fa1cf47c26856923de331f46cdbeca0391.html,,snf-ffs__data-documentation__4884fb854a__chunk_23
snf-ffs,snf-ffs__var__prcdr-dt19,contains,https://resdac.org/cms-data/variables/claim-procedure-code-xix-date,data/raw/html/variable_page/60d61ec909163da1da58f1aad0b59b45da5bfb44.html,,snf-ffs__data-documentation__4884fb854a__chunk_23
snf-ffs,snf-ffs__var__prcdr-dt2,contains,https://resdac.org/cms-data/variables/claim-procedure-code-ii-date-ffs,data/raw/html/variable_page/4252951724a5fc796b3d53eca972dba27ca5cd5a.html,,snf-ffs__data-documentation__4884fb854a__chunk_18
snf-ffs,snf-ffs__var__prcdr-dt20,contains,https://resdac.org/cms-data/variables/claim-procedure-code-xx-date,data/raw/html/variable_page/ad2b1d7db6c407873a65921609ec9e162fb5b5da.html,,snf-ffs__data-documentation__4884fb854a__chunk_23
snf-ffs,snf-ffs__var__prcdr-dt21,contains,https://resdac.org/cms-data/variables/claim-procedure-code-xxi-date,data/raw/html/variable_page/89ecb8c4ffaccb05e19df0b1ebe124150dcf0431.html,,snf-ffs__data-documentation__4884fb854a__chunk_24
snf-ffs,snf-ffs__var__prcdr-dt22,contains,https://resdac.org/cms-data/variables/claim-procedure-code-xxii-date,data/raw/html/variable_page/61a1ed78bea5ae1036d91de3ef74709688399a9a.html,,snf-ffs__data-documentation__4884fb854a__chunk_24
snf-ffs,snf-ffs__var__prcdr-dt23,contains,https://resdac.org/cms-data/variables/claim-procedure-code-xxiii-date,data/raw/html/variable_page/731a5b517c426318e183d4d9a06c149a82957313.html,,snf-ffs__data-documentation__4884fb854a__chunk_24
snf-ffs,snf-ffs__var__prcdr-dt24,contains,https://resdac.org/cms-data/variables/claim-procedure-code-xxiv-date,data/raw/html/variable_page/7043ffbb1f566eec2a2e6a1eb1c320e2797e9a07.html,,snf-ffs__data-documentation__4884fb854a__chunk_25
snf-ffs,snf-ffs__var__prcdr-dt25,contains,https://resdac.org/cms-data/variables/claim-procedure-code-xxv-date,data/raw/html/variable_page/6965d468589fc842eba76b9f7ffc05dc6d06f233.html,,snf-ffs__data-documentation__4884fb854a__chunk_25
snf-ffs,snf-ffs__var__prcdr-dt3,contains,https://resdac.org/cms-data/variables/claim-procedure-code-iii-date-ffs,data/raw/html/variable_page/19c80cefea33734e70dfa13fa9cb3d9cc5f1242f.html,,snf-ffs__data-documentation__4884fb854a__chunk_18
snf-ffs,snf-ffs__var__prcdr-dt4,contains,https://resdac.org/cms-data/variables/claim-procedure-code-iv-date-ffs,data/raw/html/variable_page/dcdf8e7403da23d2a3f2ab90d2d3fb1cc3d80a8b.html,,snf-ffs__data-documentation__4884fb854a__chunk_19
snf-ffs,snf-ffs__var__prcdr-dt5,contains,https://resdac.org/cms-data/variables/claim-procedure-code-v-date-ffs,data/raw/html/variable_page/94b9176cebac432c90491136c198bf89f5df8b3d.html,,snf-ffs__data-documentation__4884fb854a__chunk_19
snf-ffs,snf-ffs__var__prcdr-dt6,contains,https://resdac.org/cms-data/variables/claim-procedure-code-vi-date-ffs,data/raw/html/variable_page/f814e0fe5c9878f73714b17bf2cbde9a186c3cdc.html,,snf-ffs__data-documentation__4884fb854a__chunk_19
snf-ffs,snf-ffs__var__prcdr-dt7,contains,https://resdac.org/cms-data/variables/claim-procedure-code-vii-date-ffs,data/raw/html/variable_page/7a2a64b5dfdcf1031364d6c9c546482d56726ef0.html,,snf-ffs__data-documentation__4884fb854a__chunk_19
snf-ffs,snf-ffs__var__prcdr-dt8,contains,https://resdac.org/cms-data/variables/claim-procedure-code-viii-date-ffs,data/raw/html/variable_page/afc977b2ed8ad90462821dca24e07e07039c7934.html,,snf-ffs__data-documentation__4884fb854a__chunk_20
snf-ffs,snf-ffs__var__prcdr-dt9,contains,https://resdac.org/cms-data/variables/claim-procedure-code-ix-date-ffs,data/raw/html/variable_page/19f0d4aaf5e80256cbca129ad3d22ac17841da21.html,,snf-ffs__data-documentation__4884fb854a__chunk_20
snf-ffs,snf-ffs__var__prncpal-dgns-cd,contains,https://resdac.org/cms-data/variables/claim-admitting-diagnosis-code-ffs,data/raw/html/variable_page/1cc5018d7bc8d9270dd7f8a504177c4875e0be91.html,,snf-ffs__data-documentation__4884fb854a__chunk_11
snf-ffs,snf-ffs__var__prvdr-full-ccn-num,contains,https://resdac.org/cms-data/files/snf-ffs/data-documentation,data/raw/html/documentation_page/4884fb854a6d49f92d07233bdd338c6ca594c7b0.html,,snf-ffs__data-documentation__4884fb854a__chunk_1
snf-ffs,snf-ffs__var__prvdr-num,contains,https://resdac.org/cms-data/variables/provider-number,data/raw/html/variable_page/688c63400acc0dfaa76fe29417ac5e1641f360b0.html,,snf-ffs__data-documentation__4884fb854a__chunk_1
snf-ffs,snf-ffs__var__prvdr-state-cd,contains,https://resdac.org/cms-data/variables/nch-provider-ssa-state-code,data/raw/html/variable_page/51b49cc085d78a4b01d479d262d048edc53cc046.html,,snf-ffs__data-documentation__4884fb854a__chunk_2
snf-ffs,snf-ffs__var__prvdr-vldtn-type-cd,contains,https://resdac.org/cms-data/variables/provider-validation-type-code,data/raw/html/variable_page/b24c008e9ff17a9e5818a21ed874962c1be003ce.html,,snf-ffs__data-documentation__4884fb854a__chunk_29
snf-ffs,snf-ffs__var__ptnt-dschrg-stus-cd,contains,https://resdac.org/cms-data/variables/nch-patient-status-indicator-code,data/raw/html/variable_page/9d5a781857c9f2b597547a490c153fa4275de737.html,,snf-ffs__data-documentation__4884fb854a__chunk_5
snf-ffs,snf-ffs__var__rndrng-physn-npi,contains,https://resdac.org/cms-data/variables/rendering-physician-npi-ffs,data/raw/html/variable_page/7599b431246712b6448a443663f7364254cd04db.html,,snf-ffs__data-documentation__4884fb854a__chunk_4
snf-ffs,snf-ffs__var__rr-brd-exclsn-ind-sw,contains,https://resdac.org/cms-data/variables/railroad-board-exclusion-indicator-switch,data/raw/html/variable_page/8fe27c72e8f915938d2f08038aafa8caa40705c7.html,,snf-ffs__data-documentation__4884fb854a__chunk_30
ssp-aco-beneficiary,ssp-aco-beneficiary__var__bene-dual-stus-cd,contains,https://www2.ccwdata.org/documents/10280/19022436/record-layout-aco-ssp-bene.xlsx,data/raw/assets/xlsx/a18201ad9ebc7d0a8f9c06edfab22a7ee9a939ca.xlsx,1,ssp-aco-beneficiary__record-layout-aco-ssp-bene_xlsx__a18201ad9e__s1__chunk_22
ssp-aco-beneficiary,ssp-aco-beneficiary__var__bene-id,contains,https://resdac.org/cms-data/variables/encrypted-ccw-beneficiary-id,data/raw/html/variable_page/69950b21ed36af6e7ed6c908dc18142a50445d3c.html,1,ssp-aco-beneficiary__record-layout-aco-ssp-bene_xlsx__a18201ad9e__s1__chunk_1
ssp-aco-provider,ssp-aco-provider__var__aco-location,contains,https://resdac.org/cms-data/variables/aco-location-county-primarily-served,data/raw/html/variable_page/fb5b89baefa0912e53e6aa808ed4e2c14617de61.html,,ssp-aco-provider__data-documentation__5536b884e7__chunk_2
ssp-aco-provider,ssp-aco-provider__var__aco-name,contains,https://resdac.org/cms-data/variables/aco-name,data/raw/html/variable_page/dc0bb973e2a6e9f75c01e0978273865abe477283.html,,ssp-aco-provider__data-documentation__5536b884e7__chunk_1
ssp-aco-provider,ssp-aco-provider__var__aco-num,contains,https://resdac.org/cms-data/variables/aco-identifier,data/raw/html/variable_page/2531619d8428f4f2def3bb47ab8efda7fe591950.html,,ssp-aco-provider__data-documentation__5536b884e7__chunk_1
ssp-aco-provider,ssp-aco-provider__var__fac-desc,contains,https://resdac.org/cms-data/variables/ccn-facility-type-description,data/raw/html/variable_page/3da8bda61ad59655922cce6a91f9ddddbb452348.html,,ssp-aco-provider__data-documentation__5536b884e7__chunk_2
ssp-aco-provider,ssp-aco-provider__var__fac-type,contains,https://resdac.org/cms-data/variables/ccn-facility-type,data/raw/html/variable_page/9a20939f2b9a00c25b1b5f72ec39ac85d2f4c6b9.html,,ssp-aco-provider__data-documentation__5536b884e7__chunk_2
ssp-aco-provider,ssp-aco-provider__var__npi-name,contains,https://resdac.org/cms-data/variables/name-provider-associated-npi,data/raw/html/variable_page/87d8b7b9fb44b57189434427017fb515ce176c55.html,,ssp-aco-provider__data-documentation__5536b884e7__chunk_1
ssp-aco-provider,ssp-aco-provider__var__prvdr-aco-year,contains,https://resdac.org/cms-data/variables/year-aco-source-record,data/raw/html/variable_page/c7827e5eb12184d790db69c855ad7c3a360375dc.html,,ssp-aco-provider__data-documentation__5536b884e7__chunk_1
ssp-aco-provider,ssp-aco-provider__var__prvdr-spclty-cd,contains,https://resdac.org/cms-data/variables/provider-specialty-code,data/raw/html/variable_page/07f6b0424b1ec58d716421053fa991531c5bd7cf.html,,ssp-aco-provider__data-documentation__5536b884e7__chunk_2
ssp-aco-provider,ssp-aco-provider__var__start-date,contains,https://resdac.org/cms-data/variables/start-date-0,data/raw/html/variable_page/9e4bd9e40c44060718f31b9a4aa9fe637ccb9a4d.html,,ssp-aco-provider__data-documentation__5536b884e7__chunk_2
ssp-aco-provider,ssp-aco-provider__var__tin-lbn,contains,https://resdac.org/cms-data/variables/tin-legal-business-name,data/raw/html/variable_page/5d7cdaa412984b8ca0b498b138b978e56ac18ae6.html,,ssp-aco-provider__data-documentation__5536b884e7__chunk_1
taf-apl,taf-apl__var__ccw-apl-link-key,contains,https://resdac.org/cms-data/variables/ccw-key-link-apl-base-record-related-supplement-records,data/raw/html/variable_page/8c6c028b56ff21eae6a0e0e9b3cacdb8a9a4e758.html,,taf-apl__data-documentation__54ad13ec0e__chunk_22
taf-apl,taf-apl__var__ccw-ld-dt,contains,https://resdac.org/cms-data/variables/ccw-load-date,data/raw/html/variable_page/caa12f781d12af63a5a06d0ec8ec5c3292affc2e.html,,taf-apl__data-documentation__54ad13ec0e__chunk_22
taf-apl,taf-apl__var__chip-cvrg-chldrn-pop-ind,contains,https://resdac.org/cms-data/variables/eligible-population-indicator-chip-coverage-children-ever-calendar-year,data/raw/html/variable_page/5a35e4bc0c1a63a0edcb1594483aebbc28b7e3dc.html,,taf-apl__data-documentation__54ad13ec0e__chunk_14
taf-apl,taf-apl__var__chip-optns-cvrg-chldrn-pop-ind,contains,https://resdac.org/cms-data/variables/eligible-population-indicator-chip-additional-coverage-options-children-ever,data/raw/html/variable_page/57d335549e70bf6055bf08bb10da3dbb2094602c.html,,taf-apl__data-documentation__54ad13ec0e__chunk_14
taf-apl,taf-apl__var__chip-optn-cvrg-prgnt-wmn-pop-ind,contains,https://resdac.org/cms-data/variables/eligible-population-indicator-chip-additional-coverage-options-pregnant-women,data/raw/html/variable_page/633b6838896b2669e542186081ba811bd4782e67.html,,taf-apl__data-documentation__54ad13ec0e__chunk_15
taf-apl,taf-apl__var__cms-rgn,contains,https://resdac.org/cms-data/variables/cms-region-submitting-state,data/raw/html/variable_page/3b9408211b00030800ecd1436ca11848bf5f2159.html,,taf-apl__data-documentation__54ad13ec0e__chunk_0
taf-apl,taf-apl__var__da-run-id,contains,https://resdac.org/cms-data/variables/taf-production-run-identifier-unique-each-taf-run,data/raw/html/variable_page/5adb29813beae39a467c09d72e40ba3e4968c832.html,,taf-apl__data-documentation__54ad13ec0e__chunk_22
taf-apl,taf-apl__var__mc-ent-acrdtn-achvmt-dt-1,contains,https://resdac.org/cms-data/variables/managed-care-entity-accreditation-achievement-date-1st-accrediting-organization,data/raw/html/variable_page/820e9c839aea774a08bf501c74e39da6f628842e.html,,taf-apl__data-documentation__54ad13ec0e__chunk_16
taf-apl,taf-apl__var__mc-ent-acrdtn-achvmt-dt-2,contains,https://resdac.org/cms-data/variables/managed-care-entity-accreditation-achievement-date-2nd-accrediting-organization,data/raw/html/variable_page/5b52c692964dcd41ced27a013664a6df599e2e9f.html,,taf-apl__data-documentation__54ad13ec0e__chunk_17
taf-apl,taf-apl__var__mc-ent-acrdtn-achvmt-dt-3,contains,https://resdac.org/cms-data/variables/managed-care-entity-accreditation-achievement-date-3rd-accrediting-organization,data/raw/html/variable_page/e31ed882e9aa80783d624beb8caa860cb83e8a47.html,,taf-apl__data-documentation__54ad13ec0e__chunk_18
taf-apl,taf-apl__var__mc-ent-acrdtn-achvmt-dt-4,contains,https://resdac.org/cms-data/variables/managed-care-entity-accreditation-achievement-date-4th-accrediting-organization,data/raw/html/variable_page/819f82bbbb40e12e41326d1736db6b9dc606d9d4.html,,taf-apl__data-documentation__54ad13ec0e__chunk_19
taf-apl,taf-apl__var__mc-ent-acrdtn-achvmt-dt-5,contains,https://resdac.org/cms-data/variables/managed-care-entity-accreditation-achievement-date-5th-accrediting-organization,data/raw/html/variable_page/6b10d8a3a3d8ef3d48e21ad461b0f02e30ca600c.html,,taf-apl__data-documentation__54ad13ec0e__chunk_19
taf-apl,taf-apl__var__mc-ent-acrdtn-end-dt-1,contains,https://resdac.org/cms-data/variables/managed-care-entity-accreditation-end-date-1st-accrediting-organization,data/raw/html/variable_page/346319dcf807409c5face2b5c8874a5deaf25f04.html,,taf-apl__data-documentation__54ad13ec0e__chunk_16
taf-apl,taf-apl__var__mc-ent-acrdtn-end-dt-2,contains,https://resdac.org/cms-data/variables/managed-care-entity-accreditation-end-date-2nd-accrediting-organization,data/raw/html/variable_page/e635582a5fcdcbed3d2b3231103667d4f7db4c2c.html,,taf-apl__data-documentation__54ad13ec0e__chunk_17
taf-apl,taf-apl__var__mc-ent-acrdtn-end-dt-3,contains,https://resdac.org/cms-data/variables/managed-care-entity-accreditation-end-date-3rd-accrediting-organization,data/raw/html/variable_page/45b1906f694d13126d1b2b6d19977febb1b4f843.html,,taf-apl__data-documentation__54ad13ec0e__chunk_18
taf-apl,taf-apl__var__mc-ent-acrdtn-end-dt-4,contains,https://resdac.org/cms-data/variables/managed-care-entity-accreditation-end-date-4th-accrediting-organization,data/raw/html/variable_page/4d7ea0bfa9c11a6a01f1b404a2a10de582e7616b.html,,taf-apl__data-documentation__54ad13ec0e__chunk_19
taf-apl,taf-apl__var__mc-ent-acrdtn-end-dt-5,contains,https://resdac.org/cms-data/variables/managed-care-entity-accreditation-end-date-5th-accrediting-organization,data/raw/html/variable_page/577d3ee1e3e27792ccd98c978f69b903f81eb14a.html,,taf-apl__data-documentation__54ad13ec0e__chunk_20
taf-apl,taf-apl__var__mc-ent-acrdtn-org-cd-1,contains,https://resdac.org/cms-data/variables/managed-care-entity-1st-accrediting-organization,data/raw/html/variable_page/f4fb8b0544f1d8ee3954a50e636a4c6b8723964c.html,,taf-apl__data-documentation__54ad13ec0e__chunk_16
taf-apl,taf-apl__var__mc-ent-acrdtn-org-cd-2,contains,https://resdac.org/cms-data/variables/managed-care-entity-2nd-accrediting-organization,data/raw/html/variable_page/02be8fde56598343b6306ff004b1706d92170ad3.html,,taf-apl__data-documentation__54ad13ec0e__chunk_17
taf-apl,taf-apl__var__mc-ent-acrdtn-org-cd-3,contains,https://resdac.org/cms-data/variables/managed-care-entity-3rd-accrediting-organization,data/raw/html/variable_page/6f5b2e4be4485c8040f8a1bcde1154aa195e16f7.html,,taf-apl__data-documentation__54ad13ec0e__chunk_17
taf-apl,taf-apl__var__mc-ent-acrdtn-org-cd-4,contains,https://resdac.org/cms-data/variables/managed-care-entity-4th-accrediting-organization,data/raw/html/variable_page/9bef7f46ad832bc50a54849b79f63781ffd5c32e.html,,taf-apl__data-documentation__54ad13ec0e__chunk_18
taf-apl,taf-apl__var__mc-ent-acrdtn-org-cd-5,contains,https://resdac.org/cms-data/variables/managed-care-entity-5th-accrediting-organization,data/raw/html/variable_page/71837a864d9237ac1b6995e41298af13f7d6b0db.html,,taf-apl__data-documentation__54ad13ec0e__chunk_19
taf-apl,taf-apl__var__mc-ent-govt-pct,contains,https://resdac.org/cms-data/variables/managed-care-entity-percent-revenue-medicare-and-medicaid-latest-year,data/raw/html/variable_page/b5f8b2cacc4a02f0a83a6413381dc6a9a1df7e7f.html,,taf-apl__data-documentation__54ad13ec0e__chunk_20
taf-apl,taf-apl__var__mc-ent-prft-stus-cd,contains,https://resdac.org/cms-data/variables/managed-care-entity-profit-status-code-latest-year,data/raw/html/variable_page/00dd398787f790550c036bd4179b7ffb1d52dce5.html,,taf-apl__data-documentation__54ad13ec0e__chunk_20
taf-apl,taf-apl__var__mc-plan-actv-ind-01,contains,https://resdac.org/cms-data/files/taf-apl/data-documentation,data/raw/html/documentation_page/54ad13ec0ec7f6d311da24252620d5ade6c49360.html,,taf-apl__data-documentation__54ad13ec0e__chunk_3
taf-apl,taf-apl__var__mc-plan-actv-ind-02,contains,https://resdac.org/cms-data/files/taf-apl/data-documentation,data/raw/html/documentation_page/54ad13ec0ec7f6d311da24252620d5ade6c49360.html,,taf-apl__data-documentation__54ad13ec0e__chunk_3
taf-apl,taf-apl__var__mc-plan-actv-ind-03,contains,https://resdac.org/cms-data/files/taf-apl/data-documentation,data/raw/html/documentation_page/54ad13ec0ec7f6d311da24252620d5ade6c49360.html,,taf-apl__data-documentation__54ad13ec0e__chunk_3
taf-apl,taf-apl__var__mc-plan-actv-ind-04,contains,https://resdac.org/cms-data/files/taf-apl/data-documentation,data/raw/html/documentation_page/54ad13ec0ec7f6d311da24252620d5ade6c49360.html,,taf-apl__data-documentation__54ad13ec0e__chunk_3
taf-apl,taf-apl__var__mc-plan-actv-ind-05,contains,https://resdac.org/cms-data/files/taf-apl/data-documentation,data/raw/html/documentation_page/54ad13ec0ec7f6d311da24252620d5ade6c49360.html,,taf-apl__data-documentation__54ad13ec0e__chunk_3
taf-apl,taf-apl__var__mc-plan-actv-ind-06,contains,https://resdac.org/cms-data/files/taf-apl/data-documentation,data/raw/html/documentation_page/54ad13ec0ec7f6d311da24252620d5ade6c49360.html,,taf-apl__data-documentation__54ad13ec0e__chunk_4
taf-apl,taf-apl__var__mc-plan-actv-ind-07,contains,https://resdac.org/cms-data/files/taf-apl/data-documentation,data/raw/html/documentation_page/54ad13ec0ec7f6d311da24252620d5ade6c49360.html,,taf-apl__data-documentation__54ad13ec0e__chunk_4
taf-apl,taf-apl__var__mc-plan-actv-ind-08,contains,https://resdac.org/cms-data/files/taf-apl/data-documentation,data/raw/html/documentation_page/54ad13ec0ec7f6d311da24252620d5ade6c49360.html,,taf-apl__data-documentation__54ad13ec0e__chunk_4
taf-apl,taf-apl__var__mc-plan-actv-ind-09,contains,https://resdac.org/cms-data/files/taf-apl/data-documentation,data/raw/html/documentation_page/54ad13ec0ec7f6d311da24252620d5ade6c49360.html,,taf-apl__data-documentation__54ad13ec0e__chunk_4
taf-apl,taf-apl__var__mc-plan-actv-ind-10,contains,https://resdac.org/cms-data/files/taf-apl/data-documentation,data/raw/html/documentation_page/54ad13ec0ec7f6d311da24252620d5ade6c49360.html,,taf-apl__data-documentation__54ad13ec0e__chunk_4
taf-apl,taf-apl__var__mc-plan-actv-ind-11,contains,https://resdac.org/cms-data/files/taf-apl/data-documentation,data/raw/html/documentation_page/54ad13ec0ec7f6d311da24252620d5ade6c49360.html,,taf-apl__data-documentation__54ad13ec0e__chunk_5
taf-apl,taf-apl__var__mc-plan-actv-ind-12,contains,https://resdac.org/cms-data/files/taf-apl/data-documentation,data/raw/html/documentation_page/54ad13ec0ec7f6d311da24252620d5ade6c49360.html,,taf-apl__data-documentation__54ad13ec0e__chunk_5
taf-apl,taf-apl__var__mc-plan-cbsa-cd,contains,https://resdac.org/cms-data/variables/managed-care-plan-core-based-statistical-area-code-service-area,data/raw/html/variable_page/7c00c83b99f70330d0599c83bff9e4b6bee65d60.html,,taf-apl__data-documentation__54ad13ec0e__chunk_2
taf-apl,taf-apl__var__mc-plan-cntrct-addtnl-prd-ind,contains,https://resdac.org/cms-data/variables/managed-care-plan-contract-additional-period-indicator,data/raw/html/variable_page/e8fa0d72bf34a2d801adc8ae61a670786527579f.html,,taf-apl__data-documentation__54ad13ec0e__chunk_2
taf-apl,taf-apl__var__mc-plan-cntrct-end-dt,contains,https://resdac.org/cms-data/variables/managed-care-plan-contract-end-date,data/raw/html/variable_page/d6265bccaabb616e81937228c2491ee5cdb427b7.html,,taf-apl__data-documentation__54ad13ec0e__chunk_1
taf-apl,taf-apl__var__mc-plan-cntrct-start-dt,contains,https://resdac.org/cms-data/variables/managed-care-plan-contract-start-date,data/raw/html/variable_page/2771bc0064ee3cbb14f209862e4416e81b786035.html,,taf-apl__data-documentation__54ad13ec0e__chunk_1
taf-apl,taf-apl__var__mc-plan-id,contains,https://resdac.org/cms-data/variables/operating-authority-indicator-voluntary-primary-care-case-management-pccm-ever,data/raw/html/variable_page/90f91e3711b378b50d4961499f8032c0ed38afe4.html,,taf-apl__data-documentation__54ad13ec0e__chunk_0
taf-apl,taf-apl__var__mc-plan-name,contains,https://resdac.org/cms-data/variables/managed-care-plan-name,data/raw/html/variable_page/47d52da3bdce10848b19b159b05111a9e0562caf.html,,taf-apl__data-documentation__54ad13ec0e__chunk_0
taf-apl,taf-apl__var__mc-plan-pgm-cd,contains,https://resdac.org/cms-data/variables/managed-care-plan-program-code,data/raw/html/variable_page/285b92f1e16a4099a4bde704d18cd3dc57eb3618.html,,taf-apl__data-documentation__54ad13ec0e__chunk_0
taf-apl,taf-apl__var__mc-plan-reimbrsmt-type-cd,contains,https://resdac.org/cms-data/variables/managed-care-plan-reimbursement-type-code,data/raw/html/variable_page/6d171cd2452254e8b215678e9cc487e7513971e0.html,,taf-apl__data-documentation__54ad13ec0e__chunk_1
taf-apl,taf-apl__var__mc-plan-sarea-cd,contains,https://resdac.org/cms-data/variables/managed-care-plan-service-area-code-latest-year,data/raw/html/variable_page/0f571257c39614b116f9c24bbd4777b762b5d881.html,,taf-apl__data-documentation__54ad13ec0e__chunk_2
taf-apl,taf-apl__var__mc-plan-statewide-ind,contains,https://resdac.org/cms-data/variables/managed-care-plan-statewide-service-area-indicator-ever-calendar-year,data/raw/html/variable_page/d8de96981ad56a3d4f75ef57f0cf72003a840f4c.html,,taf-apl__data-documentation__54ad13ec0e__chunk_2
taf-apl,taf-apl__var__mc-plan-type-cd,contains,https://resdac.org/cms-data/variables/managed-care-plan-type-category-code,data/raw/html/variable_page/800d4413c8f3317e103aaa94dd4be39c2ddcb347.html,,taf-apl__data-documentation__54ad13ec0e__chunk_0
taf-apl,taf-apl__var__mc-plan-type-ctgry-cd,contains,https://resdac.org/cms-data/files/taf-apl/data-documentation,data/raw/html/documentation_page/54ad13ec0ec7f6d311da24252620d5ade6c49360.html,,taf-apl__data-documentation__54ad13ec0e__chunk_0
taf-apl,taf-apl__var__mdcd-mand-cvrg-abd-pop-ind,contains,https://resdac.org/cms-data/variables/eligible-population-indicator-medicaid-mandatory-coverage-aged-blind-disabled,data/raw/html/variable_page/f8f77a306cbf06b96c3e2a1089401f9ec1b2fd1b.html,,taf-apl__data-documentation__54ad13ec0e__chunk_12
taf-apl,taf-apl__var__mdcd-mand-cvrg-adlt-pop-ind,contains,https://resdac.org/cms-data/variables/eligible-population-indicator-medicaid-mandatory-coverage-family-adult-ever,data/raw/html/variable_page/4f731a9c9a6ad47e95765a6e4ed4fe4ea3dfdf2f.html,,taf-apl__data-documentation__54ad13ec0e__chunk_12
taf-apl,taf-apl__var__mdcd-mdcly-ndy-cvrg-abd-pop-ind,contains,https://resdac.org/cms-data/variables/eligible-population-indicator-medicaid-medically-needy-coverage-aged-blind,data/raw/html/variable_page/4c947f9b6490d4ee275865b21f702b4c55778817.html,,taf-apl__data-documentation__54ad13ec0e__chunk_14
taf-apl,taf-apl__var__mdcd-mdcly-ndy-cvrg-adlt-pop-ind,contains,https://resdac.org/cms-data/variables/eligible-population-indicator-medicaid-medically-needy-family-adult-ever,data/raw/html/variable_page/d84ea1a22d3e3dace95143553cf6fef594be64c6.html,,taf-apl__data-documentation__54ad13ec0e__chunk_13
taf-apl,taf-apl__var__mdcd-optnl-cvrg-abd-pop-ind,contains,https://resdac.org/cms-data/variables/eligible-population-indicator-medicaid-optional-coverage-aged-blind-disabled,data/raw/html/variable_page/3e3034fbd5bf5ebde8d50a618f3d4909384cb8c4.html,,taf-apl__data-documentation__54ad13ec0e__chunk_13
taf-apl,taf-apl__var__mdcd-optnl-cvrg-adlt-pop-ind,contains,https://resdac.org/cms-data/variables/eligible-population-indicator-medicaid-optional-coverage-adult-children-ever,data/raw/html/variable_page/57cf68de9a019d284570239d533c1bcb254e8a5f.html,,taf-apl__data-documentation__54ad13ec0e__chunk_13
taf-apl,taf-apl__var__oprtg-authrty-1115-1915j-ind,contains,https://resdac.org/cms-data/files/taf-apl/data-documentation,data/raw/html/documentation_page/54ad13ec0ec7f6d311da24252620d5ade6c49360.html,,taf-apl__data-documentation__54ad13ec0e__chunk_10
taf-apl,taf-apl__var__oprtg-authrty-1115-1915k-ind,contains,https://resdac.org/cms-data/files/taf-apl/data-documentation,data/raw/html/documentation_page/54ad13ec0ec7f6d311da24252620d5ade6c49360.html,,taf-apl__data-documentation__54ad13ec0e__chunk_12
taf-apl,taf-apl__var__oprtg-authrty-1115-demo-wvr-ind,contains,https://resdac.org/cms-data/files/taf-apl/data-documentation,data/raw/html/documentation_page/54ad13ec0ec7f6d311da24252620d5ade6c49360.html,,taf-apl__data-documentation__54ad13ec0e__chunk_5
taf-apl,taf-apl__var__oprtg-authrty-1902a70-nemt-ind,contains,https://resdac.org/cms-data/files/taf-apl/data-documentation,data/raw/html/documentation_page/54ad13ec0ec7f6d311da24252620d5ade6c49360.html,,taf-apl__data-documentation__54ad13ec0e__chunk_8
taf-apl,taf-apl__var__oprtg-authrty-1905t-pccm-ind,contains,https://resdac.org/cms-data/files/taf-apl/data-documentation,data/raw/html/documentation_page/54ad13ec0ec7f6d311da24252620d5ade6c49360.html,,taf-apl__data-documentation__54ad13ec0e__chunk_7
taf-apl,taf-apl__var__oprtg-authrty-1915ac-wvr-ind,contains,https://resdac.org/cms-data/files/taf-apl/data-documentation,data/raw/html/documentation_page/54ad13ec0ec7f6d311da24252620d5ade6c49360.html,,taf-apl__data-documentation__54ad13ec0e__chunk_7
taf-apl,taf-apl__var__oprtg-authrty-1915ai-ind,contains,https://resdac.org/cms-data/files/taf-apl/data-documentation,data/raw/html/documentation_page/54ad13ec0ec7f6d311da24252620d5ade6c49360.html,,taf-apl__data-documentation__54ad13ec0e__chunk_9
taf-apl,taf-apl__var__oprtg-authrty-1915aj-ind,contains,https://resdac.org/cms-data/files/taf-apl/data-documentation,data/raw/html/documentation_page/54ad13ec0ec7f6d311da24252620d5ade6c49360.html,,taf-apl__data-documentation__54ad13ec0e__chunk_10
taf-apl,taf-apl__var__oprtg-authrty-1915ak-ind,contains,https://resdac.org/cms-data/files/taf-apl/data-documentation,data/raw/html/documentation_page/54ad13ec0ec7f6d311da24252620d5ade6c49360.html,,taf-apl__data-documentation__54ad13ec0e__chunk_11
taf-apl,taf-apl__var__oprtg-authrty-1915a-ind,contains,https://resdac.org/cms-data/files/taf-apl/data-documentation,data/raw/html/documentation_page/54ad13ec0ec7f6d311da24252620d5ade6c49360.html,,taf-apl__data-documentation__54ad13ec0e__chunk_6
taf-apl,taf-apl__var__oprtg-authrty-1915bc-wvr-ind,contains,https://resdac.org/cms-data/files/taf-apl/data-documentation,data/raw/html/documentation_page/54ad13ec0ec7f6d311da24252620d5ade6c49360.html,,taf-apl__data-documentation__54ad13ec0e__chunk_6
taf-apl,taf-apl__var__oprtg-authrty-1915bi-ind,contains,https://resdac.org/cms-data/files/taf-apl/data-documentation,data/raw/html/documentation_page/54ad13ec0ec7f6d311da24252620d5ade6c49360.html,,taf-apl__data-documentation__54ad13ec0e__chunk_8
taf-apl,taf-apl__var__oprtg-authrty-1915bj-ind,contains,https://resdac.org/cms-data/files/taf-apl/data-documentation,data/raw/html/documentation_page/54ad13ec0ec7f6d311da24252620d5ade6c49360.html,,taf-apl__data-documentation__54ad13ec0e__chunk_10
taf-apl,taf-apl__var__oprtg-authrty-1915bk-ind,contains,https://resdac.org/cms-data/files/taf-apl/data-documentation,data/raw/html/documentation_page/54ad13ec0ec7f6d311da24252620d5ade6c49360.html,,taf-apl__data-documentation__54ad13ec0e__chunk_11
taf-apl,taf-apl__var__oprtg-authrty-1915b-wvr-ind,contains,https://resdac.org/cms-data/files/taf-apl/data-documentation,data/raw/html/documentation_page/54ad13ec0ec7f6d311da24252620d5ade6c49360.html,,taf-apl__data-documentation__54ad13ec0e__chunk_5
taf-apl,taf-apl__var__oprtg-authrty-1932a-1915c-ind,contains,https://resdac.org/cms-data/files/taf-apl/data-documentation,data/raw/html/documentation_page/54ad13ec0ec7f6d311da24252620d5ade6c49360.html,,taf-apl__data-documentation__54ad13ec0e__chunk_7
taf-apl,taf-apl__var__oprtg-authrty-1932a-1915i-ind,contains,https://resdac.org/cms-data/files/taf-apl/data-documentation,data/raw/html/documentation_page/54ad13ec0ec7f6d311da24252620d5ade6c49360.html,,taf-apl__data-documentation__54ad13ec0e__chunk_9
taf-apl,taf-apl__var__oprtg-authrty-1932a-1915j-ind,contains,https://resdac.org/cms-data/files/taf-apl/data-documentation,data/raw/html/documentation_page/54ad13ec0ec7f6d311da24252620d5ade6c49360.html,,taf-apl__data-documentation__54ad13ec0e__chunk_10
taf-apl,taf-apl__var__oprtg-authrty-1932a-1915k-ind,contains,https://resdac.org/cms-data/files/taf-apl/data-documentation,data/raw/html/documentation_page/54ad13ec0ec7f6d311da24252620d5ade6c49360.html,,taf-apl__data-documentation__54ad13ec0e__chunk_11
taf-apl,taf-apl__var__oprtg-authrty-1932a-spo-ind,contains,https://resdac.org/cms-data/files/taf-apl/data-documentation,data/raw/html/documentation_page/54ad13ec0ec7f6d311da24252620d5ade6c49360.html,,taf-apl__data-documentation__54ad13ec0e__chunk_6
taf-apl,taf-apl__var__oprtg-authrty-1937-abp-ind,contains,https://resdac.org/cms-data/files/taf-apl/data-documentation,data/raw/html/documentation_page/54ad13ec0ec7f6d311da24252620d5ade6c49360.html,,taf-apl__data-documentation__54ad13ec0e__chunk_8
taf-apl,taf-apl__var__oprtg-authrty-1945-hlth-home-ind,contains,https://resdac.org/cms-data/files/taf-apl/data-documentation,data/raw/html/documentation_page/54ad13ec0ec7f6d311da24252620d5ade6c49360.html,,taf-apl__data-documentation__54ad13ec0e__chunk_9
taf-apl,taf-apl__var__oprtg-authrty-pace-ind,contains,https://resdac.org/cms-data/files/taf-apl/data-documentation,data/raw/html/documentation_page/54ad13ec0ec7f6d311da24252620d5ade6c49360.html,,taf-apl__data-documentation__54ad13ec0e__chunk_7
taf-apl,taf-apl__var__pl-vrsn,contains,https://resdac.org/cms-data/variables/plan-file-version-representing-iteration-file,data/raw/html/variable_page/faa8eea4739059ddc049649760c313b32b9298cb.html,,taf-apl__data-documentation__54ad13ec0e__chunk_22
taf-apl,taf-apl__var__rfrnc-yr,contains,https://resdac.org/cms-data/variables/reference-year-taf,data/raw/html/variable_page/13c2669d8ce7a5be990464403021e5e9deff6245.html,,taf-apl__data-documentation__54ad13ec0e__chunk_22
taf-apl,taf-apl__var__splmtl-oprtg-authrty,contains,https://resdac.org/cms-data/files/taf-apl/data-documentation,data/raw/html/documentation_page/54ad13ec0ec7f6d311da24252620d5ade6c49360.html,,taf-apl__data-documentation__54ad13ec0e__chunk_21
taf-apl,taf-apl__var__splmtl-pop-enrlmt,contains,https://resdac.org/cms-data/files/taf-apl/data-documentation,data/raw/html/documentation_page/54ad13ec0ec7f6d311da24252620d5ade6c49360.html,,taf-apl__data-documentation__54ad13ec0e__chunk_21
taf-apl,taf-apl__var__splmtl-sarea,contains,https://resdac.org/cms-data/files/taf-apl/data-documentation,data/raw/html/documentation_page/54ad13ec0ec7f6d311da24252620d5ade6c49360.html,,taf-apl__data-documentation__54ad13ec0e__chunk_21
taf-apl,taf-apl__var__splmtl-srvc-addr-lctn,contains,https://resdac.org/cms-data/files/taf-apl/data-documentation,data/raw/html/documentation_page/54ad13ec0ec7f6d311da24252620d5ade6c49360.html,,taf-apl__data-documentation__54ad13ec0e__chunk_21
taf-apl,taf-apl__var__state-cd,contains,https://resdac.org/cms-data/variables/submitting-state-alpha-abbreviation,data/raw/html/variable_page/88f3f43ad936f20fedfbe463595fa86d1ce93a6d.html,,taf-apl__data-documentation__54ad13ec0e__chunk_0
taf-apl,taf-apl__var__submtg-state-cd,contains,https://resdac.org/cms-data/variables/submitting-state-fips-code,data/raw/html/variable_page/5758349ebbcec624c42da9cbc9b96f06e6e90f80.html,,taf-apl__data-documentation__54ad13ec0e__chunk_0
taf-apl,taf-apl__var__unk-elgblty-grp-pop-ind,contains,https://resdac.org/cms-data/variables/eligible-population-indicator-unknown-eligibility-group-ever-calendar-year,data/raw/html/variable_page/9b09882b920476dfc4df2d503c28be3654c30a51.html,,taf-apl__data-documentation__54ad13ec0e__chunk_16
taf-apl,taf-apl__var__wvr-1115-expnsn-cvrg-pop-ind,contains,https://resdac.org/cms-data/variables/eligible-population-indicator-1115-expansion-groups-coverage-waiver-ever,data/raw/html/variable_page/191727d4be985e09722f2b690589f63a17ee8f2d.html,,taf-apl__data-documentation__54ad13ec0e__chunk_15
taf-apr,taf-apr__var__acptg-new-ptnts-ind,contains,https://resdac.org/cms-data/variables/provider-accepting-new-patients-indicator-ever-calendar-year,data/raw/html/variable_page/f2eb0e30243e3a254ea2c7615a6965bc1c07bf9a.html,,taf-apr__data-documentation__4b6fa6bd99__chunk_6
taf-apr,taf-apr__var__agncy-prvdr-txnmy-ind,contains,https://resdac.org/cms-data/variables/agency-provider-taxonomy-indicator-ever-calendar-year,data/raw/html/variable_page/1ec5f83a849077bdfc3d6d95d39f0d04b0c2894d.html,,taf-apr__data-documentation__4b6fa6bd99__chunk_14
taf-apr,taf-apr__var__alpthc-ostpthc-physn-txnmy-ind,contains,https://resdac.org/cms-data/variables/allopathic-or-osteopathic-physician-taxonomy-indicator-ever-calendar-year,data/raw/html/variable_page/557ee0501dd0e5c91b1d36a9ca3a2a4c160fea6a.html,,taf-apr__data-documentation__4b6fa6bd99__chunk_9
taf-apr,taf-apr__var__ambltry-clnc-txnmy-ind,contains,https://resdac.org/cms-data/variables/ambulatory-health-services-clinic-taxonomy-indicator-ever-calendar-year,data/raw/html/variable_page/96b1b332f87ecddb84e6a2b1d5b9991721959a9b.html,,taf-apr__data-documentation__4b6fa6bd99__chunk_14
taf-apr,taf-apr__var__bhvrl-hlth-scl-srvc-txnmy-ind,contains,https://resdac.org/cms-data/variables/behavioral-health-social-service-provider-taxonomy-indicator-ever-calendar-year,data/raw/html/variable_page/b5a5a9d9526cd7a7384ca27a30be1d9ad3b40b38.html,,taf-apr__data-documentation__4b6fa6bd99__chunk_9
taf-apr,taf-apr__var__ccw-apl-link-key,contains,https://resdac.org/cms-data/variables/ccw-key-link-apl-base-record-related-supplement-records,data/raw/html/variable_page/8c6c028b56ff21eae6a0e0e9b3cacdb8a9a4e758.html,,taf-apr__data-documentation__4b6fa6bd99__chunk_20
taf-apr,taf-apr__var__ccw-apr-link-key,contains,https://resdac.org/cms-data/variables/annual-provider-record-supplemental-taxonomy-file,data/raw/html/variable_page/b398ba3f92446543051b8f2f4f2f31ad0af86974.html,28,taf-apr__codebook-taf-annual-provider_pdf__de0c89017c__p28__chunk_1
taf-apr,taf-apr__var__ccw-ld-dt,contains,https://resdac.org/cms-data/variables/ccw-load-date,data/raw/html/variable_page/caa12f781d12af63a5a06d0ec8ec5c3292affc2e.html,,taf-apr__data-documentation__4b6fa6bd99__chunk_21
taf-apr,taf-apr__var__chrprctic-txnmy-ind,contains,https://resdac.org/cms-data/variables/chiropractic-provider-taxonomy-indicator-ever-calendar-year,data/raw/html/variable_page/a30020248084cc96607ea15321d750ffaff93e48.html,,taf-apr__data-documentation__4b6fa6bd99__chunk_9
taf-apr,taf-apr__var__cms-rgn,contains,https://resdac.org/cms-data/variables/cms-region-submitting-state,data/raw/html/variable_page/3b9408211b00030800ecd1436ca11848bf5f2159.html,,taf-apr__data-documentation__4b6fa6bd99__chunk_0
taf-apr,taf-apr__var__da-run-id,contains,https://resdac.org/cms-data/variables/taf-production-run-identifier-unique-each-taf-run,data/raw/html/variable_page/5adb29813beae39a467c09d72e40ba3e4968c832.html,,taf-apr__data-documentation__4b6fa6bd99__chunk_20
taf-apr,taf-apr__var__dntl-txnmy-ind,contains,https://resdac.org/cms-data/variables/dental-provider-taxonomy-indicator-ever-calendar-year,data/raw/html/variable_page/ad281cada096520232060c896701481dc36b15c6.html,,taf-apr__data-documentation__4b6fa6bd99__chunk_10
taf-apr,taf-apr__var__dtry-ntrtnl-srvc-txnmy-ind,contains,https://resdac.org/cms-data/variables/dietary-or-nutritional-services-provider-taxonomy-indicator-ever-calendar-year,data/raw/html/variable_page/694090d8cc9ea3046e573e6d69ee8599b2977ce7.html,,taf-apr__data-documentation__4b6fa6bd99__chunk_10
taf-apr,taf-apr__var__emer-mdcl-srvc-txnmy-ind,contains,https://resdac.org/cms-data/variables/emergency-medical-services-provider-taxonomy-indicator-ever-calendar-year,data/raw/html/variable_page/67d4c82cfb5bea858158aa429b94b720c44cc163.html,,taf-apr__data-documentation__4b6fa6bd99__chunk_10
taf-apr,taf-apr__var__emer-srvc-prvdr-clsfctn-ind,contains,https://resdac.org/cms-data/variables/emergency-services-provider-classification-indicator-ever-calendar-year,data/raw/html/variable_page/9cd69ec5711d2441e198933ca10d5b86f9624e20.html,,taf-apr__data-documentation__4b6fa6bd99__chunk_18
taf-apr,taf-apr__var__eye-vsn-srvc-txnmy-ind,contains,https://resdac.org/cms-data/variables/eye-or-vision-services-provider-taxonomy-indicator-ever-calendar-year,data/raw/html/variable_page/fcd00c9903f66f24d1310b21c0c919367f152d5f.html,,taf-apr__data-documentation__4b6fa6bd99__chunk_10
taf-apr,taf-apr__var__hosp-txnmy-ind,contains,https://resdac.org/cms-data/variables/hospital-provider-taxonomy-indicator-ever-calendar-year,data/raw/html/variable_page/1751ecd2659ae1417328bcbebbc588a7994c4141.html,,taf-apr__data-documentation__4b6fa6bd99__chunk_15
taf-apr,taf-apr__var__hosp-unit-txnmy-ind,contains,https://resdac.org/cms-data/variables/hospital-unit-provider-taxonomy-indicator-ever-calendar-year,data/raw/html/variable_page/2595a4d1a3b260fe7f750bb372f4fa7cf2cf6c03.html,,taf-apr__data-documentation__4b6fa6bd99__chunk_14
taf-apr,taf-apr__var__lab-txnmy-ind,contains,https://resdac.org/cms-data/variables/laboratory-provider-taxonomy-indicator-ever-calendar-year,data/raw/html/variable_page/271bf41df5d0f315c3fe6a82121491fbef859c33.html,,taf-apr__data-documentation__4b6fa6bd99__chunk_15
taf-apr,taf-apr__var__ldgng-meals-prvdr-txnmy-ind,contains,https://resdac.org/cms-data/variables/lodging-or-meals-provider-taxonomy-indicator-ever-calendar-year,data/raw/html/variable_page/d32a5a811860720bd240c418f02fd26f613524c7.html,,taf-apr__data-documentation__4b6fa6bd99__chunk_16
taf-apr,taf-apr__var__mco-txnmy-ind,contains,https://resdac.org/cms-data/variables/managed-care-organization-taxonomy-indicator-ever-calendar-year,data/raw/html/variable_page/ebef1fdc9a0c45358b95e8e7a68fbee82602e9d3.html,,taf-apr__data-documentation__4b6fa6bd99__chunk_15
taf-apr,taf-apr__var__mh-srvc-prvdr-clsfctn-ind,contains,https://resdac.org/cms-data/variables/mental-health-service-provider-classification-indicator-ever-calendar-year,data/raw/html/variable_page/acf278712e29f2d750514606be74212c9be93387.html,,taf-apr__data-documentation__4b6fa6bd99__chunk_17
taf-apr,taf-apr__var__mlt-sngl-spclty-grp-txnmy-ind,contains,https://resdac.org/cms-data/variables/multi-or-single-specialty-group-taxonomy-indicator-ever-calendar-year,data/raw/html/variable_page/42f4acdd86c9ce18de14d0bc865d73236f459b9e.html,,taf-apr__data-documentation__4b6fa6bd99__chunk_8
taf-apr,taf-apr__var__not-sp-afltd-ind,contains,https://resdac.org/cms-data/variables/not-affiliated-state-plan-indicator-ever-calendar-year,data/raw/html/variable_page/ee651911b3c8e24a3113da0abd530f323ebc096f.html,,taf-apr__data-documentation__4b6fa6bd99__chunk_7
taf-apr,taf-apr__var__nrsng-cstdl-care-prvdr-txnmy-ind,contains,https://resdac.org/cms-data/variables/nursing-custodial-care-provider-taxonomy-indicator-ever-calendar-year,data/raw/html/variable_page/09dc6b9ec2acb87ada082f9c902e7c9eb676fcfb.html,,taf-apr__data-documentation__4b6fa6bd99__chunk_15
taf-apr,taf-apr__var__nrsng-srvc-txnmy-ind,contains,https://resdac.org/cms-data/variables/nursing-services-provider-taxonomy-indicator-ever-calendar-year,data/raw/html/variable_page/859131d644637a8e448179a038de0004481a656e.html,,taf-apr__data-documentation__4b6fa6bd99__chunk_11
taf-apr,taf-apr__var__othr-indvdl-srvc-txnmy-ind,contains,https://resdac.org/cms-data/variables/other-individual-services-provider-taxonomy-indicator-ever-calendar-year,data/raw/html/variable_page/e6fe8043dfaedb4e3cb4ff6f980dbb93735017fd.html,,taf-apr__data-documentation__4b6fa6bd99__chunk_11
taf-apr,taf-apr__var__ownrshp-cd,contains,https://resdac.org/cms-data/variables/provider-ownership-code-latest-year,data/raw/html/variable_page/b3f9742273f998f93da929d6377b3bd81ee9894e.html,,taf-apr__data-documentation__4b6fa6bd99__chunk_6
taf-apr,taf-apr__var__ownrshp-ctgry-cd,contains,https://resdac.org/cms-data/files/taf-apr/data-documentation,data/raw/html/documentation_page/4b6fa6bd99a6df68962fe05bc883c5d7a0aa4c70.html,,taf-apr__data-documentation__4b6fa6bd99__chunk_6
taf-apr,taf-apr__var__pa-apn-txnmy-ind,contains,https://resdac.org/cms-data/variables/physician-assistant-or-advanced-practice-nursing-taxonomy-indicator-ever,data/raw/html/variable_page/d84a94f9c7b07307ea27ff7d50213a92c65cd856.html,,taf-apr__data-documentation__4b6fa6bd99__chunk_12
taf-apr,taf-apr__var__pdtry-txnmy-ind,contains,https://resdac.org/cms-data/variables/podiatry-taxonomy-indicator-ever-calendar-year,data/raw/html/variable_page/9eccc113d623f6a6926bf28b12edfa0f0feec37f.html,,taf-apr__data-documentation__4b6fa6bd99__chunk_12
taf-apr,taf-apr__var__phrmcy-srvc-txnmy-ind,contains,https://resdac.org/cms-data/variables/pharmacy-services-provider-taxonomy-indicator-ever-calendar-year,data/raw/html/variable_page/18b50ff877d788287c5ac32352d46ee7399be42b.html,,taf-apr__data-documentation__4b6fa6bd99__chunk_12
taf-apr,taf-apr__var__prvdr-age,contains,https://resdac.org/cms-data/variables/provider-age-years,data/raw/html/variable_page/33dca84ab849ac159ae9ae8ab7a8e550fffef4fc.html,,taf-apr__data-documentation__4b6fa6bd99__chunk_5
taf-apr,taf-apr__var__prvdr-birth-dt,contains,https://resdac.org/cms-data/variables/provider-date-birth,data/raw/html/variable_page/d260fccd6fb8e2eaee23111cfbdda6d613ea4599.html,,taf-apr__data-documentation__4b6fa6bd99__chunk_5
taf-apr,taf-apr__var__prvdr-chip-enrlmt-ind,contains,https://resdac.org/cms-data/variables/enrolled-chip-indicator-ever-calendar-year,data/raw/html/variable_page/dcaaf2443c51e4ac1a0a31335d8cc7ca14d4ce0c.html,,taf-apr__data-documentation__4b6fa6bd99__chunk_7
taf-apr,taf-apr__var__prvdr-clsfctn-cd,contains,https://www2.ccwdata.org/documents/10280/19022436/codebook-taf-annual-provider.pdf,data/raw/assets/pdf/de0c89017c1d3e10d2c3fa782cf1871880f29b65.pdf,82,taf-apr__codebook-taf-annual-provider_pdf__de0c89017c__p82__chunk_1
taf-apr,taf-apr__var__prvdr-clsfctn-sys,contains,https://resdac.org/cms-data/variables/provider-classification-code-active-indicator-september,data/raw/html/variable_page/6febefdaac58a817e3b1bc15376e790915c1ea52.html,153,taf-apr__codebook-taf-annual-provider_pdf__de0c89017c__p153__chunk_3
taf-apr,taf-apr__var__prvdr-dba-name,contains,https://resdac.org/cms-data/variables/provider-doing-business-dba-name,data/raw/html/variable_page/7bf84bd6c4c33c11f7ebfb2d749c8ca0b2979747.html,,taf-apr__data-documentation__4b6fa6bd99__chunk_1
taf-apr,taf-apr__var__prvdr-death-dt,contains,https://resdac.org/cms-data/files/taf-apr/data-documentation,data/raw/html/documentation_page/4b6fa6bd99a6df68962fe05bc883c5d7a0aa4c70.html,,taf-apr__data-documentation__4b6fa6bd99__chunk_5
taf-apr,taf-apr__var__prvdr-enrlmt-end-dt,contains,https://resdac.org/cms-data/variables/provider-enrollment-medicaid-andor-chip-end-date,data/raw/html/variable_page/83d3246a91cdbc465ef4a5e76f03c23f2462b8d0.html,88,taf-apr__codebook-taf-annual-provider_pdf__de0c89017c__p88__chunk_1
taf-apr,taf-apr__var__prvdr-enrlmt-stus-actv-ind,contains,https://resdac.org/cms-data/variables/medicaid-or-chip-active-enrollment-indicator-ever-calendar-year,data/raw/html/variable_page/f2579a4ea34a7f5b8c41e0426c70b71b2e5dd24a.html,,taf-apr__data-documentation__4b6fa6bd99__chunk_7
taf-apr,taf-apr__var__prvdr-enrlmt-stus-dnd-ind,contains,https://resdac.org/cms-data/variables/medicaid-or-chip-enrollment-denied-indicator-ever-calendar-year,data/raw/html/variable_page/2c29e7a5dae179e9389fdb0fd2bee5df6f896ce0.html,,taf-apr__data-documentation__4b6fa6bd99__chunk_7
taf-apr,taf-apr__var__prvdr-enrlmt-stus-pendg-ind,contains,https://resdac.org/cms-data/variables/medicaid-or-chip-enrollment-status-pending-indicator-ever-calendar-year,data/raw/html/variable_page/ce42f938e12c9d5e9f77504e4bfedb85c7f4243b.html,,taf-apr__data-documentation__4b6fa6bd99__chunk_8
taf-apr,taf-apr__var__prvdr-enrlmt-stus-trmntd-ind,contains,https://resdac.org/cms-data/variables/medicaid-or-chip-enrollment-terminated-indicator-ever-calendar-year,data/raw/html/variable_page/c9e599d0c1359669ccd178b6e5d43bac62a2cbd0.html,,taf-apr__data-documentation__4b6fa6bd99__chunk_8
taf-apr,taf-apr__var__prvdr-enrolmt-start-dt,contains,https://www2.ccwdata.org/documents/10280/19022436/codebook-taf-annual-provider.pdf,data/raw/assets/pdf/de0c89017c1d3e10d2c3fa782cf1871880f29b65.pdf,88,taf-apr__codebook-taf-annual-provider_pdf__de0c89017c__p88__chunk_1
taf-apr,taf-apr__var__prvdr-ent-type-cd,contains,https://resdac.org/cms-data/variables/provider-date-death,data/raw/html/variable_page/31730eff837c1e6fcb6ee59b4619bcc9fd3018bd.html,,taf-apr__data-documentation__4b6fa6bd99__chunk_0
taf-apr,taf-apr__var__prvdr-first-name,contains,https://resdac.org/cms-data/variables/provider-first-name-individual,data/raw/html/variable_page/4cc4f919089afb05ccdf134bf2f57b023cc6aeda.html,,taf-apr__data-documentation__4b6fa6bd99__chunk_4
taf-apr,taf-apr__var__prvdr-last-name,contains,https://resdac.org/cms-data/variables/provider-last-name-individual,data/raw/html/variable_page/552ea67be3dc3edc0b95dbddddd015d6e54fbb20.html,,taf-apr__data-documentation__4b6fa6bd99__chunk_4
taf-apr,taf-apr__var__prvdr-lgl-name,contains,https://resdac.org/cms-data/variables/provider-legal-name,data/raw/html/variable_page/4d54209df809d8ded81a0da7deb1c13c96160580.html,,taf-apr__data-documentation__4b6fa6bd99__chunk_0
taf-apr,taf-apr__var__prvdr-mdcd-enrlmt-ind,contains,https://resdac.org/cms-data/variables/enrolled-medicaid-indicator-ever-calendar-year,data/raw/html/variable_page/668d14fc0f42e9a7d91ad62145ba394714c40bd4.html,,taf-apr__data-documentation__4b6fa6bd99__chunk_6
taf-apr,taf-apr__var__prvdr-mdl-initl-name,contains,https://resdac.org/cms-data/variables/provider-middle-initial-individual,data/raw/html/variable_page/c2617cbb5a44d0637d8db50358a41bf71f6bb92d.html,,taf-apr__data-documentation__4b6fa6bd99__chunk_5
taf-apr,taf-apr__var__prvdr-npi-1,contains,https://resdac.org/cms-data/variables/provider-npi-first-occurrence,data/raw/html/variable_page/1c2d7d342e8dbc8c679925d5f2168bbe5b873a25.html,,taf-apr__data-documentation__4b6fa6bd99__chunk_1
taf-apr,taf-apr__var__prvdr-npi-2,contains,https://resdac.org/cms-data/variables/provider-npi-second-occurrence,data/raw/html/variable_page/1decdf0228d1b55470aec7f91d162e129c041210.html,,taf-apr__data-documentation__4b6fa6bd99__chunk_1
taf-apr,taf-apr__var__prvdr-npi-cnt,contains,https://resdac.org/cms-data/variables/provider-npi-count,data/raw/html/variable_page/e7b075de9f86bc33c0c122ce9dc31e74dd4606ac.html,,taf-apr__data-documentation__4b6fa6bd99__chunk_1
taf-apr,taf-apr__var__prvdr-num,contains,https://resdac.org/cms-data/variables/provider-number-taf,data/raw/html/variable_page/cd967aa15123db534e9056ba360677fd71d13ee8.html,119,taf-apr__codebook-taf-annual-provider_pdf__de0c89017c__p119__chunk_1
taf-apr,taf-apr__var__prvdr-org-name,contains,https://resdac.org/cms-data/variables/provider-organization-name,data/raw/html/variable_page/4b4278d03dbcfe1eb7a584671ae0196067faabe7.html,,taf-apr__data-documentation__4b6fa6bd99__chunk_0
taf-apr,taf-apr__var__prvdr-prft-stus-cd,contains,https://resdac.org/cms-data/variables/provider-profit-status-code-latest-year,data/raw/html/variable_page/562affbfccdef7fa72883e41467f561fba033135.html,,taf-apr__data-documentation__4b6fa6bd99__chunk_6
taf-apr,taf-apr__var__prvdr-sex-cd,contains,https://resdac.org/cms-data/variables/provider-sex-code,data/raw/html/variable_page/d1ff56b3be85d707e7b43a7057c2082c75210e26.html,,taf-apr__data-documentation__4b6fa6bd99__chunk_5
taf-apr,taf-apr__var__prvdr-tax-name,contains,https://resdac.org/cms-data/variables/provider-tax-irs-name,data/raw/html/variable_page/ee0f43b0ab9755f25dfee514153554388ab230dc.html,,taf-apr__data-documentation__4b6fa6bd99__chunk_0
taf-apr,taf-apr__var__pr-vrsn,contains,https://resdac.org/cms-data/variables/provider-file-version-representing-iteration-file,data/raw/html/variable_page/00bddae59d9af4d39c2d8f68db410b78020ceb4f.html,,taf-apr__data-documentation__4b6fa6bd99__chunk_20
taf-apr,taf-apr__var__rdlgy-othr-tchncl-srvc-txnmy-ind,contains,https://resdac.org/cms-data/variables/radiologic-and-other-technical-services-taxonomy-indicator-ever-calendar-year,data/raw/html/variable_page/e1c5838b51940eee912295d2f461a0e220e92a91.html,,taf-apr__data-documentation__4b6fa6bd99__chunk_14
taf-apr,taf-apr__var__resp-care-fac-txnmy-ind,contains,https://resdac.org/cms-data/variables/respite-care-facility-taxonomy-indicator-ever-calendar-year,data/raw/html/variable_page/f923266d664743e59537ac80ad1336572b5087ae.html,,taf-apr__data-documentation__4b6fa6bd99__chunk_16
taf-apr,taf-apr__var__rfrnc-yr,contains,https://resdac.org/cms-data/variables/reference-year-taf,data/raw/html/variable_page/13c2669d8ce7a5be990464403021e5e9deff6245.html,,taf-apr__data-documentation__4b6fa6bd99__chunk_20
taf-apr,taf-apr__var__rltd-nrsng-srvc-txnmy-ind,contains,https://resdac.org/cms-data/variables/related-nursing-services-provider-taxonomy-indicator-ever-calendar-year,data/raw/html/variable_page/7bb50ca097289ce5ce99ca2d6e87b90744f61f69.html,,taf-apr__data-documentation__4b6fa6bd99__chunk_11
taf-apr,taf-apr__var__rsdntl-trtmt-fac-txnmy-ind,contains,https://resdac.org/cms-data/variables/residential-treatment-facility-taxonomy-indicator-ever-calendar-year,data/raw/html/variable_page/b1b65708b51ab65657fce91aab255dc9ecd1dc99.html,,taf-apr__data-documentation__4b6fa6bd99__chunk_16
taf-apr,taf-apr__var__rt-devmtl-rehab-rstrtv-txnmy-ind,contains,https://resdac.org/cms-data/variables/respiratory-development-rehabilitate-or-restorative-services-taxonomy-indicator,data/raw/html/variable_page/7cc01d876d61d10315a899de35445c30395afc2c.html,,taf-apr__data-documentation__4b6fa6bd99__chunk_13
taf-apr,taf-apr__var__spch-lang-hearg-txnmy-ind,contains,https://resdac.org/cms-data/variables/speech-language-or-hearing-services-taxonomy-indicator-ever-calendar-year,data/raw/html/variable_page/aea5f1115a860989dd5a00d6ebb24d489cf3bb1c.html,,taf-apr__data-documentation__4b6fa6bd99__chunk_13
taf-apr,taf-apr__var__splmtl-addr-lctn,contains,https://resdac.org/cms-data/files/taf-apr/data-documentation,data/raw/html/documentation_page/4b6fa6bd99a6df68962fe05bc883c5d7a0aa4c70.html,,taf-apr__data-documentation__4b6fa6bd99__chunk_18
taf-apr,taf-apr__var__splmtl-afltd-grp,contains,https://resdac.org/cms-data/files/taf-apr/data-documentation,data/raw/html/documentation_page/4b6fa6bd99a6df68962fe05bc883c5d7a0aa4c70.html,,taf-apr__data-documentation__4b6fa6bd99__chunk_19
taf-apr,taf-apr__var__splmtl-afltd-pgm,contains,https://resdac.org/cms-data/files/taf-apr/data-documentation,data/raw/html/documentation_page/4b6fa6bd99a6df68962fe05bc883c5d7a0aa4c70.html,,taf-apr__data-documentation__4b6fa6bd99__chunk_19
taf-apr,taf-apr__var__splmtl-bed-type,contains,https://resdac.org/cms-data/files/taf-apr/data-documentation,data/raw/html/documentation_page/4b6fa6bd99a6df68962fe05bc883c5d7a0aa4c70.html,,taf-apr__data-documentation__4b6fa6bd99__chunk_20
taf-apr,taf-apr__var__splmtl-enrlmt,contains,https://resdac.org/cms-data/files/taf-apr/data-documentation,data/raw/html/documentation_page/4b6fa6bd99a6df68962fe05bc883c5d7a0aa4c70.html,,taf-apr__data-documentation__4b6fa6bd99__chunk_19
taf-apr,taf-apr__var__splmtl-lcns-acrdtn,contains,https://resdac.org/cms-data/files/taf-apr/data-documentation,data/raw/html/documentation_page/4b6fa6bd99a6df68962fe05bc883c5d7a0aa4c70.html,,taf-apr__data-documentation__4b6fa6bd99__chunk_18
taf-apr,taf-apr__var__splmtl-prvdr-id,contains,https://resdac.org/cms-data/files/taf-apr/data-documentation,data/raw/html/documentation_page/4b6fa6bd99a6df68962fe05bc883c5d7a0aa4c70.html,,taf-apr__data-documentation__4b6fa6bd99__chunk_19
taf-apr,taf-apr__var__splmtl-txnmy,contains,https://resdac.org/cms-data/files/taf-apr/data-documentation,data/raw/html/documentation_page/4b6fa6bd99a6df68962fe05bc883c5d7a0aa4c70.html,,taf-apr__data-documentation__4b6fa6bd99__chunk_19
taf-apr,taf-apr__var__state-cd,contains,https://resdac.org/cms-data/variables/submitting-state-alpha-abbreviation,data/raw/html/variable_page/88f3f43ad936f20fedfbe463595fa86d1ce93a6d.html,,taf-apr__data-documentation__4b6fa6bd99__chunk_0
taf-apr,taf-apr__var__stdnt-hlth-care-prvdr-txnmy-ind,contains,https://resdac.org/cms-data/variables/student-health-care-provider-taxonomy-indicator-ever-calendar-year,data/raw/html/variable_page/155942d774f87096e337afc4758d5bc1153b674c.html,,taf-apr__data-documentation__4b6fa6bd99__chunk_13
taf-apr,taf-apr__var__submtg-state-cd,contains,https://resdac.org/cms-data/variables/submitting-state-fips-code,data/raw/html/variable_page/5758349ebbcec624c42da9cbc9b96f06e6e90f80.html,,taf-apr__data-documentation__4b6fa6bd99__chunk_0
taf-apr,taf-apr__var__submtg-state-prvdr-id,contains,https://resdac.org/cms-data/variables/submitting-state-provider-identifier-indicator-september,data/raw/html/variable_page/ed41737ab9867e7fcebceb6987b44d6509f399d2.html,,taf-apr__data-documentation__4b6fa6bd99__chunk_0
taf-apr,taf-apr__var__submtg-state-prvdr-ind-01,contains,https://resdac.org/cms-data/files/taf-apr/data-documentation,data/raw/html/documentation_page/4b6fa6bd99a6df68962fe05bc883c5d7a0aa4c70.html,,taf-apr__data-documentation__4b6fa6bd99__chunk_1
taf-apr,taf-apr__var__submtg-state-prvdr-ind-02,contains,https://resdac.org/cms-data/files/taf-apr/data-documentation,data/raw/html/documentation_page/4b6fa6bd99a6df68962fe05bc883c5d7a0aa4c70.html,,taf-apr__data-documentation__4b6fa6bd99__chunk_2
taf-apr,taf-apr__var__submtg-state-prvdr-ind-03,contains,https://resdac.org/cms-data/files/taf-apr/data-documentation,data/raw/html/documentation_page/4b6fa6bd99a6df68962fe05bc883c5d7a0aa4c70.html,,taf-apr__data-documentation__4b6fa6bd99__chunk_2
taf-apr,taf-apr__var__submtg-state-prvdr-ind-04,contains,https://resdac.org/cms-data/files/taf-apr/data-documentation,data/raw/html/documentation_page/4b6fa6bd99a6df68962fe05bc883c5d7a0aa4c70.html,,taf-apr__data-documentation__4b6fa6bd99__chunk_2
taf-apr,taf-apr__var__submtg-state-prvdr-ind-05,contains,https://resdac.org/cms-data/files/taf-apr/data-documentation,data/raw/html/documentation_page/4b6fa6bd99a6df68962fe05bc883c5d7a0aa4c70.html,,taf-apr__data-documentation__4b6fa6bd99__chunk_2
taf-apr,taf-apr__var__submtg-state-prvdr-ind-06,contains,https://resdac.org/cms-data/files/taf-apr/data-documentation,data/raw/html/documentation_page/4b6fa6bd99a6df68962fe05bc883c5d7a0aa4c70.html,,taf-apr__data-documentation__4b6fa6bd99__chunk_3
taf-apr,taf-apr__var__submtg-state-prvdr-ind-07,contains,https://resdac.org/cms-data/files/taf-apr/data-documentation,data/raw/html/documentation_page/4b6fa6bd99a6df68962fe05bc883c5d7a0aa4c70.html,,taf-apr__data-documentation__4b6fa6bd99__chunk_3
taf-apr,taf-apr__var__submtg-state-prvdr-ind-08,contains,https://resdac.org/cms-data/files/taf-apr/data-documentation,data/raw/html/documentation_page/4b6fa6bd99a6df68962fe05bc883c5d7a0aa4c70.html,,taf-apr__data-documentation__4b6fa6bd99__chunk_3
taf-apr,taf-apr__var__submtg-state-prvdr-ind-10,contains,https://resdac.org/cms-data/files/taf-apr/data-documentation,data/raw/html/documentation_page/4b6fa6bd99a6df68962fe05bc883c5d7a0aa4c70.html,,taf-apr__data-documentation__4b6fa6bd99__chunk_4
taf-apr,taf-apr__var__submtg-state-prvdr-ind-11,contains,https://resdac.org/cms-data/files/taf-apr/data-documentation,data/raw/html/documentation_page/4b6fa6bd99a6df68962fe05bc883c5d7a0aa4c70.html,,taf-apr__data-documentation__4b6fa6bd99__chunk_4
taf-apr,taf-apr__var__submtg-state-prvdr-ind-12,contains,https://resdac.org/cms-data/files/taf-apr/data-documentation,data/raw/html/documentation_page/4b6fa6bd99a6df68962fe05bc883c5d7a0aa4c70.html,,taf-apr__data-documentation__4b6fa6bd99__chunk_4
taf-apr,taf-apr__var__submtg-state-prvdr-ind-9,contains,https://resdac.org/cms-data/files/taf-apr/data-documentation,data/raw/html/documentation_page/4b6fa6bd99a6df68962fe05bc883c5d7a0aa4c70.html,,taf-apr__data-documentation__4b6fa6bd99__chunk_3
taf-apr,taf-apr__var__sud-srvc-prvdr-clsfctn-ind,contains,https://resdac.org/cms-data/variables/substance-use-disorder-service-provider-classification-indicator-ever-calendar,data/raw/html/variable_page/362fcf1eb55f7fa13fc7b5f9ccb7b734b10f6ed7.html,,taf-apr__data-documentation__4b6fa6bd99__chunk_17
taf-apr,taf-apr__var__suplr-prvdr-txnmy-ind,contains,https://resdac.org/cms-data/variables/supplier-provider-dme-pharmacy-organs-etc-taxonomy-indicator-ever-calendar-year,data/raw/html/variable_page/bcff43bc95364c26e4121641a62abec43d371c6a.html,,taf-apr__data-documentation__4b6fa6bd99__chunk_17
taf-apr,taf-apr__var__tchng-ind,contains,https://resdac.org/cms-data/variables/provider-organization-teaching-facility-indicator-ever-calendar-year,data/raw/html/variable_page/3ef5b5a8dbd9c341de8c7d5d3e3d9c09ef4b406b.html,,taf-apr__data-documentation__4b6fa6bd99__chunk_5
taf-apr,taf-apr__var__trnsprtn-srvc-txnmy-ind,contains,https://resdac.org/cms-data/variables/transportation-services-provider-taxonomy-indicator-ever-calendar-year,data/raw/html/variable_page/02d38eaf748d1e72764fde9ade424976cc37521f.html,,taf-apr__data-documentation__4b6fa6bd99__chunk_17
taf-de,taf-de__var__age-grp-cd,contains,https://www2.ccwdata.org/documents/10280/19022436/codebook-taf-demographic-eligibility.pdf,data/raw/assets/pdf/7a48be3f0d3c4224b3129bd4e6af2eec1975b637.pdf,45,taf-de__codebook-taf-demographic-eligibility_pdf__7a48be3f0d__p45__chunk_1
taf-de,taf-de__var__age-num,contains,https://www2.ccwdata.org/documents/10280/19022436/codebook-taf-demographic-eligibility.pdf,data/raw/assets/pdf/7a48be3f0d3c4224b3129bd4e6af2eec1975b637.pdf,44,taf-de__codebook-taf-demographic-eligibility_pdf__7a48be3f0d__p44__chunk_1
taf-de,taf-de__var__bene-id,contains,https://www2.ccwdata.org/documents/10280/19022436/codebook-taf-demographic-eligibility.pdf,data/raw/assets/pdf/7a48be3f0d3c4224b3129bd4e6af2eec1975b637.pdf,47,taf-de__codebook-taf-demographic-eligibility_pdf__7a48be3f0d__p47__chunk_1
taf-de,taf-de__var__elgblty-chg-rsn-cd-01,contains,https://www2.ccwdata.org/documents/10280/19022436/codebook-taf-demographic-eligibility.pdf,data/raw/assets/pdf/7a48be3f0d3c4224b3129bd4e6af2eec1975b637.pdf,2,taf-de__codebook-taf-demographic-eligibility_pdf__7a48be3f0d__p2__chunk_2
taf-de,taf-de__var__wvr-id-05-mm,contains,https://www2.ccwdata.org/documents/10280/19022436/codebook-taf-demographic-eligibility.pdf,data/raw/assets/pdf/7a48be3f0d3c4224b3129bd4e6af2eec1975b637.pdf,334,taf-de__codebook-taf-demographic-eligibility_pdf__7a48be3f0d__p334__chunk_0
taf-de,taf-de__var__wvr-type-cd-05-mm,contains,https://www2.ccwdata.org/documents/10280/19022436/codebook-taf-demographic-eligibility.pdf,data/raw/assets/pdf/7a48be3f0d3c4224b3129bd4e6af2eec1975b637.pdf,354,taf-de__codebook-taf-demographic-eligibility_pdf__7a48be3f0d__p354__chunk_5
taf-ip,taf-ip__var__adjdctn-dt,contains,https://resdac.org/cms-data/variables/adjudication-date,data/raw/html/variable_page/36f5dae7876be1c009755f7619e93147f9a63d9c.html,,taf-ip__data-documentation__e3b660f1d8__chunk_1
taf-ip,taf-ip__var__adjust-cd,contains,https://resdac.org/cms-data/variables/claim-adjustment-code,data/raw/html/variable_page/b0e135365861b151de050290ebf11a1427d9fc4d.html,,taf-ip__data-documentation__e3b660f1d8__chunk_1
taf-ip,taf-ip__var__adjust-rsn-cd,contains,https://resdac.org/cms-data/variables/adjustment-reason-code,data/raw/html/variable_page/b700dc2bcc26989e0d72b4f5d5e2436f7c5b1758.html,,taf-ip__data-documentation__e3b660f1d8__chunk_1
taf-ip,taf-ip__var__admsm-dt,contains,https://resdac.org/cms-data/variables/admission-date-taf,data/raw/html/variable_page/c680327bb4f4bcc8acc68fe776a4ec187588544e.html,,taf-ip__data-documentation__e3b660f1d8__chunk_4
taf-ip,taf-ip__var__admsn-hr,contains,https://resdac.org/cms-data/variables/admission-hour,data/raw/html/variable_page/0e012947f72400ffd9a0490d3e9919c73dea86a7.html,,taf-ip__data-documentation__e3b660f1d8__chunk_5
taf-ip,taf-ip__var__admsn-type-cd,contains,https://resdac.org/cms-data/variables/admission-type-code,data/raw/html/variable_page/0a8a6edd7f2e0d9213b31f6c02867d195ab78fec.html,,taf-ip__data-documentation__e3b660f1d8__chunk_4
taf-ip,taf-ip__var__admtg-dgns-cd,contains,https://resdac.org/cms-data/variables/admitting-diagnosis-code,data/raw/html/variable_page/35a5ef54dfb937f5d687484fc40767f1e177525a.html,,taf-ip__data-documentation__e3b660f1d8__chunk_5
taf-ip,taf-ip__var__admtg-dgns-vrsn-cd,contains,https://resdac.org/cms-data/variables/admitting-diagnosis-version-code-icd-9-or-icd-10,data/raw/html/variable_page/f8c21a2fcd9674d3e2b95f7933e847777aa005c2.html,,taf-ip__data-documentation__e3b660f1d8__chunk_5
taf-ip,taf-ip__var__admtg-prvdr-id,contains,https://resdac.org/cms-data/variables/admitting-provider-identification-number,data/raw/html/variable_page/24b6861eaccff87bc1d161ef4aaf537307eb5cd5.html,,taf-ip__data-documentation__e3b660f1d8__chunk_15
taf-ip,taf-ip__var__admtg-prvdr-npi,contains,https://resdac.org/cms-data/variables/admitting-provider-npi,data/raw/html/variable_page/b02cfc227a5daad9a23ec13e695912ecc4346fb1.html,,taf-ip__data-documentation__e3b660f1d8__chunk_15
taf-ip,taf-ip__var__admtg-prvdr-spclty-cd,contains,https://resdac.org/cms-data/variables/admitting-provider-specialty-code,data/raw/html/variable_page/65cf3fd5d2bf82648bbc271565ee2d8d2e7af08c.html,,taf-ip__data-documentation__e3b660f1d8__chunk_16
taf-ip,taf-ip__var__admtg-prvdr-txnmy-cd,contains,https://resdac.org/cms-data/variables/admitting-provider-taxonomy-code,data/raw/html/variable_page/6bf09f06f297d1b53a7437140743185c82c4c305.html,,taf-ip__data-documentation__e3b660f1d8__chunk_15
taf-ip,taf-ip__var__admtg-prvdr-type-cd,contains,https://resdac.org/cms-data/variables/admitting-provider-type-code,data/raw/html/variable_page/374bf7e7cf5005424992b71550e923897ae1daea.html,,taf-ip__data-documentation__e3b660f1d8__chunk_16
taf-ip,taf-ip__var__bene-id,contains,https://resdac.org/cms-data/variables/encrypted-ccw-beneficiary-identifier,data/raw/html/variable_page/58d0a3c03a2383589f15d79fbdd43be64e502c24.html,,taf-ip__data-documentation__e3b660f1d8__chunk_0
taf-ip,taf-ip__var__billed-amt,contains,https://resdac.org/cms-data/variables/total-claim-billed-amount,data/raw/html/variable_page/c964cf7d9622f289fb4544ab114a9119a627d0aa.html,,taf-ip__data-documentation__e3b660f1d8__chunk_20
taf-ip,taf-ip__var__bill-type-cd,contains,https://resdac.org/cms-data/variables/bill-type-code,data/raw/html/variable_page/968a19fce220a40cca444fd2e73faeb5dd81c536.html,,taf-ip__data-documentation__e3b660f1d8__chunk_0
taf-ip,taf-ip__var__birth-dt,contains,https://resdac.org/cms-data/variables/date-birth,data/raw/html/variable_page/cc2879a0d5e1ae8ba0103ceb9eb0351139092435.html,,taf-ip__data-documentation__e3b660f1d8__chunk_2
taf-ip,taf-ip__var__birth-wt,contains,https://resdac.org/cms-data/variables/birth-weight-grams,data/raw/html/variable_page/efeb98cef9c67e7192769cd6fe187972208a68eb.html,,taf-ip__data-documentation__e3b660f1d8__chunk_3
taf-ip,taf-ip__var__blg-prvdr-id,contains,https://resdac.org/cms-data/variables/billing-provider-identification-number-taf,data/raw/html/variable_page/bb7d94ce055417cba0e286ba4e63fa52e0844aed.html,,taf-ip__data-documentation__e3b660f1d8__chunk_16
taf-ip,taf-ip__var__blg-prvdr-npi,contains,https://resdac.org/cms-data/variables/billing-provider-npi,data/raw/html/variable_page/a3cd3b95116b7078ef992257cfdc8d2682c1fe2c.html,,taf-ip__data-documentation__e3b660f1d8__chunk_16
taf-ip,taf-ip__var__blg-prvdr-nppes-txnmy-cd,contains,https://resdac.org/cms-data/variables/billing-provider-nppes-taxonomy-code,data/raw/html/variable_page/8908ef94e26c2cba6336ca8465f77a83129eaafc.html,,taf-ip__data-documentation__e3b660f1d8__chunk_16
taf-ip,taf-ip__var__blg-prvdr-spclty-cd,contains,https://resdac.org/cms-data/variables/billing-provider-specialty-code,data/raw/html/variable_page/b2e7ee717b7f023ada7dd564f4247d4a24946302.html,,taf-ip__data-documentation__e3b660f1d8__chunk_17
taf-ip,taf-ip__var__blg-prvdr-txnmy-cd,contains,https://resdac.org/cms-data/variables/billing-provider-taxonomy-code,data/raw/html/variable_page/91ebabafa0f925aae2026a4ca14ca1724680048e.html,,taf-ip__data-documentation__e3b660f1d8__chunk_16
taf-ip,taf-ip__var__blg-prvdr-type-cd,contains,https://resdac.org/cms-data/variables/billing-provider-type-code,data/raw/html/variable_page/feb6ca16e05804c21c43f3354cc3975e12fff3f6.html,,taf-ip__data-documentation__e3b660f1d8__chunk_17
taf-ip,taf-ip__var__brdr-state-ind,contains,https://resdac.org/cms-data/variables/border-state-indicator,data/raw/html/variable_page/f6e3c74e9be830378ee0107d02578f7608af9118.html,,taf-ip__data-documentation__e3b660f1d8__chunk_18
taf-ip,taf-ip__var__ccw-ld-dt,contains,https://resdac.org/cms-data/variables/ccw-load-date,data/raw/html/variable_page/caa12f781d12af63a5a06d0ec8ec5c3292affc2e.html,,taf-ip__data-documentation__e3b660f1d8__chunk_24
taf-ip,taf-ip__var__cll-cnt,contains,https://resdac.org/cms-data/variables/claim-line-count-original,data/raw/html/variable_page/c98722270b7fefe20e8f66fe57b8a37ea3eaf605.html,,taf-ip__data-documentation__e3b660f1d8__chunk_1
taf-ip,taf-ip__var__cll-cnt-calc,contains,https://resdac.org/cms-data/variables/claim-line-count-calculated,data/raw/html/variable_page/88177ccc2014fa916c6be4312ae79dd2baba9e4d.html,,taf-ip__data-documentation__e3b660f1d8__chunk_2
taf-ip,taf-ip__var__clm-id,contains,https://resdac.org/cms-data/variables/ccw-claim-identifier,data/raw/html/variable_page/d850105d895dd4722829d621190a3ff1cb4a3ca8.html,,taf-ip__data-documentation__e3b660f1d8__chunk_0
taf-ip,taf-ip__var__clm-num-adj,contains,https://resdac.org/cms-data/variables/adjustment-claim-identifier,data/raw/html/variable_page/39b5c34fbf434b1898bce9af99de17ab7a231118.html,,taf-ip__data-documentation__e3b660f1d8__chunk_0
taf-ip,taf-ip__var__clm-num-orig,contains,https://resdac.org/cms-data/variables/original-claim-identifier,data/raw/html/variable_page/f171f939f0c0d1f4087c6b1a37039ff91dd62fe8.html,,taf-ip__data-documentation__e3b660f1d8__chunk_0
taf-ip,taf-ip__var__clm-type-cd,contains,https://resdac.org/cms-data/variables/claim-type-code-taf,data/raw/html/variable_page/e6e1683e043eb57fea3b5dde61ad9a0a8216ee39.html,,taf-ip__data-documentation__e3b660f1d8__chunk_0
taf-ip,taf-ip__var__coinsrnc-amt,contains,https://resdac.org/cms-data/variables/beneficiary-coinsurance-amount,data/raw/html/variable_page/380f79784516dda657ceec31ea82179cf7b441e6.html,,taf-ip__data-documentation__e3b660f1d8__chunk_22
taf-ip,taf-ip__var__copay-amt,contains,https://resdac.org/cms-data/variables/beneficiary-copayment-amount,data/raw/html/variable_page/4bbf66935de9b29d8ea11d2b6f8c1d0da47307a1.html,,taf-ip__data-documentation__e3b660f1d8__chunk_22
taf-ip,taf-ip__var__copay-wvd-ind,contains,https://resdac.org/cms-data/variables/indicator-signifying-copay-was-waived-provider,data/raw/html/variable_page/d86a0efdf653373ee947a7015680a69ab69e6132.html,,taf-ip__data-documentation__e3b660f1d8__chunk_22
taf-ip,taf-ip__var__crossover-clm-ind,contains,https://resdac.org/cms-data/variables/code-indicate-if-portion-claim-paid-medicare,data/raw/html/variable_page/65c8a073edec2313bcd5d55b4813654ef610a9f0.html,,taf-ip__data-documentation__e3b660f1d8__chunk_1
taf-ip,taf-ip__var__cvrd-days,contains,https://resdac.org/cms-data/variables/medicaid-covered-inpatient-days-count,data/raw/html/variable_page/feded71e8d03c61f4408a56c0c651ef5bd75a3fb.html,,taf-ip__data-documentation__e3b660f1d8__chunk_18
taf-ip,taf-ip__var__da-run-id,contains,https://resdac.org/cms-data/variables/taf-production-run-identifier-unique-each-taf-run,data/raw/html/variable_page/5adb29813beae39a467c09d72e40ba3e4968c832.html,,taf-ip__data-documentation__e3b660f1d8__chunk_24
taf-ip,taf-ip__var__ddctbl-amt,contains,https://resdac.org/cms-data/variables/beneficiary-deductible-amount,data/raw/html/variable_page/3fcaa3303d72ceb82f85e1ea38f2d2f6c251d975.html,,taf-ip__data-documentation__e3b660f1d8__chunk_22
taf-ip,taf-ip__var__dgns-1-ccsr-ctgry-cd,contains,https://resdac.org/cms-data/variables/ahrq-clinical-classifications-software-refined-ccsr-diagnosis-1-category-code,data/raw/html/variable_page/10785794aa8737f0eeaeb33bb2cadc78c6385c84.html,,taf-ip__data-documentation__e3b660f1d8__chunk_6
taf-ip,taf-ip__var__dgns-cd-1,contains,https://resdac.org/cms-data/variables/primary-or-principal-diagnosis-code,data/raw/html/variable_page/a4e142b2bc560f03a3b95b844903146484a162f0.html,,taf-ip__data-documentation__e3b660f1d8__chunk_5
taf-ip,taf-ip__var__dgns-cd-10,contains,https://resdac.org/cms-data/files/taf-ip/data-documentation,data/raw/html/documentation_page/e3b660f1d8f5e35d44d034a58b65b4225dafc478.html,,taf-ip__data-documentation__e3b660f1d8__chunk_10
taf-ip,taf-ip__var__dgns-cd-11,contains,https://resdac.org/cms-data/files/taf-ip/data-documentation,data/raw/html/documentation_page/e3b660f1d8f5e35d44d034a58b65b4225dafc478.html,,taf-ip__data-documentation__e3b660f1d8__chunk_10
taf-ip,taf-ip__var__dgns-cd-12,contains,https://resdac.org/cms-data/files/taf-ip/data-documentation,data/raw/html/documentation_page/e3b660f1d8f5e35d44d034a58b65b4225dafc478.html,,taf-ip__data-documentation__e3b660f1d8__chunk_11
taf-ip,taf-ip__var__dgns-cd-2,contains,https://resdac.org/cms-data/files/taf-ip/data-documentation,data/raw/html/documentation_page/e3b660f1d8f5e35d44d034a58b65b4225dafc478.html,,taf-ip__data-documentation__e3b660f1d8__chunk_6
taf-ip,taf-ip__var__dgns-cd-3,contains,https://resdac.org/cms-data/files/taf-ip/data-documentation,data/raw/html/documentation_page/e3b660f1d8f5e35d44d034a58b65b4225dafc478.html,,taf-ip__data-documentation__e3b660f1d8__chunk_7
taf-ip,taf-ip__var__dgns-cd-4,contains,https://resdac.org/cms-data/files/taf-ip/data-documentation,data/raw/html/documentation_page/e3b660f1d8f5e35d44d034a58b65b4225dafc478.html,,taf-ip__data-documentation__e3b660f1d8__chunk_7
taf-ip,taf-ip__var__dgns-cd-5,contains,https://resdac.org/cms-data/files/taf-ip/data-documentation,data/raw/html/documentation_page/e3b660f1d8f5e35d44d034a58b65b4225dafc478.html,,taf-ip__data-documentation__e3b660f1d8__chunk_8
taf-ip,taf-ip__var__dgns-cd-6,contains,https://resdac.org/cms-data/files/taf-ip/data-documentation,data/raw/html/documentation_page/e3b660f1d8f5e35d44d034a58b65b4225dafc478.html,,taf-ip__data-documentation__e3b660f1d8__chunk_8
taf-ip,taf-ip__var__dgns-cd-7,contains,https://resdac.org/cms-data/files/taf-ip/data-documentation,data/raw/html/documentation_page/e3b660f1d8f5e35d44d034a58b65b4225dafc478.html,,taf-ip__data-documentation__e3b660f1d8__chunk_8
taf-ip,taf-ip__var__dgns-cd-8,contains,https://resdac.org/cms-data/files/taf-ip/data-documentation,data/raw/html/documentation_page/e3b660f1d8f5e35d44d034a58b65b4225dafc478.html,,taf-ip__data-documentation__e3b660f1d8__chunk_9
taf-ip,taf-ip__var__dgns-cd-9,contains,https://resdac.org/cms-data/files/taf-ip/data-documentation,data/raw/html/documentation_page/e3b660f1d8f5e35d44d034a58b65b4225dafc478.html,,taf-ip__data-documentation__e3b660f1d8__chunk_9
taf-ip,taf-ip__var__dgns-poa-ind-1,contains,https://resdac.org/cms-data/files/taf-ip/data-documentation,data/raw/html/documentation_page/e3b660f1d8f5e35d44d034a58b65b4225dafc478.html,,taf-ip__data-documentation__e3b660f1d8__chunk_6
taf-ip,taf-ip__var__dgns-poa-ind-10,contains,https://resdac.org/cms-data/files/taf-ip/data-documentation,data/raw/html/documentation_page/e3b660f1d8f5e35d44d034a58b65b4225dafc478.html,,taf-ip__data-documentation__e3b660f1d8__chunk_10
taf-ip,taf-ip__var__dgns-poa-ind-11,contains,https://resdac.org/cms-data/files/taf-ip/data-documentation,data/raw/html/documentation_page/e3b660f1d8f5e35d44d034a58b65b4225dafc478.html,,taf-ip__data-documentation__e3b660f1d8__chunk_11
taf-ip,taf-ip__var__dgns-poa-ind-12,contains,https://resdac.org/cms-data/files/taf-ip/data-documentation,data/raw/html/documentation_page/e3b660f1d8f5e35d44d034a58b65b4225dafc478.html,,taf-ip__data-documentation__e3b660f1d8__chunk_11
taf-ip,taf-ip__var__dgns-poa-ind-2,contains,https://resdac.org/cms-data/files/taf-ip/data-documentation,data/raw/html/documentation_page/e3b660f1d8f5e35d44d034a58b65b4225dafc478.html,,taf-ip__data-documentation__e3b660f1d8__chunk_6
taf-ip,taf-ip__var__dgns-poa-ind-3,contains,https://resdac.org/cms-data/files/taf-ip/data-documentation,data/raw/html/documentation_page/e3b660f1d8f5e35d44d034a58b65b4225dafc478.html,,taf-ip__data-documentation__e3b660f1d8__chunk_7
taf-ip,taf-ip__var__dgns-poa-ind-4,contains,https://resdac.org/cms-data/files/taf-ip/data-documentation,data/raw/html/documentation_page/e3b660f1d8f5e35d44d034a58b65b4225dafc478.html,,taf-ip__data-documentation__e3b660f1d8__chunk_7
taf-ip,taf-ip__var__dgns-poa-ind-5,contains,https://resdac.org/cms-data/files/taf-ip/data-documentation,data/raw/html/documentation_page/e3b660f1d8f5e35d44d034a58b65b4225dafc478.html,,taf-ip__data-documentation__e3b660f1d8__chunk_8
taf-ip,taf-ip__var__dgns-poa-ind-6,contains,https://resdac.org/cms-data/files/taf-ip/data-documentation,data/raw/html/documentation_page/e3b660f1d8f5e35d44d034a58b65b4225dafc478.html,,taf-ip__data-documentation__e3b660f1d8__chunk_8
taf-ip,taf-ip__var__dgns-poa-ind-7,contains,https://resdac.org/cms-data/files/taf-ip/data-documentation,data/raw/html/documentation_page/e3b660f1d8f5e35d44d034a58b65b4225dafc478.html,,taf-ip__data-documentation__e3b660f1d8__chunk_9
taf-ip,taf-ip__var__dgns-poa-ind-8,contains,https://resdac.org/cms-data/files/taf-ip/data-documentation,data/raw/html/documentation_page/e3b660f1d8f5e35d44d034a58b65b4225dafc478.html,,taf-ip__data-documentation__e3b660f1d8__chunk_9
taf-ip,taf-ip__var__dgns-poa-ind-9,contains,https://resdac.org/cms-data/files/taf-ip/data-documentation,data/raw/html/documentation_page/e3b660f1d8f5e35d44d034a58b65b4225dafc478.html,,taf-ip__data-documentation__e3b660f1d8__chunk_10
taf-ip,taf-ip__var__dgns-vrsn-cd-1,contains,https://resdac.org/cms-data/files/taf-ip/data-documentation,data/raw/html/documentation_page/e3b660f1d8f5e35d44d034a58b65b4225dafc478.html,,taf-ip__data-documentation__e3b660f1d8__chunk_5
taf-ip,taf-ip__var__dgns-vrsn-cd-10,contains,https://resdac.org/cms-data/files/taf-ip/data-documentation,data/raw/html/documentation_page/e3b660f1d8f5e35d44d034a58b65b4225dafc478.html,,taf-ip__data-documentation__e3b660f1d8__chunk_10
taf-ip,taf-ip__var__dgns-vrsn-cd-11,contains,https://resdac.org/cms-data/files/taf-ip/data-documentation,data/raw/html/documentation_page/e3b660f1d8f5e35d44d034a58b65b4225dafc478.html,,taf-ip__data-documentation__e3b660f1d8__chunk_11
taf-ip,taf-ip__var__dgns-vrsn-cd-12,contains,https://resdac.org/cms-data/files/taf-ip/data-documentation,data/raw/html/documentation_page/e3b660f1d8f5e35d44d034a58b65b4225dafc478.html,,taf-ip__data-documentation__e3b660f1d8__chunk_11
taf-ip,taf-ip__var__dgns-vrsn-cd-2,contains,https://resdac.org/cms-data/files/taf-ip/data-documentation,data/raw/html/documentation_page/e3b660f1d8f5e35d44d034a58b65b4225dafc478.html,,taf-ip__data-documentation__e3b660f1d8__chunk_6
taf-ip,taf-ip__var__dgns-vrsn-cd-3,contains,https://resdac.org/cms-data/files/taf-ip/data-documentation,data/raw/html/documentation_page/e3b660f1d8f5e35d44d034a58b65b4225dafc478.html,,taf-ip__data-documentation__e3b660f1d8__chunk_7
taf-ip,taf-ip__var__dgns-vrsn-cd-4,contains,https://resdac.org/cms-data/files/taf-ip/data-documentation,data/raw/html/documentation_page/e3b660f1d8f5e35d44d034a58b65b4225dafc478.html,,taf-ip__data-documentation__e3b660f1d8__chunk_7
taf-ip,taf-ip__var__dgns-vrsn-cd-5,contains,https://resdac.org/cms-data/files/taf-ip/data-documentation,data/raw/html/documentation_page/e3b660f1d8f5e35d44d034a58b65b4225dafc478.html,,taf-ip__data-documentation__e3b660f1d8__chunk_8
taf-ip,taf-ip__var__dgns-vrsn-cd-6,contains,https://resdac.org/cms-data/files/taf-ip/data-documentation,data/raw/html/documentation_page/e3b660f1d8f5e35d44d034a58b65b4225dafc478.html,,taf-ip__data-documentation__e3b660f1d8__chunk_8
taf-ip,taf-ip__var__dgns-vrsn-cd-7,contains,https://resdac.org/cms-data/files/taf-ip/data-documentation,data/raw/html/documentation_page/e3b660f1d8f5e35d44d034a58b65b4225dafc478.html,,taf-ip__data-documentation__e3b660f1d8__chunk_9
taf-ip,taf-ip__var__dgns-vrsn-cd-8,contains,https://resdac.org/cms-data/files/taf-ip/data-documentation,data/raw/html/documentation_page/e3b660f1d8f5e35d44d034a58b65b4225dafc478.html,,taf-ip__data-documentation__e3b660f1d8__chunk_9
taf-ip,taf-ip__var__dgns-vrsn-cd-9,contains,https://resdac.org/cms-data/files/taf-ip/data-documentation,data/raw/html/documentation_page/e3b660f1d8f5e35d44d034a58b65b4225dafc478.html,,taf-ip__data-documentation__e3b660f1d8__chunk_10
taf-ip,taf-ip__var__drg-cd,contains,https://resdac.org/cms-data/variables/diagnosis-related-group-drg-code,data/raw/html/variable_page/25ec9477b95fd9e2c583797639b1c769eedb3f97.html,,taf-ip__data-documentation__e3b660f1d8__chunk_12
taf-ip,taf-ip__var__drg-cd-sys,contains,https://resdac.org/cms-data/variables/drg-code-systemnomenclature-0,data/raw/html/variable_page/ee61256f3b5696bcec568b774e06e49e031f90de.html,,taf-ip__data-documentation__e3b660f1d8__chunk_12
taf-ip,taf-ip__var__drg-desc,contains,https://resdac.org/cms-data/variables/description-drg-code,data/raw/html/variable_page/f0c31502d77bda7c05b866417c47101422a8e182.html,,taf-ip__data-documentation__e3b660f1d8__chunk_12
taf-ip,taf-ip__var__drg-outlier-amt,contains,https://resdac.org/cms-data/variables/drg-outlier-additional-payment-amount,data/raw/html/variable_page/fa99bfa867ccc7c15f383d729ef95918fceea191.html,,taf-ip__data-documentation__e3b660f1d8__chunk_19
taf-ip,taf-ip__var__drg-rltv-wt,contains,https://resdac.org/cms-data/variables/drg-relative-weight,data/raw/html/variable_page/93359d4d091715f0cc1975c663623714736a1477.html,,taf-ip__data-documentation__e3b660f1d8__chunk_19
taf-ip,taf-ip__var__dschrg-dt,contains,https://resdac.org/cms-data/variables/discharge-date,data/raw/html/variable_page/0801df9d5205dad5d92ef17ba43455a0b3559564.html,,taf-ip__data-documentation__e3b660f1d8__chunk_5
taf-ip,taf-ip__var__dschrg-hr,contains,https://resdac.org/cms-data/variables/discharge-hour,data/raw/html/variable_page/ae5877bc80126c8e7cbd7c731dfcb0495672dfde.html,,taf-ip__data-documentation__e3b660f1d8__chunk_5
taf-ip,taf-ip__var__fed-srvc-ctgry-cd,contains,https://resdac.org/cms-data/variables/federally-assigned-service-category-code-added-during-taf-production,data/raw/html/variable_page/29813f67849916244cfcf54271002ba0ad5d69b6.html,,taf-ip__data-documentation__e3b660f1d8__chunk_2
taf-ip,taf-ip__var__fixd-pymt-ind,contains,https://resdac.org/cms-data/variables/fixed-payment-indicator,data/raw/html/variable_page/bb3ce6af918152a73f286c158c45df115ff98f3a.html,,taf-ip__data-documentation__e3b660f1d8__chunk_19
taf-ip,taf-ip__var__fundng-cd,contains,https://resdac.org/cms-data/variables/code-indicate-source-non-federal-funding,data/raw/html/variable_page/a9d72aaec3a052170fa9692cc77bbb71765ded19.html,,taf-ip__data-documentation__e3b660f1d8__chunk_23
taf-ip,taf-ip__var__fundng-src-non-fed-shr-cd,contains,https://resdac.org/cms-data/variables/funding-source-non-federal-share-code,data/raw/html/variable_page/226ea80416534b86e321b992422b491962c84aa7.html,,taf-ip__data-documentation__e3b660f1d8__chunk_23
taf-ip,taf-ip__var__hac-ind,contains,https://resdac.org/cms-data/variables/health-care-acquired-condition-hac-indicator,data/raw/html/variable_page/11ffff790848d6f9f7c09afa58583355422a3fcb.html,,taf-ip__data-documentation__e3b660f1d8__chunk_11
taf-ip,taf-ip__var__hosp-type-cd,contains,https://resdac.org/cms-data/variables/hospital-type-code,data/raw/html/variable_page/c82f3956212e236c3f2ed1cb63628099e9560c67.html,,taf-ip__data-documentation__e3b660f1d8__chunk_4
taf-ip,taf-ip__var__ip-fil-dt,contains,https://resdac.org/cms-data/variables/inpatient-file-date-represents-year-and-month-reporting-period,data/raw/html/variable_page/62c25f1b3b688d6bc470876fbf707031084f81e7.html,,taf-ip__data-documentation__e3b660f1d8__chunk_24
taf-ip,taf-ip__var__ip-mh-dgns-ind,contains,https://resdac.org/cms-data/variables/mental-health-diagnosis-indicator,data/raw/html/variable_page/36f04299040d001f241a3fdf3766e7bf53465b0d.html,,taf-ip__data-documentation__e3b660f1d8__chunk_12
taf-ip,taf-ip__var__ip-mh-txnmy-ind,contains,https://resdac.org/cms-data/variables/mental-health-provider-taxonomy-indicator,data/raw/html/variable_page/704c87c23ab574ff7bbc0ab9961f2d29c0189bbf.html,,taf-ip__data-documentation__e3b660f1d8__chunk_18
taf-ip,taf-ip__var__ip-sud-dgns-ind,contains,https://resdac.org/cms-data/variables/substance-use-disorder-diagnosis-indicator,data/raw/html/variable_page/2fed61802c73087587e6ad69dafdad8c2784d4c8.html,,taf-ip__data-documentation__e3b660f1d8__chunk_12
taf-ip,taf-ip__var__ip-sud-txnmy-ind,contains,https://resdac.org/cms-data/variables/substance-use-disorder-provider-taxonomy-indicator,data/raw/html/variable_page/97fb9299fcf1604181197d9b918ae42c5af9bd35.html,,taf-ip__data-documentation__e3b660f1d8__chunk_18
taf-ip,taf-ip__var__ip-vrsn,contains,https://resdac.org/cms-data/variables/inpatient-version-representing-iteration-file,data/raw/html/variable_page/f4fbfd6da263b2db8f74be3a44a8da50dac3077e.html,,taf-ip__data-documentation__e3b660f1d8__chunk_24
taf-ip,taf-ip__var__mc-plan-id,contains,https://resdac.org/cms-data/variables/managed-care-plan-identification-number,data/raw/html/variable_page/1a4aa4bc1f409829ccbe6a9327edd1dec134ad42.html,,taf-ip__data-documentation__e3b660f1d8__chunk_3
taf-ip,taf-ip__var__mdcd-alowd-amt,contains,https://resdac.org/cms-data/variables/total-medicaid-allowed-amount,data/raw/html/variable_page/6ee1942adfd4b95458bbb094e60f8b45ff3c4f0d.html,,taf-ip__data-documentation__e3b660f1d8__chunk_20
taf-ip,taf-ip__var__mdcd-copay-amt,contains,https://resdac.org/cms-data/variables/total-copay-amount-paid-beneficiary,data/raw/html/variable_page/a4d85e46de6ab6548e032476c132d52e0325616d.html,,taf-ip__data-documentation__e3b660f1d8__chunk_20
taf-ip,taf-ip__var__mdcd-dsh-pd-amt,contains,https://resdac.org/cms-data/files/taf-ip/data-documentation,data/raw/html/documentation_page/e3b660f1d8f5e35d44d034a58b65b4225dafc478.html,,taf-ip__data-documentation__e3b660f1d8__chunk_20
taf-ip,taf-ip__var__mdcd-pd-amt,contains,https://resdac.org/cms-data/variables/total-amount-paid-medicaid,data/raw/html/variable_page/8362643aa774cdf8f85073b1df1c3bd8446ba63d.html,,taf-ip__data-documentation__e3b660f1d8__chunk_20
taf-ip,taf-ip__var__mdcd-pd-dt,contains,https://resdac.org/cms-data/variables/medicaid-paid-date,data/raw/html/variable_page/be8b42dfe5fd430c8c69de1378ac12edef601e2a.html,,taf-ip__data-documentation__e3b660f1d8__chunk_1
taf-ip,taf-ip__var__mdcr-cmbnd-ddctbl-ind,contains,https://resdac.org/cms-data/variables/medicare-combined-deductible-and-coinsurance-indicator,data/raw/html/variable_page/150d90947e0dc88fe85ac48ad9e4bc1f50d09506.html,,taf-ip__data-documentation__e3b660f1d8__chunk_21
taf-ip,taf-ip__var__mdcr-coinsrnc-pd-amt,contains,https://resdac.org/cms-data/variables/total-medicare-coinsurance-amount,data/raw/html/variable_page/c868929f04547951d3f1a64937911a1335232f43.html,,taf-ip__data-documentation__e3b660f1d8__chunk_21
taf-ip,taf-ip__var__mdcr-ddctbl-pd-amt,contains,https://resdac.org/cms-data/variables/total-medicare-deductible-amount,data/raw/html/variable_page/c661807b5fbe5d41cebc678d94451b09ec73beb6.html,,taf-ip__data-documentation__e3b660f1d8__chunk_21
taf-ip,taf-ip__var__mdcr-pd-amt,contains,https://resdac.org/cms-data/variables/medicare-paid-amount,data/raw/html/variable_page/519b2939c623b4216f310bcdfba2e4b483118f2a.html,,taf-ip__data-documentation__e3b660f1d8__chunk_21
taf-ip,taf-ip__var__mdcr-reimbrsmt-type-cd,contains,https://resdac.org/cms-data/variables/medicare-reimbursement-type-code,data/raw/html/variable_page/be1d8c25872d98b170635737dab118dfd9510847.html,,taf-ip__data-documentation__e3b660f1d8__chunk_21
taf-ip,taf-ip__var__mdc-cd,contains,https://resdac.org/cms-data/variables/major-diagnostic-category-mdc-code,data/raw/html/variable_page/da846aade5fcfc72f3423c4ff8dca9cd2c4339b6.html,,taf-ip__data-documentation__e3b660f1d8__chunk_12
taf-ip,taf-ip__var__msis-id,contains,https://resdac.org/cms-data/variables/encrypted-state-assigned-beneficiary-unique-identifier,data/raw/html/variable_page/97095d300859bda5b47093a7ff598026f2ecdba4.html,,taf-ip__data-documentation__e3b660f1d8__chunk_0
taf-ip,taf-ip__var__ncvrd-chrg-amt,contains,https://resdac.org/cms-data/variables/non-covered-charges-amount,data/raw/html/variable_page/88326a3e82b4d0d84025036734036234e90b068b.html,,taf-ip__data-documentation__e3b660f1d8__chunk_20
taf-ip,taf-ip__var__ncvrd-days,contains,https://resdac.org/cms-data/variables/medicaid-non-covered-days-count,data/raw/html/variable_page/138e775d51e49d027adb3a74d1b7786c0096bfec.html,,taf-ip__data-documentation__e3b660f1d8__chunk_18
taf-ip,taf-ip__var__othr-insrnc-ind,contains,https://resdac.org/cms-data/variables/indicator-insured-covered-another-plan-not-medicare-or-medicaid,data/raw/html/variable_page/b6d2f90986ea928747aee9ea46d1cc647908ce15.html,,taf-ip__data-documentation__e3b660f1d8__chunk_3
taf-ip,taf-ip__var__othr-insrnc-pd-amt,contains,https://resdac.org/cms-data/variables/total-other-medicare-or-medicaid-insurance-paid-amount,data/raw/html/variable_page/b4153ee7b70e5092c7bba273ca27732eca12a373.html,,taf-ip__data-documentation__e3b660f1d8__chunk_23
taf-ip,taf-ip__var__othr-tp-clctn-cd,contains,https://resdac.org/cms-data/variables/other-third-party-collection-code,data/raw/html/variable_page/1ced2dbae588b9ba6ec50c7ae4724096960cbd10.html,,taf-ip__data-documentation__e3b660f1d8__chunk_23
taf-ip,taf-ip__var__outlier-days,contains,https://resdac.org/cms-data/variables/outlier-days-count,data/raw/html/variable_page/3e2720216b4f8f7763ce0869deba69129e62ac5d.html,,taf-ip__data-documentation__e3b660f1d8__chunk_19
taf-ip,taf-ip__var__outlier-type-cd,contains,https://resdac.org/cms-data/variables/outlier-type-code,data/raw/html/variable_page/20d94a8d85e59cd0a2e813bae50904c64098e015.html,,taf-ip__data-documentation__e3b660f1d8__chunk_19
taf-ip,taf-ip__var__pgm-type-cd,contains,https://resdac.org/cms-data/variables/program-type-code,data/raw/html/variable_page/bbb29400de904216306649e336e7c738741e1653.html,,taf-ip__data-documentation__e3b660f1d8__chunk_3
taf-ip,taf-ip__var__prcdr-cd-1,contains,https://resdac.org/cms-data/variables/procedure-code-6-systemnomenclature,data/raw/html/variable_page/2da9aec8d621cc48dff800a0de388a05565c765a.html,,taf-ip__data-documentation__e3b660f1d8__chunk_13
taf-ip,taf-ip__var__prcdr-cd-2,contains,https://resdac.org/cms-data/files/taf-ip/data-documentation,data/raw/html/documentation_page/e3b660f1d8f5e35d44d034a58b65b4225dafc478.html,,taf-ip__data-documentation__e3b660f1d8__chunk_13
taf-ip,taf-ip__var__prcdr-cd-3,contains,https://resdac.org/cms-data/files/taf-ip/data-documentation,data/raw/html/documentation_page/e3b660f1d8f5e35d44d034a58b65b4225dafc478.html,,taf-ip__data-documentation__e3b660f1d8__chunk_13
taf-ip,taf-ip__var__prcdr-cd-4,contains,https://resdac.org/cms-data/files/taf-ip/data-documentation,data/raw/html/documentation_page/e3b660f1d8f5e35d44d034a58b65b4225dafc478.html,,taf-ip__data-documentation__e3b660f1d8__chunk_14
taf-ip,taf-ip__var__prcdr-cd-5,contains,https://resdac.org/cms-data/files/taf-ip/data-documentation,data/raw/html/documentation_page/e3b660f1d8f5e35d44d034a58b65b4225dafc478.html,,taf-ip__data-documentation__e3b660f1d8__chunk_14
taf-ip,taf-ip__var__prcdr-cd-6,contains,https://resdac.org/cms-data/files/taf-ip/data-documentation,data/raw/html/documentation_page/e3b660f1d8f5e35d44d034a58b65b4225dafc478.html,,taf-ip__data-documentation__e3b660f1d8__chunk_15
taf-ip,taf-ip__var__prcdr-cd-dt-1,contains,https://resdac.org/cms-data/files/taf-ip/data-documentation,data/raw/html/documentation_page/e3b660f1d8f5e35d44d034a58b65b4225dafc478.html,,taf-ip__data-documentation__e3b660f1d8__chunk_13
taf-ip,taf-ip__var__prcdr-cd-dt-2,contains,https://resdac.org/cms-data/files/taf-ip/data-documentation,data/raw/html/documentation_page/e3b660f1d8f5e35d44d034a58b65b4225dafc478.html,,taf-ip__data-documentation__e3b660f1d8__chunk_13
taf-ip,taf-ip__var__prcdr-cd-dt-3,contains,https://resdac.org/cms-data/files/taf-ip/data-documentation,data/raw/html/documentation_page/e3b660f1d8f5e35d44d034a58b65b4225dafc478.html,,taf-ip__data-documentation__e3b660f1d8__chunk_13
taf-ip,taf-ip__var__prcdr-cd-dt-4,contains,https://resdac.org/cms-data/files/taf-ip/data-documentation,data/raw/html/documentation_page/e3b660f1d8f5e35d44d034a58b65b4225dafc478.html,,taf-ip__data-documentation__e3b660f1d8__chunk_14
taf-ip,taf-ip__var__prcdr-cd-dt-5,contains,https://resdac.org/cms-data/files/taf-ip/data-documentation,data/raw/html/documentation_page/e3b660f1d8f5e35d44d034a58b65b4225dafc478.html,,taf-ip__data-documentation__e3b660f1d8__chunk_14
taf-ip,taf-ip__var__prcdr-cd-dt-6,contains,https://resdac.org/cms-data/files/taf-ip/data-documentation,data/raw/html/documentation_page/e3b660f1d8f5e35d44d034a58b65b4225dafc478.html,,taf-ip__data-documentation__e3b660f1d8__chunk_15
taf-ip,taf-ip__var__prcdr-cd-sys-1,contains,https://resdac.org/cms-data/files/taf-ip/data-documentation,data/raw/html/documentation_page/e3b660f1d8f5e35d44d034a58b65b4225dafc478.html,,taf-ip__data-documentation__e3b660f1d8__chunk_13
taf-ip,taf-ip__var__prcdr-cd-sys-2,contains,https://resdac.org/cms-data/files/taf-ip/data-documentation,data/raw/html/documentation_page/e3b660f1d8f5e35d44d034a58b65b4225dafc478.html,,taf-ip__data-documentation__e3b660f1d8__chunk_13
taf-ip,taf-ip__var__prcdr-cd-sys-3,contains,https://resdac.org/cms-data/files/taf-ip/data-documentation,data/raw/html/documentation_page/e3b660f1d8f5e35d44d034a58b65b4225dafc478.html,,taf-ip__data-documentation__e3b660f1d8__chunk_14
taf-ip,taf-ip__var__prcdr-cd-sys-4,contains,https://resdac.org/cms-data/files/taf-ip/data-documentation,data/raw/html/documentation_page/e3b660f1d8f5e35d44d034a58b65b4225dafc478.html,,taf-ip__data-documentation__e3b660f1d8__chunk_14
taf-ip,taf-ip__var__prcdr-cd-sys-5,contains,https://resdac.org/cms-data/files/taf-ip/data-documentation,data/raw/html/documentation_page/e3b660f1d8f5e35d44d034a58b65b4225dafc478.html,,taf-ip__data-documentation__e3b660f1d8__chunk_14
taf-ip,taf-ip__var__prcdr-cd-sys-6,contains,https://resdac.org/cms-data/files/taf-ip/data-documentation,data/raw/html/documentation_page/e3b660f1d8f5e35d44d034a58b65b4225dafc478.html,,taf-ip__data-documentation__e3b660f1d8__chunk_15
taf-ip,taf-ip__var__prsn-clm-ind,contains,https://resdac.org/cms-data/variables/indicator-claim-person,data/raw/html/variable_page/b5f4085c0d43de993d486743ebe011d671f9b8c2.html,,taf-ip__data-documentation__e3b660f1d8__chunk_2
taf-ip,taf-ip__var__prvdr-lctn-cd,contains,https://resdac.org/cms-data/variables/provider-location-code,data/raw/html/variable_page/f5590a629b76fd70ee98d0cfe524ab8af3403c4a.html,,taf-ip__data-documentation__e3b660f1d8__chunk_18
taf-ip,taf-ip__var__ptnt-dschrg-stus-cd,contains,https://resdac.org/cms-data/files/taf-ip/data-documentation,data/raw/html/documentation_page/e3b660f1d8f5e35d44d034a58b65b4225dafc478.html,,taf-ip__data-documentation__e3b660f1d8__chunk_2
taf-ip,taf-ip__var__pymt-lvl-ind,contains,https://resdac.org/cms-data/variables/payment-level-indicator-header-or-line,data/raw/html/variable_page/3d00642490b2d64cfea18c3f450d567169fd5b66.html,,taf-ip__data-documentation__e3b660f1d8__chunk_19
taf-ip,taf-ip__var__rfrg-prvdr-id,contains,https://resdac.org/cms-data/variables/referring-provider-identification-number,data/raw/html/variable_page/5e9f37b6ed9352866792ed841a0e5364ff3d32df.html,,taf-ip__data-documentation__e3b660f1d8__chunk_17
taf-ip,taf-ip__var__rfrg-prvdr-npi,contains,https://resdac.org/cms-data/variables/referring-provider-npi,data/raw/html/variable_page/cb09eb7c29a6973182e49757e43bb359fe8f39b7.html,,taf-ip__data-documentation__e3b660f1d8__chunk_17
taf-ip,taf-ip__var__rfrg-prvdr-spclty-cd,contains,https://resdac.org/cms-data/variables/referring-provider-specialty-code,data/raw/html/variable_page/023a3c6e37b86824bb080096e9657910cd987994.html,,taf-ip__data-documentation__e3b660f1d8__chunk_17
taf-ip,taf-ip__var__rfrg-prvdr-type-cd,contains,https://resdac.org/cms-data/variables/referring-provider-type-code,data/raw/html/variable_page/31ff07ca5af4e09bde447986dc32e454ee39a5e1.html,,taf-ip__data-documentation__e3b660f1d8__chunk_17
taf-ip,taf-ip__var__sect-1115a-demo-ind,contains,https://resdac.org/cms-data/variables/1115a-demonstration-participation-indicator,data/raw/html/variable_page/380c61e56a10da36869c284b7c8506211e5c72b6.html,,taf-ip__data-documentation__e3b660f1d8__chunk_4
taf-ip,taf-ip__var__split-clm-ind,contains,https://resdac.org/cms-data/variables/split-claim-indicator,data/raw/html/variable_page/a9896787f2bfb1c9a1214065f80f66f5e8519236.html,,taf-ip__data-documentation__e3b660f1d8__chunk_1
taf-ip,taf-ip__var__srvc-bgn-dt,contains,https://resdac.org/cms-data/variables/claim-beginning-date-service,data/raw/html/variable_page/a390a148fe23a947400572eb4cc73ec56796b435.html,,taf-ip__data-documentation__e3b660f1d8__chunk_4
taf-ip,taf-ip__var__srvc-end-dt,contains,https://resdac.org/cms-data/variables/identifies-date-field-used-populate-srvcenddt,data/raw/html/variable_page/860a1dbd98b4817ff436b7be602f82bc1fea668e.html,,taf-ip__data-documentation__e3b660f1d8__chunk_4
taf-ip,taf-ip__var__srvc-end-dt-cd,contains,https://resdac.org/cms-data/files/taf-ip/data-documentation,data/raw/html/documentation_page/e3b660f1d8f5e35d44d034a58b65b4225dafc478.html,,taf-ip__data-documentation__e3b660f1d8__chunk_4
taf-ip,taf-ip__var__srvc-trkng-pymt-amt,contains,https://resdac.org/cms-data/variables/service-tracking-payment-amount,data/raw/html/variable_page/ad5dc21d87eeeb45cbfb00bff904073a001a7d7d.html,,taf-ip__data-documentation__e3b660f1d8__chunk_19
taf-ip,taf-ip__var__srvc-trkng-type-cd,contains,https://resdac.org/cms-data/variables/service-tracking-type-code,data/raw/html/variable_page/59d689f61056daa39ab4b3770cfae6af10fc2271.html,,taf-ip__data-documentation__e3b660f1d8__chunk_2
taf-ip,taf-ip__var__state-cd,contains,https://resdac.org/cms-data/variables/submitting-state-alpha-abbreviation,data/raw/html/variable_page/88f3f43ad936f20fedfbe463595fa86d1ce93a6d.html,,taf-ip__data-documentation__e3b660f1d8__chunk_0
taf-ip,taf-ip__var__submtg-state-cd,contains,https://resdac.org/cms-data/variables/submitting-state-fips-code,data/raw/html/variable_page/5758349ebbcec624c42da9cbc9b96f06e6e90f80.html,,taf-ip__data-documentation__e3b660f1d8__chunk_0
taf-ip,taf-ip__var__tmsis-run-id,contains,https://resdac.org/cms-data/variables/tmsis-state-data-processing-run-identifier,data/raw/html/variable_page/fba24a366cb63d2a73fbd529a24756570d093daf.html,,taf-ip__data-documentation__e3b660f1d8__chunk_24
taf-ip,taf-ip__var__tp-coinsrnc-pd-amt,contains,https://resdac.org/cms-data/variables/third-party-coinsurance-paid-amount,data/raw/html/variable_page/210849a3908da5d8800404698203d45d569578d1.html,,taf-ip__data-documentation__e3b660f1d8__chunk_22
taf-ip,taf-ip__var__tp-copay-pd-amt,contains,https://resdac.org/cms-data/variables/third-party-copayment-paid-amount,data/raw/html/variable_page/02adc02223af48b5f8c156785a0da278558edd2c.html,,taf-ip__data-documentation__e3b660f1d8__chunk_23
taf-ip,taf-ip__var__tp-pd-amt,contains,https://resdac.org/cms-data/variables/total-third-party-liability-paid-amount,data/raw/html/variable_page/fda2b8324631b7f14019b74992cea2fb494f50c4.html,,taf-ip__data-documentation__e3b660f1d8__chunk_22
taf-ip,taf-ip__var__wvr-id,contains,https://resdac.org/cms-data/variables/waiver-identification-number,data/raw/html/variable_page/c00e24a30502aaace77bd9cac4224ac062a5d477.html,,taf-ip__data-documentation__e3b660f1d8__chunk_3
taf-ip,taf-ip__var__wvr-type-cd,contains,https://resdac.org/cms-data/variables/waiver-type-code,data/raw/html/variable_page/6adf5c7f202e3976bb7b20c0a9737da699a4f311.html,,taf-ip__data-documentation__e3b660f1d8__chunk_3
taf-lt,taf-lt__var__adjdctn-dt,contains,https://resdac.org/cms-data/variables/adjudication-date,data/raw/html/variable_page/36f5dae7876be1c009755f7619e93147f9a63d9c.html,,taf-lt__data-documentation__68204238c2__chunk_1
taf-lt,taf-lt__var__adjust-cd,contains,https://resdac.org/cms-data/variables/claim-adjustment-code,data/raw/html/variable_page/b0e135365861b151de050290ebf11a1427d9fc4d.html,,taf-lt__data-documentation__68204238c2__chunk_1
taf-lt,taf-lt__var__adjust-rsn-cd,contains,https://resdac.org/cms-data/variables/adjustment-reason-code,data/raw/html/variable_page/b700dc2bcc26989e0d72b4f5d5e2436f7c5b1758.html,,taf-lt__data-documentation__68204238c2__chunk_1
taf-lt,taf-lt__var__admsm-dt,contains,https://resdac.org/cms-data/variables/admission-date-taf,data/raw/html/variable_page/c680327bb4f4bcc8acc68fe776a4ec187588544e.html,,taf-lt__data-documentation__68204238c2__chunk_4
taf-lt,taf-lt__var__admsn-hr,contains,https://resdac.org/cms-data/variables/admission-hour,data/raw/html/variable_page/0e012947f72400ffd9a0490d3e9919c73dea86a7.html,,taf-lt__data-documentation__68204238c2__chunk_4
taf-lt,taf-lt__var__admtg-dgns-cd,contains,https://resdac.org/cms-data/variables/admitting-diagnosis-code,data/raw/html/variable_page/35a5ef54dfb937f5d687484fc40767f1e177525a.html,,taf-lt__data-documentation__68204238c2__chunk_5
taf-lt,taf-lt__var__admtg-dgns-vrsn-cd,contains,https://resdac.org/cms-data/variables/admitting-diagnosis-version-code-icd-9-or-icd-10,data/raw/html/variable_page/f8c21a2fcd9674d3e2b95f7933e847777aa005c2.html,,taf-lt__data-documentation__68204238c2__chunk_5
taf-lt,taf-lt__var__admtg-prvdr-id,contains,https://resdac.org/cms-data/variables/admitting-provider-identification-number,data/raw/html/variable_page/24b6861eaccff87bc1d161ef4aaf537307eb5cd5.html,,taf-lt__data-documentation__68204238c2__chunk_8
taf-lt,taf-lt__var__admtg-prvdr-npi,contains,https://resdac.org/cms-data/variables/admitting-provider-npi,data/raw/html/variable_page/b02cfc227a5daad9a23ec13e695912ecc4346fb1.html,,taf-lt__data-documentation__68204238c2__chunk_8
taf-lt,taf-lt__var__admtg-prvdr-spclty-cd,contains,https://resdac.org/cms-data/variables/admitting-provider-specialty-code,data/raw/html/variable_page/65cf3fd5d2bf82648bbc271565ee2d8d2e7af08c.html,,taf-lt__data-documentation__68204238c2__chunk_9
taf-lt,taf-lt__var__admtg-prvdr-txnmy-cd,contains,https://resdac.org/cms-data/variables/admitting-provider-taxonomy-code,data/raw/html/variable_page/6bf09f06f297d1b53a7437140743185c82c4c305.html,,taf-lt__data-documentation__68204238c2__chunk_9
taf-lt,taf-lt__var__admtg-prvdr-type-cd,contains,https://resdac.org/cms-data/variables/admitting-provider-type-code,data/raw/html/variable_page/374bf7e7cf5005424992b71550e923897ae1daea.html,,taf-lt__data-documentation__68204238c2__chunk_9
taf-lt,taf-lt__var__bene-id,contains,https://resdac.org/cms-data/variables/encrypted-ccw-beneficiary-identifier,data/raw/html/variable_page/58d0a3c03a2383589f15d79fbdd43be64e502c24.html,,taf-lt__data-documentation__68204238c2__chunk_0
taf-lt,taf-lt__var__bene-liability-amt,contains,https://resdac.org/cms-data/variables/total-beneficiary-long-term-care-liability-amount,data/raw/html/variable_page/1f2aef0322982758afad84b8fe2266f57ecad2c6.html,,taf-lt__data-documentation__68204238c2__chunk_16
taf-lt,taf-lt__var__billed-amt,contains,https://resdac.org/cms-data/variables/total-claim-billed-amount,data/raw/html/variable_page/c964cf7d9622f289fb4544ab114a9119a627d0aa.html,,taf-lt__data-documentation__68204238c2__chunk_14
taf-lt,taf-lt__var__bill-type-cd,contains,https://resdac.org/cms-data/variables/bill-type-code,data/raw/html/variable_page/968a19fce220a40cca444fd2e73faeb5dd81c536.html,,taf-lt__data-documentation__68204238c2__chunk_0
taf-lt,taf-lt__var__birth-dt,contains,https://resdac.org/cms-data/variables/date-birth,data/raw/html/variable_page/cc2879a0d5e1ae8ba0103ceb9eb0351139092435.html,,taf-lt__data-documentation__68204238c2__chunk_2
taf-lt,taf-lt__var__blg-prvdr-id,contains,https://resdac.org/cms-data/variables/billing-provider-identification-number-taf,data/raw/html/variable_page/bb7d94ce055417cba0e286ba4e63fa52e0844aed.html,,taf-lt__data-documentation__68204238c2__chunk_9
taf-lt,taf-lt__var__blg-prvdr-npi,contains,https://resdac.org/cms-data/variables/billing-provider-npi,data/raw/html/variable_page/a3cd3b95116b7078ef992257cfdc8d2682c1fe2c.html,,taf-lt__data-documentation__68204238c2__chunk_9
taf-lt,taf-lt__var__blg-prvdr-nppes-txnmy-cd,contains,https://resdac.org/cms-data/variables/billing-provider-nppes-taxonomy-code,data/raw/html/variable_page/8908ef94e26c2cba6336ca8465f77a83129eaafc.html,,taf-lt__data-documentation__68204238c2__chunk_10
taf-lt,taf-lt__var__blg-prvdr-spclty-cd,contains,https://resdac.org/cms-data/variables/billing-provider-specialty-code,data/raw/html/variable_page/b2e7ee717b7f023ada7dd564f4247d4a24946302.html,,taf-lt__data-documentation__68204238c2__chunk_10
taf-lt,taf-lt__var__blg-prvdr-txnmy-cd,contains,https://resdac.org/cms-data/variables/billing-provider-taxonomy-code,data/raw/html/variable_page/91ebabafa0f925aae2026a4ca14ca1724680048e.html,,taf-lt__data-documentation__68204238c2__chunk_9
taf-lt,taf-lt__var__blg-prvdr-type-cd,contains,https://resdac.org/cms-data/variables/billing-provider-type-code,data/raw/html/variable_page/feb6ca16e05804c21c43f3354cc3975e12fff3f6.html,,taf-lt__data-documentation__68204238c2__chunk_10
taf-lt,taf-lt__var__brdr-state-ind,contains,https://resdac.org/cms-data/variables/border-state-indicator,data/raw/html/variable_page/f6e3c74e9be830378ee0107d02578f7608af9118.html,,taf-lt__data-documentation__68204238c2__chunk_11
taf-lt,taf-lt__var__ccw-ld-dt,contains,https://resdac.org/cms-data/variables/ccw-load-date-claims,data/raw/html/variable_page/382ab23fccabf6e4cee758a635ece9831d073371.html,,taf-lt__data-documentation__68204238c2__chunk_19
taf-lt,taf-lt__var__cll-cnt,contains,https://resdac.org/cms-data/variables/claim-line-count-original,data/raw/html/variable_page/c98722270b7fefe20e8f66fe57b8a37ea3eaf605.html,,taf-lt__data-documentation__68204238c2__chunk_1
taf-lt,taf-lt__var__cll-cnt-calc,contains,https://resdac.org/cms-data/variables/claim-line-count-calculated,data/raw/html/variable_page/88177ccc2014fa916c6be4312ae79dd2baba9e4d.html,,taf-lt__data-documentation__68204238c2__chunk_2
taf-lt,taf-lt__var__clm-id,contains,https://resdac.org/cms-data/variables/ccw-claim-identifier,data/raw/html/variable_page/d850105d895dd4722829d621190a3ff1cb4a3ca8.html,,taf-lt__data-documentation__68204238c2__chunk_0
taf-lt,taf-lt__var__clm-num-adj,contains,https://resdac.org/cms-data/variables/adjustment-claim-identifier,data/raw/html/variable_page/39b5c34fbf434b1898bce9af99de17ab7a231118.html,,taf-lt__data-documentation__68204238c2__chunk_0
taf-lt,taf-lt__var__clm-num-orig,contains,https://resdac.org/cms-data/variables/original-claim-identifier,data/raw/html/variable_page/f171f939f0c0d1f4087c6b1a37039ff91dd62fe8.html,,taf-lt__data-documentation__68204238c2__chunk_0
taf-lt,taf-lt__var__clm-type-cd,contains,https://resdac.org/cms-data/variables/claim-type-code-taf,data/raw/html/variable_page/e6e1683e043eb57fea3b5dde61ad9a0a8216ee39.html,,taf-lt__data-documentation__68204238c2__chunk_0
taf-lt,taf-lt__var__coinsrnc-amt,contains,https://resdac.org/cms-data/variables/beneficiary-coinsurance-amount,data/raw/html/variable_page/380f79784516dda657ceec31ea82179cf7b441e6.html,,taf-lt__data-documentation__68204238c2__chunk_16
taf-lt,taf-lt__var__copay-amt,contains,https://resdac.org/cms-data/variables/beneficiary-copayment-amount,data/raw/html/variable_page/4bbf66935de9b29d8ea11d2b6f8c1d0da47307a1.html,,taf-lt__data-documentation__68204238c2__chunk_16
taf-lt,taf-lt__var__copay-wvd-ind,contains,https://resdac.org/cms-data/variables/indicator-signifying-copay-was-waived-provider,data/raw/html/variable_page/d86a0efdf653373ee947a7015680a69ab69e6132.html,,taf-lt__data-documentation__68204238c2__chunk_17
taf-lt,taf-lt__var__crossover-clm-ind,contains,https://resdac.org/cms-data/variables/code-indicate-if-portion-claim-paid-medicare,data/raw/html/variable_page/65c8a073edec2313bcd5d55b4813654ef610a9f0.html,,taf-lt__data-documentation__68204238c2__chunk_1
taf-lt,taf-lt__var__cvrd-days-icf-iid,contains,https://resdac.org/cms-data/variables/count-medicaid-covered-days-icf-patients-intellectual-disability,data/raw/html/variable_page/7515ca8f5b73033ac851707bec1b687c2cd806d5.html,,taf-lt__data-documentation__68204238c2__chunk_12
taf-lt,taf-lt__var__cvrd-days-ip-psych,contains,https://resdac.org/cms-data/variables/count-medicaid-covered-days-inpatient-psychiatric-facility-ipf,data/raw/html/variable_page/784013ffd26aa001dae89e1d5b6dfc4e1009c661.html,,taf-lt__data-documentation__68204238c2__chunk_12
taf-lt,taf-lt__var__cvrd-days-ip-psych-over-65,contains,https://resdac.org/cms-data/variables/count-medicaid-covered-days-ipf-beneficiary-over-65-years,data/raw/html/variable_page/ae26293e099be9abf304b9112bbb96dc54f713c1.html,,taf-lt__data-documentation__68204238c2__chunk_12
taf-lt,taf-lt__var__cvrd-days-ip-psych-under-21,contains,https://resdac.org/cms-data/variables/count-medicaid-covered-days-ipf-beneficiary-under-21-years,data/raw/html/variable_page/135f7f4bde4da0c0f30459b9ed908dcc01402512.html,,taf-lt__data-documentation__68204238c2__chunk_13
taf-lt,taf-lt__var__cvrd-days-nf,contains,https://resdac.org/cms-data/variables/count-medicaid-covered-days-nursing-facility,data/raw/html/variable_page/f82ec54ecf3614522424bd03f8b2ed370944b477.html,,taf-lt__data-documentation__68204238c2__chunk_12
taf-lt,taf-lt__var__daily-rate,contains,https://resdac.org/cms-data/variables/daily-rate-policy-will-pay-covered-service,data/raw/html/variable_page/c670e4209889ba44606ec7367825d02de87d3eff.html,,taf-lt__data-documentation__68204238c2__chunk_14
taf-lt,taf-lt__var__da-run-id,contains,https://resdac.org/cms-data/variables/taf-production-run-identifier-unique-each-taf-run,data/raw/html/variable_page/5adb29813beae39a467c09d72e40ba3e4968c832.html,,taf-lt__data-documentation__68204238c2__chunk_18
taf-lt,taf-lt__var__ddctbl-amt,contains,https://resdac.org/cms-data/variables/beneficiary-deductible-amount,data/raw/html/variable_page/3fcaa3303d72ceb82f85e1ea38f2d2f6c251d975.html,,taf-lt__data-documentation__68204238c2__chunk_16
taf-lt,taf-lt__var__dgns-1-ccsr-ctgry-cd,contains,https://resdac.org/cms-data/variables/ahrq-clinical-classifications-software-refined-ccsr-diagnosis-1-category-code,data/raw/html/variable_page/10785794aa8737f0eeaeb33bb2cadc78c6385c84.html,,taf-lt__data-documentation__68204238c2__chunk_6
taf-lt,taf-lt__var__dgns-cd-1,contains,https://resdac.org/cms-data/variables/primary-or-principal-diagnosis-code,data/raw/html/variable_page/a4e142b2bc560f03a3b95b844903146484a162f0.html,,taf-lt__data-documentation__68204238c2__chunk_5
taf-lt,taf-lt__var__dgns-cd-2,contains,https://resdac.org/cms-data/files/taf-lt/data-documentation,data/raw/html/documentation_page/68204238c286253d5e458f05aef7dfde120d87fd.html,,taf-lt__data-documentation__68204238c2__chunk_6
taf-lt,taf-lt__var__dgns-cd-3,contains,https://resdac.org/cms-data/files/taf-lt/data-documentation,data/raw/html/documentation_page/68204238c286253d5e458f05aef7dfde120d87fd.html,,taf-lt__data-documentation__68204238c2__chunk_6
taf-lt,taf-lt__var__dgns-cd-4,contains,https://resdac.org/cms-data/files/taf-lt/data-documentation,data/raw/html/documentation_page/68204238c286253d5e458f05aef7dfde120d87fd.html,,taf-lt__data-documentation__68204238c2__chunk_7
taf-lt,taf-lt__var__dgns-cd-5,contains,https://resdac.org/cms-data/files/taf-lt/data-documentation,data/raw/html/documentation_page/68204238c286253d5e458f05aef7dfde120d87fd.html,,taf-lt__data-documentation__68204238c2__chunk_7
taf-lt,taf-lt__var__dgns-poa-ind-1,contains,https://resdac.org/cms-data/files/taf-lt/data-documentation,data/raw/html/documentation_page/68204238c286253d5e458f05aef7dfde120d87fd.html,,taf-lt__data-documentation__68204238c2__chunk_5
taf-lt,taf-lt__var__dgns-poa-ind-2,contains,https://resdac.org/cms-data/files/taf-lt/data-documentation,data/raw/html/documentation_page/68204238c286253d5e458f05aef7dfde120d87fd.html,,taf-lt__data-documentation__68204238c2__chunk_6
taf-lt,taf-lt__var__dgns-poa-ind-3,contains,https://resdac.org/cms-data/files/taf-lt/data-documentation,data/raw/html/documentation_page/68204238c286253d5e458f05aef7dfde120d87fd.html,,taf-lt__data-documentation__68204238c2__chunk_7
taf-lt,taf-lt__var__dgns-poa-ind-4,contains,https://resdac.org/cms-data/files/taf-lt/data-documentation,data/raw/html/documentation_page/68204238c286253d5e458f05aef7dfde120d87fd.html,,taf-lt__data-documentation__68204238c2__chunk_7
taf-lt,taf-lt__var__dgns-poa-ind-5,contains,https://resdac.org/cms-data/files/taf-lt/data-documentation,data/raw/html/documentation_page/68204238c286253d5e458f05aef7dfde120d87fd.html,,taf-lt__data-documentation__68204238c2__chunk_8
taf-lt,taf-lt__var__dgns-vrsn-cd-1,contains,https://resdac.org/cms-data/files/taf-lt/data-documentation,data/raw/html/documentation_page/68204238c286253d5e458f05aef7dfde120d87fd.html,,taf-lt__data-documentation__68204238c2__chunk_5
taf-lt,taf-lt__var__dgns-vrsn-cd-2,contains,https://resdac.org/cms-data/files/taf-lt/data-documentation,data/raw/html/documentation_page/68204238c286253d5e458f05aef7dfde120d87fd.html,,taf-lt__data-documentation__68204238c2__chunk_6
taf-lt,taf-lt__var__dgns-vrsn-cd-3,contains,https://resdac.org/cms-data/files/taf-lt/data-documentation,data/raw/html/documentation_page/68204238c286253d5e458f05aef7dfde120d87fd.html,,taf-lt__data-documentation__68204238c2__chunk_6
taf-lt,taf-lt__var__dgns-vrsn-cd-4,contains,https://resdac.org/cms-data/files/taf-lt/data-documentation,data/raw/html/documentation_page/68204238c286253d5e458f05aef7dfde120d87fd.html,,taf-lt__data-documentation__68204238c2__chunk_7
taf-lt,taf-lt__var__dgns-vrsn-cd-5,contains,https://resdac.org/cms-data/files/taf-lt/data-documentation,data/raw/html/documentation_page/68204238c286253d5e458f05aef7dfde120d87fd.html,,taf-lt__data-documentation__68204238c2__chunk_7
taf-lt,taf-lt__var__dschrg-dt,contains,https://resdac.org/cms-data/variables/discharge-date,data/raw/html/variable_page/0801df9d5205dad5d92ef17ba43455a0b3559564.html,,taf-lt__data-documentation__68204238c2__chunk_4
taf-lt,taf-lt__var__dschrg-hr,contains,https://resdac.org/cms-data/variables/discharge-hour,data/raw/html/variable_page/ae5877bc80126c8e7cbd7c731dfcb0495672dfde.html,,taf-lt__data-documentation__68204238c2__chunk_4
taf-lt,taf-lt__var__fed-srvc-ctgry-cd,contains,https://resdac.org/cms-data/variables/federally-assigned-service-category-code-added-during-taf-production,data/raw/html/variable_page/29813f67849916244cfcf54271002ba0ad5d69b6.html,,taf-lt__data-documentation__68204238c2__chunk_2
taf-lt,taf-lt__var__fixd-pymt-ind,contains,https://resdac.org/cms-data/variables/fixed-payment-indicator,data/raw/html/variable_page/bb3ce6af918152a73f286c158c45df115ff98f3a.html,,taf-lt__data-documentation__68204238c2__chunk_13
taf-lt,taf-lt__var__fundng-cd,contains,https://resdac.org/cms-data/variables/code-indicate-source-non-federal-funding,data/raw/html/variable_page/a9d72aaec3a052170fa9692cc77bbb71765ded19.html,,taf-lt__data-documentation__68204238c2__chunk_18
taf-lt,taf-lt__var__fundng-src-non-fed-shr-cd,contains,https://resdac.org/cms-data/variables/funding-source-non-federal-share-code,data/raw/html/variable_page/226ea80416534b86e321b992422b491962c84aa7.html,,taf-lt__data-documentation__68204238c2__chunk_18
taf-lt,taf-lt__var__hac-ind,contains,https://resdac.org/cms-data/variables/health-care-acquired-condition-hac-indicator,data/raw/html/variable_page/11ffff790848d6f9f7c09afa58583355422a3fcb.html,,taf-lt__data-documentation__68204238c2__chunk_8
taf-lt,taf-lt__var__ip-mh-dgns-ind,contains,https://resdac.org/cms-data/variables/mental-health-diagnosis-indicator,data/raw/html/variable_page/36f04299040d001f241a3fdf3766e7bf53465b0d.html,,taf-lt__data-documentation__68204238c2__chunk_8
taf-lt,taf-lt__var__ip-mh-txnmy-ind,contains,https://resdac.org/cms-data/variables/mental-health-provider-taxonomy-indicator,data/raw/html/variable_page/704c87c23ab574ff7bbc0ab9961f2d29c0189bbf.html,,taf-lt__data-documentation__68204238c2__chunk_11
taf-lt,taf-lt__var__ip-sud-dgns-ind,contains,https://resdac.org/cms-data/variables/substance-use-disorder-diagnosis-indicator,data/raw/html/variable_page/2fed61802c73087587e6ad69dafdad8c2784d4c8.html,,taf-lt__data-documentation__68204238c2__chunk_8
taf-lt,taf-lt__var__ip-sud-txnmy-ind,contains,https://resdac.org/cms-data/variables/substance-use-disorder-provider-taxonomy-indicator,data/raw/html/variable_page/97fb9299fcf1604181197d9b918ae42c5af9bd35.html,,taf-lt__data-documentation__68204238c2__chunk_11
taf-lt,taf-lt__var__leave-days,contains,https://resdac.org/cms-data/variables/count-days-during-medicaid-coverage-period-patient-was-not-residing-ltc,data/raw/html/variable_page/5d6c99f74a1b1376e0f2cb310c8d45c51a951940.html,,taf-lt__data-documentation__68204238c2__chunk_13
taf-lt,taf-lt__var__lt-fil-dt,contains,https://resdac.org/cms-data/variables/long-term-file-date-represents-year-and-month-reporting-period,data/raw/html/variable_page/62abcb6cd04a7c0ad92ea57a0cd7ed95edfa32ad.html,,taf-lt__data-documentation__68204238c2__chunk_19
taf-lt,taf-lt__var__lt-vrsn,contains,https://resdac.org/cms-data/variables/long-term-version-representing-iteration-file,data/raw/html/variable_page/3c700b8179d188065845810ea88db16e475cc696.html,,taf-lt__data-documentation__68204238c2__chunk_18
taf-lt,taf-lt__var__mc-plan-id,contains,https://resdac.org/cms-data/variables/managed-care-plan-identification-number,data/raw/html/variable_page/1a4aa4bc1f409829ccbe6a9327edd1dec134ad42.html,,taf-lt__data-documentation__68204238c2__chunk_3
taf-lt,taf-lt__var__mdcd-acmdtn-pd-amt,contains,https://resdac.org/cms-data/variables/medicaid-amount-paid-all-accommodation-room-and-board-revenue-lines,data/raw/html/variable_page/15159a81c87e1e1f5d18002697d737425fd9883a.html,,taf-lt__data-documentation__68204238c2__chunk_15
taf-lt,taf-lt__var__mdcd-alowd-amt,contains,https://resdac.org/cms-data/variables/total-medicaid-allowed-amount,data/raw/html/variable_page/6ee1942adfd4b95458bbb094e60f8b45ff3c4f0d.html,,taf-lt__data-documentation__68204238c2__chunk_14
taf-lt,taf-lt__var__mdcd-anclry-pd-amt,contains,https://resdac.org/cms-data/variables/medicaid-amount-paid-all-ancillary-non-room-board-revenue-lines,data/raw/html/variable_page/0f627296018c9f39f95f8d8dd808f1d83a1e12b2.html,,taf-lt__data-documentation__68204238c2__chunk_15
taf-lt,taf-lt__var__mdcd-pd-amt,contains,https://resdac.org/cms-data/variables/total-amount-paid-medicaid,data/raw/html/variable_page/8362643aa774cdf8f85073b1df1c3bd8446ba63d.html,,taf-lt__data-documentation__68204238c2__chunk_14
taf-lt,taf-lt__var__mdcd-pd-dt,contains,https://resdac.org/cms-data/variables/medicaid-paid-date,data/raw/html/variable_page/be8b42dfe5fd430c8c69de1378ac12edef601e2a.html,,taf-lt__data-documentation__68204238c2__chunk_1
taf-lt,taf-lt__var__mdcr-cmbnd-ddctbl-ind,contains,https://resdac.org/cms-data/variables/medicare-combined-deductible-and-coinsurance-indicator,data/raw/html/variable_page/150d90947e0dc88fe85ac48ad9e4bc1f50d09506.html,,taf-lt__data-documentation__68204238c2__chunk_16
taf-lt,taf-lt__var__mdcr-coinsrnc-pd-amt,contains,https://resdac.org/cms-data/variables/total-medicare-coinsurance-amount,data/raw/html/variable_page/c868929f04547951d3f1a64937911a1335232f43.html,,taf-lt__data-documentation__68204238c2__chunk_15
taf-lt,taf-lt__var__mdcr-ddctbl-pd-amt,contains,https://resdac.org/cms-data/variables/total-medicare-deductible-amount,data/raw/html/variable_page/c661807b5fbe5d41cebc678d94451b09ec73beb6.html,,taf-lt__data-documentation__68204238c2__chunk_15
taf-lt,taf-lt__var__mdcr-pd-amt,contains,https://resdac.org/cms-data/variables/medicare-paid-amount,data/raw/html/variable_page/519b2939c623b4216f310bcdfba2e4b483118f2a.html,,taf-lt__data-documentation__68204238c2__chunk_15
taf-lt,taf-lt__var__mdcr-reimbrsmt-type-cd,contains,https://resdac.org/cms-data/variables/medicare-reimbursement-type-code,data/raw/html/variable_page/be1d8c25872d98b170635737dab118dfd9510847.html,,taf-lt__data-documentation__68204238c2__chunk_16
taf-lt,taf-lt__var__msis-id,contains,https://resdac.org/cms-data/variables/encrypted-state-assigned-beneficiary-unique-identifier,data/raw/html/variable_page/97095d300859bda5b47093a7ff598026f2ecdba4.html,,taf-lt__data-documentation__68204238c2__chunk_0
taf-lt,taf-lt__var__ncvrd-chrg-amt,contains,https://resdac.org/cms-data/variables/non-covered-charges-amount,data/raw/html/variable_page/88326a3e82b4d0d84025036734036234e90b068b.html,,taf-lt__data-documentation__68204238c2__chunk_14
taf-lt,taf-lt__var__ncvrd-days,contains,https://resdac.org/cms-data/variables/medicaid-non-covered-days-count,data/raw/html/variable_page/138e775d51e49d027adb3a74d1b7786c0096bfec.html,,taf-lt__data-documentation__68204238c2__chunk_11
taf-lt,taf-lt__var__othr-insrnc-ind,contains,https://resdac.org/cms-data/variables/indicator-insured-covered-another-plan-not-medicare-or-medicaid,data/raw/html/variable_page/b6d2f90986ea928747aee9ea46d1cc647908ce15.html,,taf-lt__data-documentation__68204238c2__chunk_3
taf-lt,taf-lt__var__othr-insrnc-pd-amt,contains,https://resdac.org/cms-data/variables/total-other-medicare-or-medicaid-insurance-paid-amount,data/raw/html/variable_page/b4153ee7b70e5092c7bba273ca27732eca12a373.html,,taf-lt__data-documentation__68204238c2__chunk_17
taf-lt,taf-lt__var__othr-tp-clctn-cd,contains,https://resdac.org/cms-data/variables/other-third-party-collection-code,data/raw/html/variable_page/1ced2dbae588b9ba6ec50c7ae4724096960cbd10.html,,taf-lt__data-documentation__68204238c2__chunk_18
taf-lt,taf-lt__var__pgm-type-cd,contains,https://resdac.org/cms-data/variables/program-type-code,data/raw/html/variable_page/bbb29400de904216306649e336e7c738741e1653.html,,taf-lt__data-documentation__68204238c2__chunk_3
taf-lt,taf-lt__var__prsn-clm-ind,contains,https://resdac.org/cms-data/variables/indicator-claim-person,data/raw/html/variable_page/b5f4085c0d43de993d486743ebe011d671f9b8c2.html,,taf-lt__data-documentation__68204238c2__chunk_2
taf-lt,taf-lt__var__prvdr-lctn-cd,contains,https://resdac.org/cms-data/variables/provider-location-code,data/raw/html/variable_page/f5590a629b76fd70ee98d0cfe524ab8af3403c4a.html,,taf-lt__data-documentation__68204238c2__chunk_11
taf-lt,taf-lt__var__ptnt-dschrg-stus-cd,contains,https://resdac.org/cms-data/files/taf-lt/data-documentation,data/raw/html/documentation_page/68204238c286253d5e458f05aef7dfde120d87fd.html,,taf-lt__data-documentation__68204238c2__chunk_2
taf-lt,taf-lt__var__pymt-lvl-ind,contains,https://resdac.org/cms-data/variables/payment-level-indicator-header-or-line,data/raw/html/variable_page/3d00642490b2d64cfea18c3f450d567169fd5b66.html,,taf-lt__data-documentation__68204238c2__chunk_14
taf-lt,taf-lt__var__rfrg-prvdr-id,contains,https://resdac.org/cms-data/variables/referring-provider-identification-number,data/raw/html/variable_page/5e9f37b6ed9352866792ed841a0e5364ff3d32df.html,,taf-lt__data-documentation__68204238c2__chunk_10
taf-lt,taf-lt__var__rfrg-prvdr-npi,contains,https://resdac.org/cms-data/variables/referring-provider-npi,data/raw/html/variable_page/cb09eb7c29a6973182e49757e43bb359fe8f39b7.html,,taf-lt__data-documentation__68204238c2__chunk_10
taf-lt,taf-lt__var__rfrg-prvdr-spclty-cd,contains,https://resdac.org/cms-data/variables/referring-provider-specialty-code,data/raw/html/variable_page/023a3c6e37b86824bb080096e9657910cd987994.html,,taf-lt__data-documentation__68204238c2__chunk_11
taf-lt,taf-lt__var__rfrg-prvdr-type-cd,contains,https://resdac.org/cms-data/variables/referring-provider-type-code,data/raw/html/variable_page/31ff07ca5af4e09bde447986dc32e454ee39a5e1.html,,taf-lt__data-documentation__68204238c2__chunk_10
taf-lt,taf-lt__var__sect-1115a-demo-ind,contains,https://resdac.org/cms-data/variables/1115a-demonstration-participation-indicator,data/raw/html/variable_page/380c61e56a10da36869c284b7c8506211e5c72b6.html,,taf-lt__data-documentation__68204238c2__chunk_3
taf-lt,taf-lt__var__split-clm-ind,contains,https://resdac.org/cms-data/variables/split-claim-indicator,data/raw/html/variable_page/a9896787f2bfb1c9a1214065f80f66f5e8519236.html,,taf-lt__data-documentation__68204238c2__chunk_1
taf-lt,taf-lt__var__srvc-bgn-dt,contains,https://resdac.org/cms-data/variables/claim-beginning-date-service,data/raw/html/variable_page/a390a148fe23a947400572eb4cc73ec56796b435.html,,taf-lt__data-documentation__68204238c2__chunk_4
taf-lt,taf-lt__var__srvc-end-dt,contains,https://resdac.org/cms-data/variables/identifies-date-field-used-populate-srvcenddt,data/raw/html/variable_page/860a1dbd98b4817ff436b7be602f82bc1fea668e.html,,taf-lt__data-documentation__68204238c2__chunk_4
taf-lt,taf-lt__var__srvc-end-dt-cd,contains,https://resdac.org/cms-data/files/taf-lt/data-documentation,data/raw/html/documentation_page/68204238c286253d5e458f05aef7dfde120d87fd.html,,taf-lt__data-documentation__68204238c2__chunk_4
taf-lt,taf-lt__var__srvc-trkng-pymt-amt,contains,https://resdac.org/cms-data/variables/service-tracking-payment-amount,data/raw/html/variable_page/ad5dc21d87eeeb45cbfb00bff904073a001a7d7d.html,,taf-lt__data-documentation__68204238c2__chunk_13
taf-lt,taf-lt__var__srvc-trkng-type-cd,contains,https://resdac.org/cms-data/variables/service-tracking-type-code,data/raw/html/variable_page/59d689f61056daa39ab4b3770cfae6af10fc2271.html,,taf-lt__data-documentation__68204238c2__chunk_2
taf-lt,taf-lt__var__state-cd,contains,https://resdac.org/cms-data/variables/submitting-state-alpha-abbreviation,data/raw/html/variable_page/88f3f43ad936f20fedfbe463595fa86d1ce93a6d.html,,taf-lt__data-documentation__68204238c2__chunk_0
taf-lt,taf-lt__var__submtg-state-cd,contains,https://resdac.org/cms-data/variables/submitting-state-fips-code,data/raw/html/variable_page/5758349ebbcec624c42da9cbc9b96f06e6e90f80.html,,taf-lt__data-documentation__68204238c2__chunk_0
taf-lt,taf-lt__var__tmsis-run-id,contains,https://resdac.org/cms-data/variables/tmsis-state-data-processing-run-identifier,data/raw/html/variable_page/fba24a366cb63d2a73fbd529a24756570d093daf.html,,taf-lt__data-documentation__68204238c2__chunk_18
taf-lt,taf-lt__var__tp-coinsrnc-pd-amt,contains,https://resdac.org/cms-data/variables/third-party-coinsurance-paid-amount,data/raw/html/variable_page/210849a3908da5d8800404698203d45d569578d1.html,,taf-lt__data-documentation__68204238c2__chunk_17
taf-lt,taf-lt__var__tp-copay-pd-amt,contains,https://resdac.org/cms-data/variables/third-party-copayment-paid-amount,data/raw/html/variable_page/02adc02223af48b5f8c156785a0da278558edd2c.html,,taf-lt__data-documentation__68204238c2__chunk_17
taf-lt,taf-lt__var__tp-pd-amt,contains,https://resdac.org/cms-data/variables/total-third-party-liability-paid-amount,data/raw/html/variable_page/fda2b8324631b7f14019b74992cea2fb494f50c4.html,,taf-lt__data-documentation__68204238c2__chunk_17
taf-lt,taf-lt__var__wvr-id,contains,https://resdac.org/cms-data/variables/waiver-identification-number,data/raw/html/variable_page/c00e24a30502aaace77bd9cac4224ac062a5d477.html,,taf-lt__data-documentation__68204238c2__chunk_3
taf-lt,taf-lt__var__wvr-type-cd,contains,https://resdac.org/cms-data/variables/waiver-type-code,data/raw/html/variable_page/6adf5c7f202e3976bb7b20c0a9737da699a4f311.html,,taf-lt__data-documentation__68204238c2__chunk_3
vm-npi-practice,vm-npi-practice__var__bill-und-prac,contains,https://resdac.org/cms-data/variables/identified-billings,data/raw/html/variable_page/a373525e5c04db99f2f70e7e37f7322aa1feed26.html,,vm-npi-practice__data-documentation__3e45e39656__chunk_2
vm-npi-practice,vm-npi-practice__var__ep-avoided-pay-adj,contains,https://resdac.org/cms-data/variables/avoided-2018-pqrs-payment-adjustment,data/raw/html/variable_page/8e950de8d1ddebbaee286dec7564f79a396245b3.html,,vm-npi-practice__data-documentation__3e45e39656__chunk_2
vm-npi-practice,vm-npi-practice__var__hcfa-specialty,contains,https://resdac.org/cms-data/variables/specialty-designation,data/raw/html/variable_page/363db8d686bd89ed8db92989bf525881f92ad876.html,,vm-npi-practice__data-documentation__3e45e39656__chunk_1
vm-npi-practice,vm-npi-practice__var__last-clm-date,contains,https://resdac.org/cms-data/variables/date-last-medicare-part-b-claim-billed-under-practice,data/raw/html/variable_page/972b0e67a5ac157ccb31c31e866a40e93611364a.html,,vm-npi-practice__data-documentation__3e45e39656__chunk_2
vm-npi-practice,vm-npi-practice__var__lst-in-pecos,contains,https://resdac.org/cms-data/variables/identified-pecos,data/raw/html/variable_page/c122f0d3f5d0bee78552147cb114f7340fbaebaf.html,,vm-npi-practice__data-documentation__3e45e39656__chunk_2
vm-npi-practice,vm-npi-practice__var__nonphys-vm-exempt,contains,https://resdac.org/cms-data/variables/nonphysician-eligible-professional-not-subject-2018-value-modifier,data/raw/html/variable_page/5429c3c81d05e50e8f9a4b9bff5c0ce03ce4554f.html,,vm-npi-practice__data-documentation__3e45e39656__chunk_1
vm-npi-practice,vm-npi-practice__var__np-pa-cns-crna,contains,https://resdac.org/cms-data/variables/nonphysican-eligible-professional-subject-2018-value-modifier,data/raw/html/variable_page/a95c92253cb0a0d393160b428ff2c05e5286bf27.html,,vm-npi-practice__data-documentation__3e45e39656__chunk_1
vm-npi-practice,vm-npi-practice__var__perf-npi,contains,https://resdac.org/cms-data/variables/npi,data/raw/html/variable_page/0a7980dffa370edeb50595de4e03cd0856da643e.html,,vm-npi-practice__data-documentation__3e45e39656__chunk_1
vm-npi-practice,vm-npi-practice__var__practice-id,contains,https://resdac.org/cms-data/variables/unique-identifier-practice,data/raw/html/variable_page/017f2a7bd1df4be7411950250189df4fdc0add1e.html,,vm-npi-practice__data-documentation__3e45e39656__chunk_1
vm-npi-practice,vm-npi-practice__var__prvdr-name,contains,https://resdac.org/cms-data/variables/name-provider,data/raw/html/variable_page/a7461cf31352c5b22c7b73f12b04643270a85793.html,,vm-npi-practice__data-documentation__3e45e39656__chunk_1
